--
-- PostgreSQL database dump
--

-- Dumped from database version 16.4 (Debian 16.4-1.pgdg120+1)
-- Dumped by pg_dump version 16.4 (Debian 16.4-1.pgdg120+1)

SET statement_timeout = 0;
SET lock_timeout = 0;
SET idle_in_transaction_session_timeout = 0;
SET client_encoding = 'UTF8';
SET standard_conforming_strings = on;
SELECT pg_catalog.set_config('search_path', '', false);
SET check_function_bodies = false;
SET xmloption = content;
SET client_min_messages = warning;
SET row_security = off;

--
-- Name: game; Type: SCHEMA; Schema: -; Owner: postgres
--

CREATE SCHEMA game;


ALTER SCHEMA game OWNER TO postgres;

--
-- Name: movie; Type: SCHEMA; Schema: -; Owner: postgres
--

CREATE SCHEMA movie;


ALTER SCHEMA movie OWNER TO postgres;

--
-- Name: recipe; Type: SCHEMA; Schema: -; Owner: postgres
--

CREATE SCHEMA recipe;


ALTER SCHEMA recipe OWNER TO postgres;

--
-- Name: tv; Type: SCHEMA; Schema: -; Owner: postgres
--

CREATE SCHEMA tv;


ALTER SCHEMA tv OWNER TO postgres;

--
-- Name: pg_stat_statements; Type: EXTENSION; Schema: -; Owner: -
--

CREATE EXTENSION IF NOT EXISTS pg_stat_statements WITH SCHEMA public;


--
-- Name: EXTENSION pg_stat_statements; Type: COMMENT; Schema: -; Owner: 
--

COMMENT ON EXTENSION pg_stat_statements IS 'track planning and execution statistics of all SQL statements executed';


SET default_tablespace = '';

SET default_table_access_method = heap;

--
-- Name: game; Type: TABLE; Schema: game; Owner: postgres
--

CREATE TABLE game.game (
    game_id bigint NOT NULL,
    cover character varying,
    name character varying,
    rating double precision,
    rating_count integer,
    url character varying,
    release_year integer
);


ALTER TABLE game.game OWNER TO postgres;

--
-- Name: game_details; Type: TABLE; Schema: game; Owner: postgres
--

CREATE TABLE game.game_details (
    id bigint NOT NULL,
    game_id bigint,
    language character varying,
    summary character varying
);


ALTER TABLE game.game_details OWNER TO postgres;

--
-- Name: game_details_id_seq; Type: SEQUENCE; Schema: game; Owner: postgres
--

CREATE SEQUENCE game.game_details_id_seq
    START WITH 1
    INCREMENT BY 1
    NO MINVALUE
    NO MAXVALUE
    CACHE 1;


ALTER SEQUENCE game.game_details_id_seq OWNER TO postgres;

--
-- Name: movie; Type: TABLE; Schema: movie; Owner: postgres
--

CREATE TABLE movie.movie (
    movie_id bigint NOT NULL,
    release_date date,
    year smallint,
    runtime smallint,
    rate real,
    credits json,
    url_path character varying
);


ALTER TABLE movie.movie OWNER TO postgres;

--
-- Name: movie_details; Type: TABLE; Schema: movie; Owner: postgres
--

CREATE TABLE movie.movie_details (
    id bigint NOT NULL,
    movie_id bigint NOT NULL,
    language character varying(4) NOT NULL,
    title character varying NOT NULL,
    overview character varying NOT NULL,
    poster_path character varying NOT NULL
);


ALTER TABLE movie.movie_details OWNER TO postgres;

--
-- Name: movie_details_id_seq; Type: SEQUENCE; Schema: movie; Owner: postgres
--

CREATE SEQUENCE movie.movie_details_id_seq
    START WITH 1
    INCREMENT BY 1
    NO MINVALUE
    NO MAXVALUE
    CACHE 1;


ALTER SEQUENCE movie.movie_details_id_seq OWNER TO postgres;

--
-- Name: movie_details_id_seq; Type: SEQUENCE OWNED BY; Schema: movie; Owner: postgres
--

ALTER SEQUENCE movie.movie_details_id_seq OWNED BY movie.movie_details.id;


--
-- Name: recipe; Type: TABLE; Schema: recipe; Owner: postgres
--

CREATE TABLE recipe.recipe (
    recipe_id bigint NOT NULL,
    image character varying,
    ready_in_minutes integer,
    servings integer,
    url character varying
);


ALTER TABLE recipe.recipe OWNER TO postgres;

--
-- Name: recipe_details; Type: TABLE; Schema: recipe; Owner: postgres
--

CREATE TABLE recipe.recipe_details (
    id bigint NOT NULL,
    language character varying,
    recipe_id bigint,
    summary character varying,
    title character varying
);


ALTER TABLE recipe.recipe_details OWNER TO postgres;

--
-- Name: recipe_details_id_seq; Type: SEQUENCE; Schema: recipe; Owner: postgres
--

CREATE SEQUENCE recipe.recipe_details_id_seq
    START WITH 1
    INCREMENT BY 1
    NO MINVALUE
    NO MAXVALUE
    CACHE 1;


ALTER SEQUENCE recipe.recipe_details_id_seq OWNER TO postgres;

--
-- Name: tv; Type: TABLE; Schema: tv; Owner: postgres
--

CREATE TABLE tv.tv (
    tv_id bigint NOT NULL,
    release_date date,
    year smallint,
    number_of_episodes smallint,
    number_of_seasons smallint,
    rate real,
    credits json,
    url_path character varying
);


ALTER TABLE tv.tv OWNER TO postgres;

--
-- Name: tv_details; Type: TABLE; Schema: tv; Owner: postgres
--

CREATE TABLE tv.tv_details (
    id bigint NOT NULL,
    tv_id bigint NOT NULL,
    language character varying(4) NOT NULL,
    title character varying NOT NULL,
    overview character varying NOT NULL,
    poster_path character varying NOT NULL
);


ALTER TABLE tv.tv_details OWNER TO postgres;

--
-- Name: tv_details_id_seq; Type: SEQUENCE; Schema: tv; Owner: postgres
--

CREATE SEQUENCE tv.tv_details_id_seq
    START WITH 1
    INCREMENT BY 1
    NO MINVALUE
    NO MAXVALUE
    CACHE 1;


ALTER SEQUENCE tv.tv_details_id_seq OWNER TO postgres;

--
-- Name: tv_details_id_seq; Type: SEQUENCE OWNED BY; Schema: tv; Owner: postgres
--

ALTER SEQUENCE tv.tv_details_id_seq OWNED BY tv.tv_details.id;


--
-- Name: movie_details id; Type: DEFAULT; Schema: movie; Owner: postgres
--

ALTER TABLE ONLY movie.movie_details ALTER COLUMN id SET DEFAULT nextval('movie.movie_details_id_seq'::regclass);


--
-- Name: tv_details id; Type: DEFAULT; Schema: tv; Owner: postgres
--

ALTER TABLE ONLY tv.tv_details ALTER COLUMN id SET DEFAULT nextval('tv.tv_details_id_seq'::regclass);


--
-- Data for Name: game; Type: TABLE DATA; Schema: game; Owner: postgres
--

COPY game.game (game_id, cover, name, rating, rating_count, url, release_year) FROM stdin;
47530	co600u	The Legend of Zelda: Ocarina of Time 3D	91.36218019198398	390	https://www.igdb.com/games/the-legend-of-zelda-ocarina-of-time-3d	2011
47539	co1xii	Assassin's Creed III	77.44232064343174	1201	https://www.igdb.com/games/assassin-s-creed-iii	2012
47545	co1rbu	Tomb Raider	83.27365398585445	1921	https://www.igdb.com/games/tomb-raider--2	2013
47550	co4qfn	Assassin's Creed IV Black Flag	83.74376722083412	1413	https://www.igdb.com/games/assassins-creed-iv-black-flag	2013
47557	co1r7f	The Last of Us	92.46041583186334	2549	https://www.igdb.com/games/the-last-of-us	2013
47558	co2xlq	Escape from Tarkov	37.61447013117938	84	https://www.igdb.com/games/escape-from-tarkov	2017
47562	co1nyd	Command & Conquer: Generals	80.37507212213795	196	https://www.igdb.com/games/command-conquer-generals	2003
47565	co1rbj	What Remains of Edith Finch	85.43096806188521	767	https://www.igdb.com/games/what-remains-of-edith-finch	2017
47570	co20li	Command & Conquer: Red Alert 2 - Yuri's Revenge	81.66883907277298	114	https://www.igdb.com/games/command-and-conquer-red-alert-2-yuris-revenge	2001
47572	co20kb	Command & Conquer 4: Tiberian Twilight	51.41954075407359	37	https://www.igdb.com/games/command-conquer-4-tiberian-twilight	2010
47573	co1mw8	American Truck Simulator	81.15648323140806	69	https://www.igdb.com/games/american-truck-simulator	2016
47575	co1n7i	F1 2019	83.93168404587658	49	https://www.igdb.com/games/f1-2019	2019
47577	co7et5	Euro Truck Simulator 2	83.70825846494151	272	https://www.igdb.com/games/euro-truck-simulator-2	2012
47579	co1zv1	Command & Conquer 3: Kane's Wrath	78.1381291755993	52	https://www.igdb.com/games/command-conquer-3-kane-s-wrath	2008
47583	co1tnt	Half-Life	84.3898163128974	2154	https://www.igdb.com/games/half-life	1998
47585	co3m4l	Command & Conquer: Red Alert 3	74.71432894215872	182	https://www.igdb.com/games/command-conquer-red-alert-3	2008
47586	co20k7	Command & Conquer: Tiberian Sun - Firestorm	83.998492566933	40	https://www.igdb.com/games/command-and-conquer-tiberian-sun-firestorm	2000
47589	co2345	Command & Conquer: Red Alert 2	88.44965904603083	337	https://www.igdb.com/games/command-conquer-red-alert-2	2000
47590	co21c0	Wolfenstein: The New Order	79.49991141596055	1055	https://www.igdb.com/games/wolfenstein-the-new-order	2014
47591	co1qq5	Amnesia: The Dark Descent	83.74300143626145	400	https://www.igdb.com/games/amnesia-the-dark-descent	2010
47592	co1nxm	Command & Conquer: Tiberian Sun	82.22416379634868	125	https://www.igdb.com/games/command-conquer-tiberian-sun	1999
47594	co21fq	Agatha Christie: The ABC Murders	67.20491791957103	36	https://www.igdb.com/games/agatha-christie-the-abc-murders--1	2016
47598	co2nul	Assassin's Creed Odyssey	84.89076996537062	684	https://www.igdb.com/games/assassins-creed-odyssey	2018
47599	co2on1	Crysis	82.62350807091762	628	https://www.igdb.com/games/crysis	2007
47600	co2on2	Crysis 2	81.97743878257438	519	https://www.igdb.com/games/crysis-2	2011
47601	co1mx3	Cities: Skylines	78.55329633574176	547	https://www.igdb.com/games/cities-skylines	2015
47602	co2on3	Crysis 3	74.26377496832484	334	https://www.igdb.com/games/crysis-3	2013
47603	co6f8q	Emily is Away	66.49970372628746	117	https://www.igdb.com/games/emily-is-away	2015
47606	co1xr3	Emily is Away <3	70.67520214151544	13	https://www.igdb.com/games/emily-is-away-3	2021
47607	co2on4	Crysis Warhead	75.99295279187378	205	https://www.igdb.com/games/crysis-warhead	2008
47608	co24r9	Emily Is Away Too	78.6804154224864	50	https://www.igdb.com/games/emily-is-away-too	2017
47609	co1srp	Dirt Rally	83.54212733757356	125	https://www.igdb.com/games/dirt-rally	2015
47624	co24ml	Chuchel	78.01006464051738	43	https://www.igdb.com/games/chuchel	2018
47626	co1qri	Just Cause 2	81.3249520530754	402	https://www.igdb.com/games/just-cause-2	2010
47627	co4aqi	Kingdom Come: Deliverance	76.47923623745909	280	https://www.igdb.com/games/kingdom-come-deliverance	2018
47628	co1r8e	Life is Strange	80.94519417516953	1510	https://www.igdb.com/games/life-is-strange	2015
47630	co2a20	Soma	82.0226250676729	522	https://www.igdb.com/games/soma	2015
47631	co1ypl	Tom Clancy's Splinter Cell: Conviction	80.90801037840879	282	https://www.igdb.com/games/tom-clancy-s-splinter-cell-conviction	2010
47632	co1m35	Firewatch	79.18244889690861	894	https://www.igdb.com/games/firewatch	2016
47633	co1ygp	Tom Clancy's Splinter Cell: Blacklist	80.35078531232915	286	https://www.igdb.com/games/tom-clancy-s-splinter-cell-blacklist	2013
47635	co1qrs	Limbo	82.6389646505848	1283	https://www.igdb.com/games/limbo	2010
47639	co1yi1	Tom Clancy's Splinter Cell: Pandora Tomorrow	80.17206384057627	206	https://www.igdb.com/games/tom-clancy-s-splinter-cell-pandora-tomorrow	2004
47643	co2s5q	Until Dawn	79.89387180422659	590	https://www.igdb.com/games/until-dawn	2015
47644	co1ypg	Tom Clancy's Splinter Cell: Double Agent	77.5754688953061	163	https://www.igdb.com/games/tom-clancy-s-splinter-cell-double-agent	2006
47646	co2fca	Inside	89.29881354532915	1330	https://www.igdb.com/games/inside	2016
47649	co3wl7	F1 2018	79.44081598853398	43	https://www.igdb.com/games/f1-2018	2018
47650	co1qrt	Mafia	74.94986812432289	1087	https://www.igdb.com/games/mafia	2002
47656	co2mll	Mafia III	67.5345991521016	396	https://www.igdb.com/games/mafia-iii	2016
47657	co1yc6	Fallout 4	82.35719825651154	1335	https://www.igdb.com/games/fallout-4	2015
47660	co2q4b	F1 2016	80.05484585712522	35	https://www.igdb.com/games/f1-2016	2016
47661	co1u60	Fallout: New Vegas	84.42085827924797	1707	https://www.igdb.com/games/fallout-new-vegas	2010
47662	co237a	F1 2017	82.76797009134145	41	https://www.igdb.com/games/f1-2017	2017
47664	co2ysx	Tom Clancy's Splinter Cell: Chaos Theory	81.18635954808238	276	https://www.igdb.com/games/tom-clancy-s-splinter-cell-chaos-theory	2005
47666	co20ig	Command & Conquer: Renegade	64.70887223045878	73	https://www.igdb.com/games/command-conquer-renegade	2002
47667	co28g8	The Bureau: XCOM Declassified	64.11895768017321	92	https://www.igdb.com/games/the-bureau-xcom-declassified	2013
47672	co4kpk	DNF Duel	85	4	https://www.igdb.com/games/dnf-duel	2022
47674	co2ysy	Tom Clancy's Splinter Cell	83.77771239497267	341	https://www.igdb.com/games/tom-clancy-s-splinter-cell	2002
47675	co1mzh	F1 2015	66.17731080600848	37	https://www.igdb.com/games/f1-2015	2015
47676	co3q2v	Nephise: Ascension	70	0	https://www.igdb.com/games/nephise-ascension	2018
47677	co1y8y	Mount & Blade: Warband	77.26873150681736	310	https://www.igdb.com/games/mount-blade-warband	2010
47678	co2w7n	Lost Planet 3	63.52434796511166	45	https://www.igdb.com/games/lost-planet-3	2013
47681	co3s5l	Payday 2	74.06852850672809	385	https://www.igdb.com/games/payday-2	2013
47682	co6g3a	F1 23	87.8	7	https://www.igdb.com/games/f1-23	2023
47683	co2egl	Mount & Blade	69.13588823465233	104	https://www.igdb.com/games/mount-blade	2008
47684	co6kqt	Among Us	77.13500531051844	347	https://www.igdb.com/games/among-us	2018
47685	co1x7d	Portal	83.40628291528847	2894	https://www.igdb.com/games/portal	2007
47686	co4kxq	LEGO Bricktales	66.97209302325581	13	https://www.igdb.com/games/lego-bricktales	2022
47689	co27mn	Musynx	32.11997008208574	7	https://www.igdb.com/games/musynx	2015
47692	co5zgp	Perish	80	1	https://www.igdb.com/games/perish	2023
47694	co53b6	The Mortuary Assistant	79.27507999211002	16	https://www.igdb.com/games/the-mortuary-assistant	2022
47697	co5bh3	Trinity Fusion	85	1	https://www.igdb.com/games/trinity-fusion	2023
47698	co4ehj	Sniper Elite 5	75.47046881629193	34	https://www.igdb.com/games/sniper-elite-5	2022
47699	co1rs4	Portal 2	92.11756438215741	3209	https://www.igdb.com/games/portal-2	2011
47702	co1rqa	Rise of the Tomb Raider	84.36064398984456	1048	https://www.igdb.com/games/rise-of-the-tomb-raider	2015
47704	co1t5o	Phageborn Online Card Game	70	0	https://www.igdb.com/games/phageborn-online-card-game	2020
47706	co4k8e	PC Building Simulator 2	70	1	https://www.igdb.com/games/pc-building-simulator-2	2022
47709	co45g0	Lost Planet: Extreme Condition	72.21946337748611	86	https://www.igdb.com/games/lost-planet-extreme-condition	2006
47710	co5s2b	Steelrising: Cagliostro's Secrets	70	1	https://www.igdb.com/games/steelrising-cagliostros-secrets	2022
47713	co48sm	Togges	75	1	https://www.igdb.com/games/togges	2022
47715	co6qox	Somerville	70.96663880731634	42	https://www.igdb.com/games/somerville	2022
47716	co1vca	A Way Out	76.80534553411833	411	https://www.igdb.com/games/a-way-out	2018
47717	co20f2	Nira	70	0	https://www.igdb.com/games/nira	2020
47718	co1qy6	Assassin's Creed Chronicles: China	70.18875524835542	109	https://www.igdb.com/games/assassins-creed-chronicles-china--1	2015
47720	co50kv	Fallout 2	89.70285793775454	660	https://www.igdb.com/games/fallout-2	1998
47724	co4v5c	Scorn	68.1129789489543	73	https://www.igdb.com/games/scorn	2022
47725	co62kn	A Space for the Unbound	71.24081229840314	13	https://www.igdb.com/games/a-space-for-the-unbound	2023
47727	co2fzb	The Shapeshifting Detective	69.98626432133042	12	https://www.igdb.com/games/the-shapeshifting-detective	2018
47729	co1ybr	Fallout Tactics: Brotherhood of Steel	70.23499565206812	81	https://www.igdb.com/games/fallout-tactics-brotherhood-of-steel	2001
47730	co5pd0	Dishonored 2	85.66000404920567	591	https://www.igdb.com/games/dishonored-2	2016
47732	co1vcn	Shadow of the Tomb Raider	78.90970620196325	470	https://www.igdb.com/games/shadow-of-the-tomb-raider	2018
47734	co2xnk	Assassin's Creed Chronicles: Trilogy Pack	50.76390209985423	9	https://www.igdb.com/games/assassins-creed-chronicles-trilogy-pack	2016
47735	co4rp1	WRC Generations	80	1	https://www.igdb.com/games/wrc-generations	2022
47736	co5th8	Dead Space	72.85783338222618	12	https://www.igdb.com/games/dead-space--2	2011
47739	co1y9h	Saints Row IV: Re-Elected	76.36225439844132	30	https://www.igdb.com/games/saints-row-iv-re-elected	2015
47741	co1zt9	Rome: Total War	86.63752260002241	262	https://www.igdb.com/games/rome-total-war	2004
47742	co1xbu	Battlefield 3	82.58659168625117	866	https://www.igdb.com/games/battlefield-3	2011
47743	co21dg	Napoleon: Total War	80.4132119834409	78	https://www.igdb.com/games/napoleon-total-war	2010
47744	co1yo2	Warrior Kings	67.5	3	https://www.igdb.com/games/warrior-kings	2002
47746	co214k	Empire: Total War	83.95433225585562	137	https://www.igdb.com/games/empire-total-war	2009
47747	co496y	Bloodshore	65.95628055140422	8	https://www.igdb.com/games/bloodshore	2021
\.


--
-- Data for Name: game_details; Type: TABLE DATA; Schema: game; Owner: postgres
--

COPY game.game_details (id, game_id, language, summary) FROM stdin;
1	47530	EN	The Legend of Zelda: Ocarina of Time 3D is a remake of Ocarina of Time with more up-to-date graphics, streamlined UI and different additional game modes. Most textures are significantly more detailed, and many models are more faithful to the game's concept and promotional art. In addition, the frame rate has been increased to 30 FPS compared to the original's 20 FPS.
2	47530	ES	The Legend of Zelda: Ocarina of Time 3D es un remake de Ocarina of Time con gráficos más actualizados, una interfaz de usuario más simplificada y diferentes modos de juego adicionales. La mayoría de las texturas son considerablemente más detalladas y muchos modelos son más fieles al concepto del juego y al arte promocional. Además, la velocidad de fotogramas se ha aumentado a 30 FPS en comparación con los 20 FPS originales.
3	47539	EN	The American Colonies, 1775. A brave young warrior fights to save his homeland. But what begins as a struggle over territory turns into an extraordinary journey that will transform him into a Master Assassin—and will forever change the destiny of a nation.\n\nYou are Connor, warrior son of a Native American mother and British father. As the colonies draw closer to revolution, you will dedicate your life to the freedom of your clan –becoming the spark that ignites the revolution into full blaze. Your crusade will take you through blood-soaked battlefields to crowded city streets, to perilous wilderness and beyond. You will not only witness history—you will make it.\nWelcome to an entirely new chapter in the Assassin’s Creed saga.
4	47539	ES	Las Colonias Americanas, 1775. Un valiente joven guerrero lucha por salvar su tierra natal. Pero lo que comienza como una lucha por el territorio se convierte en un extraordinario viaje que lo transformará en un Maestro Asesino, y cambiará para siempre el destino de una nación.\n\nTú eres Connor, el hijo guerrero de una madre nativa americana y un padre británico. A medida que las colonias se acercan a la revolución, dedicarás tu vida a la libertad de tu clan, convirtiéndote en la chispa que enciende la revolución en pleno apogeo. Tu cruzada te llevará a campos de batalla empapados de sangre, a concurridas calles de la ciudad, a peligrosas tierras salvajes y más allá. No solo serás testigo de la historia, la harás.\n\nBienvenido a un capítulo completamente nuevo en la saga de Assassin's Creed.
5	47545	EN	Tomb Raider explores the intense and gritty origin story of Lara Croft and her ascent from a young woman to a hardened survivor. Armed only with raw instincts and the ability to push beyond the limits of human endurance, Lara must fight to unravel the dark history of a forgotten island to escape its relentless hold.
6	47545	ES	Tomb Raider explora la intensa y cruda historia de origen de Lara Croft y su ascenso de una joven a una superviviente endurecida. Armada solo con instintos crudos y la capacidad de ir más allá de los límites de la resistencia humana, Lara debe luchar para desentrañar la oscura historia de una isla olvidada y escapar de su implacable dominio.
7	47550	EN	Assassin’s Creed IV Black Flag begins in 1715, when pirates established a lawless republic in the Caribbean and ruled the land and seas. These outlaws paralyzed navies, halted international trade, and plundered vast fortunes. They threatened the power structures that ruled Europe, inspired the imaginations of millions, and left a legacy that still endures.
8	47550	ES	Assassin's Creed IV Black Flag comienza en 1715, cuando los piratas establecieron una república sin ley en el Caribe y gobernaron la tierra y los mares. Estos proscritos paralizaron las armadas, detuvieron el comercio internacional y saquearon vastas fortunas. Amenazaron las estructuras de poder que gobernaban Europa, inspiraron la imaginación de millones y dejaron un legado que aún perdura.
9	47557	EN	A third person shooter/stealth/survival hybrid, in which twenty years after the outbreak of a parasitic fungus which takes over the neural functions of humans, Joel, a Texan with a tragic familial past, finds himself responsible with smuggling a fourteen year old girl named Ellie to a militia group called the Fireflies, while avoiding strict and deadly authorities, infected fungal hosts and other violent survivors.
10	47557	ES	Un híbrido de shooter/stealth/supervivencia en tercera persona, en el cual veinte años después del brote de un hongo parasitario que se apodera de las funciones neurales de los humanos, Joel, un texano con un pasado familiar trágico, se encuentra encargado de contrabandear a una niña de catorce años llamada Ellie hacia un grupo miliciano llamado los Luciérnagas, mientras evita a las estrictas y mortales autoridades, a los huéspedes infectados por el hongo y a otros supervivientes violentos.
11	47558	EN	Escape from Tarkov is a hardcore and realistic online first-person action RPG/Simulator with MMO features and story-driven walkthrough.
12	47558	ES	Escape from Tarkov es un RPG/Simulador de acción en primera persona en línea, duro y realista, con características de MMO y una narrativa impulsada por la historia.
13	47562	EN	Command & Conquer: Generals puts your trigger finger on the pulse of modern warfare. Choose your powerful General to control massive armies of bleeding-edge military weaponry across a globe teetering on the brink of Armageddon.\n\nCommand one of three unique sides, each with customisable high-tech arsenals ready to deliver unprecedented firepower on land or in the skies. Annihilate the opposition in the 27-mission single-player campaign or dish out the damage in global multiplayer mayhem. Prepare your forces, Commander…it’s time to engage in the next generation of real-time strategy - Command & Conquer Generals.
14	47562	ES	Command & Conquer: Generals pone tu dedo en el gatillo del pulso de la guerra moderna. Elige a tu poderoso General para controlar enormes ejércitos de armamento militar de vanguardia en todo el mundo que se tambalea al borde del Armagedón.\n\nComanda uno de los tres bandos únicos, cada uno con arsenales de alta tecnología personalizables listos para desatar un poder de fuego sin precedentes en tierra o en los cielos. Aniquila a la oposición en la campaña para un solo jugador de 27 misiones o inflige daño en el caos multijugador global. Prepara tus fuerzas, Comandante... es hora de embarcarse en la siguiente generación de estrategia en tiempo real: Command & Conquer Generals.
15	47565	EN	What Remains of Edith Finch is a collection of short stories about a cursed family in Washington State.\n\nEach story offers a chance to experience the life of a different family member with stories ranging from the early 1900s to the present day. The gameplay and tone of the stories are as varied as the family members themselves. The only constants are that each is played from a first-person perspective and that each story ends with that family member's death. It's a game about what it feels like to be humbled and astonished by the vast and unknowable world around us.\n\nYou'll follow Edith Finch as she explores the history of her family and tries to figure out why she's the last Finch left alive.
174	47727	ES	El Detective Cambiante es un juego de videojuego FMV de misterio sobrenatural-noir en el que juegas como un detective que puede cambiar de forma en otros personajes, lo que te permite desbloquear conversaciones secretas y encuentros privados.
16	47565	ES	What Remains of Edith Finch es una colección de relatos cortos sobre una familia maldita en el estado de Washington.\n\nCada historia ofrece la oportunidad de experimentar la vida de un miembro de la familia diferente, con historias que abarcan desde principios de 1900 hasta el día de hoy. El juego y el tono de las historias son tan variados como los propios miembros de la familia. Las únicas constantes son que cada historia se juega desde una perspectiva en primera persona y que cada historia termina con la muerte de ese miembro de la familia. Es un juego sobre cómo se siente ser humillado y asombrado por el vasto y desconocido mundo que nos rodea.\n\nSeguirás a Edith Finch mientras explora la historia de su familia e intenta descubrir por qué es la última Finch que queda con vida.
17	47570	EN	The game begins with a presidential briefing in the White House concerning Yuri and how he has begun his take over of the world through mind control. Yuri interrupts the briefing to explain how he plans to take over the world, telling the American President Michael Dugan that he has a network of Psychic Dominators around the world, which he is now beginning to reveal. One of Yuri's Psychic Dominators is on Alcatraz Island in San Francisco, which Yuri activates just before ending his transmission to the White House. The President immediately calls in an airstrike on the device, but all the attacking aircraft were shot down, although one crashes into the nuclear reactor on the island, causing the device to lose power and to not function. Despite this, Yuri activates his other Psychic Dominators around the world and the majority of the planet quickly succumbs to Yuri's mind-control.
18	47570	ES	El juego comienza con una reunión presidencial en la Casa Blanca sobre Yuri y cómo ha comenzado a apoderarse del mundo a través del control mental. Yuri interrumpe la reunión para explicar cómo planea apoderarse del mundo, diciéndole al presidente estadounidense Michael Dugan que tiene una red de Dominadores Psíquicos en todo el mundo, que ahora está empezando a revelar. Uno de los Dominadores Psíquicos de Yuri está en la Isla de Alcatraz en San Francisco, que Yuri activa justo antes de terminar su transmisión a la Casa Blanca. El presidente llama inmediatamente a un ataque aéreo contra el dispositivo, pero todas las aeronaves atacantes son derribadas, aunque una se estrella contra el reactor nuclear de la isla, haciendo que el dispositivo pierda energía y no funcione. A pesar de esto, Yuri activa sus otros Dominadores Psíquicos alrededor del mundo y la mayoría del planeta sucumbe rápidamente al control mental de Yuri.
19	47572	EN	Behold disciples of Nod, for the end is soon upon us. Electronic Arts’ award-winning and best-selling Tiberium saga is coming to a powerful conclusion with Command & Conquer 4, which will introduce a multitude of innovations to the classic fast and fluid Command & Conquer gameplay, while retaining the core compulsions that fans have come to love over the series’ history.\n\nIt is the year 2062 and humanity is at the brink of extinction. Tiberium, the mysterious, alien crystalline structure that has infested Earth for decades and served as the primary reason for years of relentless conflict between the Global Defense Initiative (GDI) and the Brotherhood of Nod, is close to rendering the planet uninhabitable. Mankind is on the verge of extinction when Kane, Nod’s prophetic leader, emerges from seclusion to deliver GDI the message that he has developed a system that could control Tiberium and harness its power. But he cannot build this "Tiberium Control Network" without GDI’s cooperation. Thus, the two opposing factions – GDI and Nod – inevitably find themselves in desperation for the same cause: to stop Tiberium from extinguishing mankind.\n\nAfter 15 years, the network is nearly complete, Tiberium is under strict control and our revitalized, newly terraformed planet is on the cusp of a new age of prosperity and progress. It is then that the world’s citizens begin to seriously ponder why Kane chose to help, and what will he want in return. These questions and more lead to the dramatic final act of the Tiberium saga.\n\nWith a multitude of innovative new features to the fast and fluid C&C gameplay, Command & Conquer 4 offers players an entirely new way to play C&C. An all-in-one mobile base, persistent player progression across all game modes that is constantly updated in a real-time online profile, a 3-class system for each of the two factions, co-operative play, and a 5v5 objective-based multiplayer mode that promotes teamwork and social interaction, make Command & Conquer 4 unlike any other C&C experience.
20	47572	ES	He aquí discípulos de Nod, porque el fin está próximo para nosotros. La galardonada y exitosa saga Tiberium de Electronic Arts llega a una poderosa conclusión con Command & Conquer 4, que introducirá una multitud de innovaciones al clásico y ágil gameplay de Command & Conquer, manteniendo las compulsiones fundamentales que los fans han llegado a amar a lo largo de la historia de la serie.\n\nEs el año 2062 y la humanidad está al borde de la extinción. El Tiberium, la misteriosa y alienígena estructura cristalina que ha infestado la Tierra durante décadas y ha sido la principal razón de años de conflicto implacable entre la Iniciativa de Defensa Global (GDI) y la Hermandad de Nod, está cerca de hacer el planeta inhabitable. La humanidad está al borde de la extinción cuando Kane, el líder profético de Nod, emerge de su reclusión para entregarle a la GDI el mensaje de que ha desarrollado un sistema que podría controlar el Tiberium y aprovechar su poder. Pero él no puede construir esta "Red de Control de Tiberium" sin la cooperación de la GDI. Por lo tanto, las dos facciones opuestas, la GDI y Nod, inevitablemente se encuentran desesperadas por la misma causa: detener al Tiberium de extinguir a la humanidad.\n\nDespués de 15 años, la red está casi completa, el Tiberium está bajo estricto control y nuestro revitalizado y recién terraformado planeta está al borde de una nueva era de prosperidad y progreso. Es entonces cuando los ciudadanos del mundo comienzan a preguntarse seriamente por qué Kane eligió ayudar y qué querrá a cambio. Estas preguntas y más conducen al dramático acto final de la saga Tiberium.\n\nCon una multitud de características innovadoras en el ágil y fluido gameplay de C&C, Command & Conquer 4 ofrece a los jugadores una forma completamente nueva de jugar C&C. Una base móvil todo en uno, progresión persistente del jugador en todos los modos de juego que se actualiza constantemente en un perfil en línea en tiempo real, un sistema de 3 clases para cada una de las dos facciones, juego cooperativo y un modo multijugador basado en objetivos de 5v5 que promueve el trabajo en equipo y la interacción social, hacen de Command & Conquer 4 una experiencia única en comparación con cualquier otra experiencia de C&C.
21	47573	EN	American Truck Simulator puts you in the seat of a driver for hire entering the local freight market, making you work your way up to become an owner-operator, and go on to create one of the largest transportation companies in the United States.
22	47573	ES	American Truck Simulator te pone en el asiento de un conductor contratado que ingresa al mercado de carga local, haciéndote trabajar para llegar a ser un propietario-operador y luego crear una de las mayores compañías de transporte en Estados Unidos.
23	47575	EN	Working in partnership with F1, for the first time ever, players will be able to get behind the wheel of a 2019 regulation car specifically designed in collaboration with F1’s technical team, headed up by Ross Brawn and Pat Symonds. The car, which will be available in Multiplayer, adheres to the 2019 regulations and comes with a range of livery designs offering players a new level of personalization. The 2019 F1 Team liveries will also feature on the car in early marketing materials, but will be replaced by the final Team cars ahead of the game's release.
24	47575	ES	Trabajando en colaboración con F1, por primera vez, los jugadores podrán ponerse al volante de un coche de reglamentación 2019 diseñado específicamente en colaboración con el equipo técnico de F1, liderado por Ross Brawn y Pat Symonds. El coche, que estará disponible en el modo multijugador, cumple con las regulaciones de 2019 y cuenta con una variedad de diseños de librea que ofrecen a los jugadores un nuevo nivel de personalización. Las libreas de los equipos de F1 2019 también aparecerán en el coche en los materiales de marketing iniciales, pero serán reemplazadas por los coches de los equipos finales antes del lanzamiento del juego.
25	47577	EN	Euro Truck Simulator 2 is a vehicle simulation game and a direct sequel to the 2008 game Euro Truck Simulator. Travel across Europe as king of the road, a trucker who delivers important cargo across impressive distances! With dozens of cities to explore from the UK, Belgium, Germany, Italy, the Netherlands, Poland, and many more, your endurance, skill and speed will all be pushed to their limits. If you’ve got what it takes to be part of an elite trucking force, get behind the wheel and prove it!
26	47577	ES	Euro Truck Simulator 2 es un juego de simulación de vehículos y una secuela directa del juego Euro Truck Simulator de 2008. Viaja por toda Europa como el rey de la carretera, ¡un camionero que entrega cargas importantes a distancias impresionantes! Con docenas de ciudades para explorar, desde el Reino Unido, Bélgica, Alemania, Italia, los Países Bajos, Polonia y muchos más, tu resistencia, habilidad y velocidad serán puestos a prueba. Si tienes lo necesario para formar parte de una fuerza de camiones de élite, ¡pon tus manos en el volante y demuéstralo!
27	47579	EN	In the name of Kane! The Command & Conquer series continues to thrive with Command & Conquer 3: Kane’s Wrath. As the expansion pack to the critically-acclaimed and fan favorite, Command & Conquer 3 Tiberium Wars, this Real-time Strategy (RTS) game returns to the Tiberium Universe with Kane at the center of an epic new single player campaign spanning 20 years – from the rebirth of the Brotherhood of Nod after the Second Tiberium War through the dramatic events of the Third Tiberium War and beyond.\n\nThis story will be told through a new set of high-definition, live action video sequences starring a celebrity cast including Joe Kucan, playing the megalomaniac leader of the Brotherhood of Nod, alongside new talent Natasha Henstridge and Carl Lumbly. With your help, Commander, the Dark Messiah may rise again!\n\nUnprecedented Multi-decade Campaign – Kane returns as the centerpiece of an epic new single-player campaign. Experience a new story that spans 20 years – from the rebirth of the Brotherhood of Nod after the Second Tiberium War through the dramatic events of the Third Tiberium War and beyond. Facilitate the rise of the Brotherhood leading up to and beyond the events of Command & Conquer 3 Tiberium Wars
28	47579	ES	¡En el nombre de Kane! La serie Command & Conquer continúa prosperando con Command & Conquer 3: La Ira de Kane. Como el paquete de expansión del aclamado y favorito de los fanáticos Command & Conquer 3: Guerras del Tiberio, este juego de estrategia en tiempo real (RTS) regresa al Universo del Tiberio con Kane en el centro de una nueva y épica campaña para un solo jugador que abarca 20 años, desde el renacimiento de la Hermandad de Nod después de la Segunda Guerra del Tiberio hasta los dramáticos eventos de la Tercera Guerra del Tiberio y más allá.\n\nEsta historia se contará a través de un nuevo conjunto de secuencias de video de alta definición y acción en vivo protagonizadas por un elenco de celebridades que incluye a Joe Kucan, interpretando al líder megalómano de la Hermandad de Nod, junto con nuevos talentos como Natasha Henstridge y Carl Lumbly. ¡Con tu ayuda, Comandante, el Mesías Oscuro puede volver a surgir!\n\nCampaña sin precedentes de varias décadas: Kane regresa como el centro de una nueva campaña para un solo jugador épica. Experimenta una nueva historia que abarca 20 años, desde el renacimiento de la Hermandad de Nod después de la Segunda Guerra del Tiberio hasta los dramáticos eventos de la Tercera Guerra del Tiberio y más allá. Facilita el ascenso de la Hermandad liderando los eventos de Command & Conquer 3: Guerras del Tiberio y más allá.
29	47583	EN	Dr. Gordon Freeman doesn't speak, but he's got a helluva story to tell. This first-person roller-coaster initiated a new era in the history of action games by combining engrossing gameplay, upgraded graphics, ingenious level design and a revolutionary story that may not be all that it seems, told not through cutscenes, but through the visual environment.
30	47583	ES	Dr. Gordon Freeman no habla, pero tiene una historia de la leche para contar. Esta montaña rusa en primera persona inició una nueva era en la historia de los juegos de acción al combinar una jugabilidad absorbente, gráficos mejorados, un diseño de niveles ingenioso y una historia revolucionaria que puede que no sea todo lo que parece, contada no a través de escenas cortadas, sino a través del entorno visual.
31	47585	EN	Command & Conquer: Red Alert 3 is set in an alternate reality from World War II, in which the Western Allies fought the Soviet Union. In Red Alert 3 the Soviet leadership, facing defeat, goes back in time to kill Albert Einstein and prevent his assistance to the allies, paving the way for Soviet domination in the present. However, as an unintended consequence, a third world power, the Empire of the Rising Sun, is created and all three sides go to war.
32	47585	ES	Command & Conquer: Red Alert 3 se desarrolla en una realidad alternativa a la Segunda Guerra Mundial, en la que los Aliados Occidentales lucharon contra la Unión Soviética. En Red Alert 3, el liderazgo soviético, enfrentando la derrota, viaja en el tiempo para matar a Albert Einstein y evitar su ayuda a los aliados, abriendo el camino para la dominación soviética en el presente. Sin embargo, como consecuencia no intencional, se crea un tercer poder mundial, el Imperio del Sol Naciente, y los tres bandos entran en guerra.
33	47586	EN	Firestorm is the official Expansion pack for Command & Conquer: Tiberian Sun and was released in March 2000 by Westwood Studios. Whether or not the information about the death of NOD leader Kane is true, it appears that a new menace is developing; this force will require an alliance between the Global Defense Initiative and the Brotherhood of NOD. There are 18 new single-player missions and 15 multiplayer battles to keep you busy, and more than 30 minutes of live-action video to move the story along. Fight thousands of opponents for control of 30 territories in online play.
34	47586	ES	Firestorm es el paquete de expansión oficial para Command & Conquer: Tiberian Sun y fue lanzado en marzo de 2000 por Westwood Studios. \n\nYa sea que la información sobre la muerte del líder de NOD, Kane, sea cierta o no, parece que una nueva amenaza se está desarrollando; esta fuerza requerirá una alianza entre la Iniciativa de Defensa Global y la Hermandad de NOD. \n\nHay 18 nuevas misiones para un solo jugador y 15 batallas multijugador para mantenerte ocupado, y más de 30 minutos de video de acción en vivo para avanzar en la historia. Lucha contra miles de oponentes por el control de 30 territorios en el juego en línea.
35	47589	EN	The Soviets are back and this time they’re on American soil. Fight for the red, white, and blue – or just the red. But be careful – the mystical madman Yuri, with his mysterious mind-control technology, is readying his army for a shot at world domination.Fight on the side of freedom or battle behind the Iron Curtain. Prism tanks, Tesla Troopers, Terror Drones, Desolators, Psychic Mind Control Giant Squid, and Sonic Dolphins are just a small part of your arsenal. Play either side in the full solo-play campaign or as one of the nine nations in eight modes of multiplayer.
36	47589	ES	Los soviéticos han vuelto y esta vez están en suelo estadounidense. Lucha por el rojo, blanco y azul, o solo por el rojo. Pero ten cuidado: el místico loco Yuri, con su tecnología de control mental misteriosa, está preparando su ejército para intentar dominar el mundo. Lucha por el lado de la libertad o batalla detrás de la Cortina de Hierro. Los tanques de prisma, los soldados de Tesla, los drones de terror, los desoladores, el calamar gigante de control mental psíquico y los delfines sónicos son solo una pequeña parte de tu arsenal. Juega en cualquiera de los dos bandos en la campaña de un jugador completa o como una de las nueve naciones en ocho modos de multijugador.
37	47590	EN	Wolfenstein: The New Order is an action-adventure shooter game played from a first-person perspective. It is the semi-sequel to 2009's Wolfenstein, however utilizes very little from the game and drops any direct references to veil or supernatural.\n\nTo progress through the story, the player battle enemies throughout levels. The game utilizes a health system in which players' health is divided into separate sections that regenerate; if an entire section is lost, the player must use a health pack to replenish the missing health. In combat, a cover system can be used as assistance against enemies. The player have the ability to lean around, over, and under cover, which can be used as a tactical advantage during shootouts and stealth levels. The game gives the player a wide variety of weapon options—they can be found on the ground, retrieved from dead enemies, or removed from their stationary position and carried around.
38	47590	ES	Wolfenstein: The New Order es un juego de disparos de acción y aventuras jugado desde una perspectiva en primera persona. Es la semi-secuela de Wolfenstein de 2009, sin embargo, utiliza muy poco del juego y elimina cualquier referencia directa al velo o lo sobrenatural.\n\nPara avanzar en la historia, el jugador lucha contra enemigos a lo largo de los niveles. El juego utiliza un sistema de salud en el que la salud de los jugadores se divide en secciones separadas que se regeneran; si se pierde una sección completa, el jugador debe usar un paquete de salud para reponer la salud que falta. En combate, se puede utilizar un sistema de cobertura como ayuda contra los enemigos. El jugador tiene la capacidad de inclinarse alrededor, sobre y bajo la cobertura, lo que se puede utilizar como ventaja táctica durante los tiroteos y niveles de sigilo. El juego le brinda al jugador una amplia variedad de opciones de armas: se pueden encontrar en el suelo, recuperarse de enemigos muertos o retirarlas de su posición fija y llevarlas consigo.
39	47591	EN	Amnesia: The Dark Descent is a survival horror video game by Frictional Games. The game features a protagonist named Daniel exploring a dark and foreboding castle, while trying to maintain his sanity by avoiding monsters and other terrifying obstructions. The game was critically well received.
40	47591	ES	Amnesia: The Dark Descent es un videojuego de terror de supervivencia desarrollado por Frictional Games. El juego presenta a un protagonista llamado Daniel explorando un castillo oscuro y siniestro, mientras intenta mantener su cordura evitando monstruos y otras obstrucciones terroríficas. El juego fue recibido positivamente por la crítica.
41	47592	EN	The sequel to 1995's genre defining Command & Conquer, Tiberian Sun takes place in a bleak future where the tiberium infestation has spread across the world, and made large regions uninhabitable, and the long dormant Brotherhood of NOD starting a surprise offensive against the GDI forces.
42	47592	ES	La secuela del juego de 1995 que definió el género, Command & Conquer, Tiberian Sun, tiene lugar en un futuro desolador donde la infestación de tiberio se ha extendido por todo el mundo, dejando grandes regiones inhabitables, y la largamente inactiva Hermandad de NOD comienza una ofensiva sorpresa contra las fuerzas del GDI.
43	47594	EN	The ABC Murders is an adventure and investigation game adapted from the classic Agatha Christie novel. You are the famous private detective Hercule Poirot and, once again, you find yourself up against a mysterious serial killer who goes by the name of "ABC".
44	47594	ES	Los Asesinatos ABC es un juego de aventura e investigación adaptado de la clásica novela de Agatha Christie. Eres el famoso detective privado Hercule Poirot y, una vez más, te encuentras frente a un misterioso asesino en serie que se hace llamar "ABC".
45	47598	EN	Write your own epic odyssey and become a legendary Spartan hero in Assassin's Creed Odyssey, an inspiring adventure where you must forge your destiny and define your own path in a world on the brink of tearing itself apart. Influence how history unfolds as you experience a rich and ever-changing world shaped by your decisions.
46	47598	ES	Escribe tu propia odisea épica y conviértete en un legendario héroe espartano en Assassin's Creed Odyssey, una aventura inspiradora donde debes forjar tu destino y definir tu propio camino en un mundo al borde de desgarrarse. Influye en cómo se desarrolla la historia mientras experimentas un mundo rico y siempre cambiante formado por tus decisiones.
47	47599	EN	From the makers of Far Cry, Crysis offers FPS fans the best-looking, most highly-evolving gameplay, requiring the player to use adaptive tactics and total customization of weapons and armor to survive in dynamic, hostile environments including Zero-G.
48	47599	ES	De los creadores de Far Cry, Crysis ofrece a los fanáticos de los FPS el juego con mejor aspecto y una jugabilidad altamente evolutiva, que requiere que el jugador utilice tácticas adaptables y personalización total de armas y armaduras para sobrevivir en entornos dinámicos y hostiles, incluido el Zero-G.
49	47600	EN	Sequel to one of the greatest PC shooters ever, Crysis 2 offers console players their first taste of Crytek's unique shooter gameplay. Featuring futuristic war, gorgeous destruction and the chance to kick alien butt on the grandest stage of all, New York City, Crysis 2 is destined at the least to equal its predecessor, if not surpass it. Additional features include: challenging AI enemies in the single player campaign, 12-player support online, new and improved upgradable Nanosuit 2 technology and more.
50	47600	ES	Secuela de uno de los mejores shooters para PC de la historia, Crysis 2 ofrece a los jugadores de consola su primer contacto con la jugabilidad única de los shooters de Crytek. Con una guerra futurista, impresionante destrucción y la oportunidad de darle una paliza a los alienígenas en el escenario más grandioso de todos, la ciudad de Nueva York, Crysis 2 está destinado, como mínimo, a igualar a su predecesor, si no a superarlo. Las características adicionales incluyen: enemigos desafiantes controlados por una IA en la campaña para un solo jugador, soporte en línea para 12 jugadores, tecnología mejorada y actualizable del Nanotraje 2, entre otras cosas.
69	47627	EN	Story-driven open-world RPG that immerses you in an epic adventure in the Holy Roman Empire. Avenge your parents' death as you battle invading forces, go on game-changing quests, and make influential choices. Explore castles, forests, villages and other realistic settings in medieval Bohemia!
51	47601	EN	Cities: Skylines is a modern take on the classic city simulation genre. The game introduces new game play elements to realize the thrill and hardships of creating and maintaining a real city whilst expanding on some well-established tropes of the city building experience. From the makers of the Cities in Motion franchise, the game boasts a fully realized transport system. It also includes the ability to mod the game to suit your play style as a fine counter balance to the layered and challenging simulation. You're only limited by your imagination, so take control and reach for the sky!
52	47601	ES	Ciudades: Skylines es una versión moderna del clásico género de simulación de ciudades. El juego introduce nuevos elementos de juego para experimentar la emoción y las dificultades de crear y mantener una ciudad real, al tiempo que amplía algunos tropos bien establecidos de la experiencia de construcción de ciudades. De los creadores de la franquicia Cities in Motion, el juego presume de un sistema de transporte completamente desarrollado. También incluye la capacidad de modificar el juego para adaptarlo a tu estilo de juego, como un contrapeso perfecto a la simulación compleja y desafiante. Solo estás limitado por tu imaginación, ¡así que toma el control y apunta hacia el cielo!
53	47602	EN	The award-winning developer Crytek is back with Crysis 3, the first blockbuster shooter of 2013! Crysis 3 is the ultimate sandbox shooter, realized in the stunning visuals only Crytek and the latest version of CryENGINE can deliver. Available now on Xbox 360, PlayStation 3, and PC.
54	47602	ES	¡El desarrollador galardonado Crytek está de vuelta con Crysis 3, el primer shooter de éxito de 2013! Crysis 3 es el máximo shooter de mundo abierto, realizado con los impresionantes gráficos que solo Crytek y la última versión de CryENGINE pueden ofrecer. Disponible ahora en Xbox 360, PlayStation 3 y PC.
55	47603	EN	Sign In again.\n\nRemember a time before Facebook and Skype? When Windows XP was the next big thing and AIM was king. Relive that era with Emily is Away, an interactive story. Create a screenname and browse buddy infos in this chat-bot meets adventure game. Explore your relationship with Emily, a fellow high school student, in a branching narrative where you choose the outcome. And most importantly, change your text color to lime green so people know you're the coolest kid in school.
56	47603	ES	Inicia sesión de nuevo.\n\n¿Recuerdas una época antes de Facebook y Skype? ¿Cuando Windows XP era lo más grande y AIM era el rey? Revive esa era con Emily is Away, una historia interactiva. Crea un nombre de usuario y explora información de amigos en este juego de aventuras con chat-bot. Explora tu relación con Emily, una compañera de escuela secundaria, en una narrativa ramificada donde eliges el resultado. Y lo más importante, cambia el color de tu texto a verde lima para que la gente sepa que eres el niño más genial de la escuela.
57	47606	EN	Emily <3 is a brand new game set on an old-new social media. Customize your facenook profile, send some friend requests and determine the outcome of your senior year.
58	47606	ES	Emily <3 es un juego completamente nuevo ambientado en una antigua-nueva red social. Personaliza tu perfil de facenook, envía algunas solicitudes de amistad y determina el resultado de tu último año.
59	47607	EN	Adapt to Survive. Action on the other side of the island is more intense, the battles are fierce, and the mission protocol is no longer "Adapt to Survive". Includes Crysis Wars, an expanded new multiplayer experience with new online modes and 21 maps, including seven all-new maps to battle it out against other players.
60	47607	ES	Adaptarse para sobrevivir. Acción en el otro lado de la isla es más intensa, las batallas son feroces y el protocolo de misión ya no es "Adaptarse para sobrevivir". Incluye Crysis Wars, una experiencia multijugador expandida con nuevos modos en línea y 21 mapas, incluyendo siete mapas completamente nuevos para luchar contra otros jugadores.
61	47608	EN	Emily is Away Too is the spiritual successor to the critically acclaimed original. Message both Emily and Evelyn as you determine the outcome of your senior year. Extend the story past the chat window with youtube links, facebook profiles and file transfers. And most importantly, change your text color to lime green so everyone knows you're the coolest kid in school.
62	47608	ES	Emily is Away Too es el sucesor espiritual del original aclamado por la crítica. Mensajea a Emily y Evelyn mientras determinas el resultado de tu último año de escuela. Amplía la historia más allá de la ventana de chat con enlaces de youtube, perfiles de Facebook y transferencias de archivos. Y lo más importante, cambia el color de tu texto a verde lima para que todos sepan que eres el chico más genial de la escuela.
63	47609	EN	Dirt Rally is a racing video game focused on rallying. Players compete in timed stage events on tarmac and off-road terrain in varying weather conditions. On release, the game features 17 cars, 36 stages from three real world locations, and asynchronous multiplayer. Rallycross and player versus player multiplayer modes are planned. Codemasters announced a partnership with the FIA World Rallycross Championship in July 2015. The early access version contains cars from the 1960's, 70's, 80's, Group B, Group A, 2010s Modern Rally, and Pikes Peak.
64	47609	ES	Dirt Rally es un videojuego de carreras centrado en el rally. Los jugadores compiten en eventos de etapas cronometradas en terreno de asfalto y todoterreno en condiciones climáticas variables. En su lanzamiento, el juego cuenta con 17 coches, 36 etapas de tres ubicaciones del mundo real y multijugador asincrónico. Se planean modos multijugador de Rallycross y jugador contra jugador. Codemasters anunció una asociación con el Campeonato Mundial de Rallycross de la FIA en julio de 2015. La versión de acceso anticipado contiene coches de los años 60, 70, 80, Grupo B, Grupo A, Rally Moderno de 2010 y Pikes Peak.
65	47624	EN	CHUCHEL is a comedy adventure game from the creators of Machinarium, Botanicula and Samorost. Help Chuchel to chase down the mysterious villain and retrieve his cherished cherry! The reward? A hearty situational humor, wild music and hilarious animations that warm up even the coldest of souls
66	47624	ES	CHUCHEL es un juego de aventuras cómico de los creadores de Machinarium, Botanicula y Samorost. Ayuda a Chuchel a perseguir al misterioso villano y recuperar su querida cereza. ¿La recompensa? Un humor situacional abundante, música salvaje y animaciones hilarantes que calientan hasta las almas más frías.
67	47626	EN	In a lawless open-world paradise, use whatever means necessary to achieve your objective. Use land, sea and air to your advantage and use a wide range of weaponry to cause as much chaos as possible.
68	47626	ES	En un paraíso de mundo abierto sin ley, utiliza cualquier medio necesario para lograr tu objetivo. Utiliza la tierra, el mar y el aire a tu favor y emplea una amplia gama de armas para causar el máximo caos posible.
70	47627	ES	Juego de rol de mundo abierto impulsado por la historia que te sumerge en una aventura épica en el Sacro Imperio Romano. Venga la muerte de tus padres mientras luchas contra fuerzas invasoras, emprendes misiones que cambian el juego y tomas decisiones influyentes. ¡Explora castillos, bosques, aldeas y otros escenarios realistas en la Bohemia medieval!
71	47628	EN	Life is Strange is a five part episodic game that sets out to revolutionize story based choice and consequence games by allowing the player to rewind time and affect the past, present and future.
72	47628	ES	Life is Strange es un juego episódico de cinco partes que busca revolucionar los juegos basados en elecciones y consecuencias de la historia al permitir al jugador rebobinar el tiempo y afectar el pasado, presente y futuro.
73	47630	EN	Soma is a sci-fi horror game from Frictional Games, creators of the groundbreaking Amnesia and Penumbra series.\n\nThe radio is dead, food is running out, and the machines have started to think they are people. Underwater facility Pathos-II has suffered an intolerable isolation and we’re going to have to make some tough decisions. What can be done? What makes sense? What is left to fight for? Soma is a sci-fi horror game from Frictional Games, the creators of Amnesia: The Dark Descent. It is an unsettling story about identity, consciousness, and what it means to be human.
74	47630	ES	Soma es un juego de terror de ciencia ficción de Frictional Games, creadores de las revolucionarias series Amnesia y Penumbra.\n\nLa radio está muerta, la comida se está agotando y las máquinas han comenzado a pensar que son personas. La instalación submarina Pathos-II ha sufrido un aislamiento intolerable y vamos a tener que tomar decisiones difíciles. ¿Qué se puede hacer? ¿Qué tiene sentido? ¿Qué queda por luchar? Soma es un juego de terror de ciencia ficción de Frictional Games, los creadores de Amnesia: The Dark Descent. Es una inquietante historia sobre la identidad, la conciencia y lo que significa ser humano.
75	47631	EN	Experience an unparalleled level of action as you navigate the world of Sam Fisher. Go online or split screen in four co-op modes. Play the prologue to the single player storyline in co-op.
76	47631	ES	Experimenta un nivel sin igual de acción mientras te adentras en el mundo de Sam Fisher. Juega en línea o en pantalla dividida en cuatro modos cooperativos. Juega el prólogo de la historia para un solo jugador en modo cooperativo.
77	47632	EN	Firewatch is a single-player first-person video game where you, as a man named Henry, explore the Wyoming wilderness after taking a summer job as a fire lookout. What is supposed to be a peaceful respite from your complicated life takes a turn when you start to question some of the things that are happening to you.\n\nYour only human connection is over a handheld radio, which you’ll use to speak with your supervisor Delilah about the things both of you are experiencing.
78	47632	ES	Firewatch es un videojuego de un solo jugador en primera persona en el que tú, como un hombre llamado Henry, exploras la naturaleza salvaje de Wyoming después de conseguir un trabajo de verano como vigilante de incendios. Lo que se supone que es un descanso tranquilo de tu complicada vida toma un giro cuando comienzas a cuestionar algunas de las cosas que te están sucediendo.\n\nTu única conexión humana es a través de una radio portátil, que usarás para hablar con tu supervisora Delilah sobre las experiencias que ambos están viviendo.
79	47633	EN	Splinter Cell Blacklist builds on the stealth roots of the franchise, while exploring new directions to embrace the realms of action and adventure. Players can define their personal play styles and be rewarded for those choices.\n\nGhost players want to remain undetected.\nAssault players rely on instincts and firepower to deal with a situation.\nPanther players strike lethally from the shadows in the most efficient and silent way.
80	47633	ES	Splinter Cell Blacklist se basa en las raíces sigilosas de la franquicia, mientras explora nuevas direcciones para abrazar los reinos de la acción y la aventura. Los jugadores pueden definir sus estilos de juego personales y ser recompensados por esas elecciones.\n\nLos jugadores de Ghost quieren permanecer indetectables.\nLos jugadores de Assault confían en sus instintos y en el poder de fuego para enfrentar una situación.\nLos jugadores Panther golpean letalmente desde las sombras de la manera más eficiente y silenciosa.
81	47635	EN	Limbo is a black and white puzzle-platforming adventure. Play the role of a young boy traveling through an eerie and treacherous world in an attempt to discover the fate of his sister.
82	47635	ES	Limbo es una aventura de rompecabezas y plataformas en blanco y negro. Juega el papel de un joven chico viajando a través de un mundo espeluznante y traicionero en un intento por descubrir el destino de su hermana.
83	47639	EN	Pandora Tomorrow takes place in Indonesia during the spring of 2006, in which the United States has established a military presence in the newly independent country of East Timor to train that country's military forces in their fight against anti-separatist Indonesian guerrilla militias. Foremost among these Indonesian militias is the Darah Dan Doa (Blood and Prayer), led by Suhadi Sadono.
84	47639	ES	Pandora Tomorrow tiene lugar en Indonesia durante la primavera de 2006, en la cual Estados Unidos ha establecido una presencia militar en el recién independizado país de Timor Oriental para entrenar a las fuerzas militares del país en su lucha contra las milicias guerrilleras indonesias anti-separatistas. Principalmente entre estas milicias indonesias se encuentra la llamada Darah Dan Doa (Sangre y Oración), liderada por Suhadi Sadono.
93	47650	EN	Mafia is a 3D action crime epic set in the seedy underworld of the 1930's. Rise from the lowly but well-dressed Footsoldier, to an envied and feared Made Man in an era of mob hits, car chases, and bootlegging. Earn a reputation as a tough enforcer, daring getaway driver, and deadly hitman in your quest for respect and power within the Salieri Family.
94	47650	ES	Mafia es una épica de acción criminal en 3D ambientada en el sórdido mundo criminal de los años 1930. Asciende desde el humilde pero bien vestido Soldado Raso, hasta convertirte en un Hombre Hecho envidiado y temido en una época de asesinatos de la mafia, persecuciones de automóviles y contrabando. Gánate una reputación como un implacable ejecutor, audaz conductor de escape y letal asesino en tu búsqueda de respeto y poder dentro de la Familia Salieri.
95	47656	EN	It’s 1968 and the rules have changed. After years in Vietnam, Lincoln Clay knows this truth: Family isn’t who you’re born with, it’s who you die for.
96	47656	ES	Es 1968 y las reglas han cambiado. Después de años en Vietnam, Lincoln Clay sabe esta verdad: la familia no es con quien naces, es con quien mueres.
85	47643	EN	Until Dawn is an interactive drama survival horror video game. It was originally scheduled to be released on the PlayStation 3 and feature PlayStation Move support, but in August 2014, the game was reintroduced as a PlayStation 4 exclusive.\n\nUntil Dawn is designed to be played multiple times, as players will miss out on quite a bit of content with a single playthrough. Each will last about nine hours in length and the game mechanics utilize a new in-game system called the "Butterfly Effect" in which any choice of action by the player may cause unforeseen consequences later on. For example, locating a weapon in an earlier chapter may allow the player to pick it up down the line when a chase scene leads back to the same room. Throughout the game, players will make difficult decisions during ethical or moral dilemmas, such as sacrificing one character to save another. The Butterfly Effect system blurs the line between right and wrong decisions and it is possible for players to keep all eight characters alive as well as having all eight of them die, allowing for many different paths and scenarios as well as offering several different endings. Until Dawn has a strict auto-save system to prevent players from reloading a previous save file to an earlier point in the game if they regret an in-game decision they have made. The only way to change the player's choice is to restart the game from the beginning or continue to the end and start a new game. In a developer interview, it has been said that Until Dawn has "hundreds of endings". Different endings have different variations depending on the combination of characters alive at the end of the game.\n\nThe gameplay is focused on exploration, quick-time events and discovering clues as well as making decisions. There is an in-game system that will keep track of all of the clues and secrets players have discovered in total, even if there are multiple playthroughs; these clues will allow the player to piece together the mysteries of Blackwood. In terms of the gameplay mechanics and theme, Until Dawn has been noted to be similar to Heavy Rain and Beyond: Two Souls.\n\nUntil Dawn was met with a positive critical response upon release, with praise directed at the visuals, choice mechanic, horror elements, music, voice acting and gameplay design. Most of the criticism the game drew was concerning the story, mostly the second half, camera angles, character movements and partially linear plot.
86	47643	ES	Until Dawn es un videojuego de terror de supervivencia y drama interactivo. Originalmente estaba programado para ser lanzado en PlayStation 3 y contar con el soporte de PlayStation Move, pero en agosto de 2014, el juego fue reintroducido como exclusivo de PlayStation 4.\n\nUntil Dawn está diseñado para ser jugado múltiples veces, ya que los jugadores perderán una gran cantidad de contenido en una sola partida. Cada partida durará alrededor de nueve horas y los mecanismos del juego utilizan un nuevo sistema llamado "Efecto Mariposa" en el juego, en el cual cualquier decisión del jugador puede tener consecuencias imprevistas más adelante. Por ejemplo, encontrar un arma en un capítulo anterior puede permitir al jugador recogerla más adelante cuando una escena de persecución vuelve a la misma habitación. A lo largo del juego, los jugadores tomarán decisiones difíciles durante dilemas éticos o morales, como sacrificar a un personaje para salvar a otro. El sistema Efecto Mariposa difumina la línea entre decisiones correctas e incorrectas y es posible que los jugadores puedan mantener vivos a los ocho personajes, así como hacer que los ocho mueran, lo que ofrece diferentes caminos y escenarios, así como varios finales diferentes. Until Dawn tiene un estricto sistema de guardado automático para evitar que los jugadores vuelvan a cargar una partida guardada anteriormente si se arrepienten de una decisión tomada en el juego. La única forma de cambiar la elección del jugador es reiniciar el juego desde el principio o continuar hasta el final y comenzar una nueva partida. En una entrevista con los desarrolladores, se ha dicho que Until Dawn tiene "cientos de finales". Los diferentes finales tienen variaciones diferentes dependiendo de la combinación de personajes vivos al final del juego.\n\nLa jugabilidad se centra en la exploración, eventos de tiempo rápido, descubrimiento de pistas y toma de decisiones. Hay un sistema en el juego que mantendrá un registro de todas las pistas y secretos que los jugadores han descubierto en total, incluso si hay múltiples partidas; estas pistas permitirán al jugador desentrañar los misterios de Blackwood. En términos de mecánicas de juego y temática, Until Dawn ha sido comparado con Heavy Rain y Beyond: Dos Almas.\n\nUntil Dawn recibió una respuesta crítica positiva tras su lanzamiento, con elogios dirigidos a los gráficos, la mecánica de elección, los elementos de terror, la música, la actuación de voz y el diseño de juego. La mayor crítica que recibió el juego se centró en la historia, principalmente en la segunda mitad, los ángulos de cámara, los movimientos de los personajes y la trama parcialmente lineal.
87	47644	EN	The best-selling Tom Clancy's Splinter Cell saga takes on an entirely new direction. In the highly anticipated sequel to the 2005 game of the year, Tom Clancy's Splinter Cell Double Agent, play as a double agent spy for the first time ever. Take on dual roles of covert operative and ruthless terrorist, where your choices of whom to betray and whom to protect actually affect the outcome of your game.\n\nExperience the relentless tension and gut-wrenching dilemmas of life as a double agent. Lie. Kill. Sabotage. Betray. All to protect the innocent. How far will you go to gain the enemy's trust? As covert operative Sam Fisher, you must infiltrate a vicious terrorist group and destroy it from within. You'll need to carefully weigh the consequences of your actions. Kill too many terrorists and you'll blow your cover. Hesitate and millions will die. Do whatever it takes to complete your mission, but get out alive.\n\nDouble agent gameplay and branching storyline - Play both sides and decide between opposing NSA and terrorists objectives. You choose who's priorities to support, and who's to undermine. Your actions affect the story and gameplay, leading to shockingly different endings.\n\nUpgradeable weapons and gadgets - As you progress get access to upgraded prototype gadgets and weapons, like improved night vision, based on your choices and covert skills.\nAuthentic double agent tactics - Use realistic tactics, based on testimonies of actual undercover agents, to sabotage the enemies' plans.\n\nUse realistic upgradable weapons and gadgets. Play multiplayer or co-op with 2-6 players online or system link.
88	47644	ES	La saga de Tom Clancy's Splinter Cell, que es la más vendida, toma una dirección completamente nueva. En la muy esperada secuela del juego del año 2005, Tom Clancy's Splinter Cell Double Agent, juega como un espía doble por primera vez. Asume los roles duales de agente encubierto y terrorista despiadado, donde tus elecciones de a quién traicionar y a quién proteger afectan realmente el resultado de tu juego.\n\nExperimenta la tensión implacable y los dilemas desgarradores de la vida como un agente doble. Miente. Mata. Sabotea. Traiciona. Todo para proteger a los inocentes. ¿Hasta dónde llegarás para ganarte la confianza del enemigo? Como el agente encubierto Sam Fisher, debes infiltrarte en un grupo terrorista cruel y destruirlo desde adentro. Deberás evaluar cuidadosamente las consecuencias de tus acciones. Mata a demasiados terroristas y revelarás tu cobertura. Vacila y millones morirán. Haz lo que sea necesario para completar tu misión, pero sal con vida.\n\nJugabilidad de agente doble y trama ramificada: juega en ambos bandos y decide entre los objetivos opuestos de la NSA y los terroristas. Tú eliges a quién apoyar y a quién socavar. Tus acciones afectan la historia y la jugabilidad, lo que conduce a finales sorprendentemente diferentes.\n\nArmas y gadgets mejorables: a medida que avanzas, obtén acceso a prototipos mejorados de gadgets y armas, como visión nocturna mejorada, según tus elecciones y habilidades encubiertas.\n\nTácticas auténticas de agente doble: utiliza tácticas realistas, basadas en testimonios de agentes encubiertos reales, para sabotear los planes de los enemigos.\n\nUtiliza armas y gadgets realistas y mejorables. Juega en multijugador o cooperativo con 2-6 jugadores en línea o en red local.
89	47646	EN	An atmospheric 2D side-scroller in which, hunted and alone, a boy finds himself drawn into the center of a dark project and struggles to preserve his identity.
90	47646	ES	Un juego de desplazamiento lateral en 2D atmosférico, en el cual, cazado y solo, un niño se encuentra atraído hacia el centro de un proyecto oscuro y lucha por preservar su identidad.
91	47649	EN	MAKE HEADLINES in F1® 2018. F1 2018 is the official videogame of the 2018 FIA FORMULA ONE WORLD CHAMPIONSHIP™. The new game immerses players into the world of Formula 1® more than ever before.
92	47649	ES	HACER TITULARES en F1® 2018. F1 2018 es el videojuego oficial del CAMPEONATO MUNDIAL DE FÓRMULA UNO DE LA FIA 2018™. El nuevo juego sumerge a los jugadores en el mundo de la Fórmula 1® como nunca antes.
97	47657	EN	Bethesda Game Studios welcome you to the world of Fallout 4, their most ambitious game ever, and the next generation of open-world gaming. As the sole survivor of Vault 111, you enter a world destroyed by nuclear war. Every second is a fight for survival, and every choice is yours. Only you can rebuild and determine the fate of the Wasteland. Welcome home.
98	47657	ES	Bethesda Game Studios te da la bienvenida al mundo de Fallout 4, su juego más ambicioso hasta el momento, y la próxima generación de juegos de mundo abierto. Como único sobreviviente del Refugio 111, entras a un mundo destruido por la guerra nuclear. Cada segundo es una lucha por la supervivencia, y cada decisión es tuya. Solo tú puedes reconstruir y determinar el destino del Yermo. Bienvenido a casa.
99	47660	EN	F1 2016’s new career mode spans 10 seasons and will take you deeper into the world’s most glamorous, exciting and prestigious motorsport, both on and off the track. The life-like recreation of the sport will be further enhanced by the addition of the sport’s iconic Safety Car and Virtual Safety Car, which have been written from the ground up, as well as the introduction of the challenging new street circuit in Baku, Azerbaijan for the 2016 FORMULA 1 GRAND PRIX OF EUROPE.
100	47660	ES	La nueva modalidad de carrera de F1 2016 abarca 10 temporadas y te sumergirá aún más en el mundo del deporte motor más glamoroso, emocionante y prestigioso, tanto dentro como fuera de la pista. La recreación realista del deporte se verá aún más mejorada con la incorporación del icónico Coche de Seguridad y el Coche de Seguridad Virtual, que han sido desarrollados desde cero, así como la introducción del desafiante nuevo circuito urbano en Bakú, Azerbaiyán, para el GRAN PREMIO DE EUROPA DE FÓRMULA 1 2016.
101	47661	EN	In this first-person Western RPG, the player takes on the role of Courier 6, barely surviving after being robbed of their cargo, shot and put into a shallow grave by a New Vegas mob boss. The Courier sets out to track down their robbers and retrieve their cargo, and winds up getting tangled in the complex ideological and socioeconomic web of the many factions and settlements of post-nuclear Nevada.
102	47661	ES	En este RPG occidental en primera persona, el jugador asume el papel del Mensajero 6, apenas sobreviviendo después de ser robado de su carga, disparado y enterrado en una tumba poco profunda por un jefe de la mafia de New Vegas. El Mensajero se embarca en la tarea de localizar a sus ladrones y recuperar su carga, y termina enredado en la compleja red ideológica y socioeconómica de las numerosas facciones y asentamientos de la Nevada post-nuclear.
103	47662	EN	Win the 2017 World Championship, break every record in the fastest ever F1™ cars, and race some of the most iconic F1 cars of the last 30 years. With an even deeper ten year Career, more varied gameplay in the new ‘Championships’ mode, and a host of other new features, both online and offline, F1™ 2017 is the most complete and thrilling F1 videogame ever.
104	47662	ES	Gana el Campeonato Mundial de 2017, rompe todos los récords en los coches más rápidos de la historia de F1™, y compite con algunos de los coches de F1 más icónicos de los últimos 30 años. Con una Carrera de diez años aún más profunda, una jugabilidad más variada en el nuevo modo 'Campeonatos', y una gran cantidad de otras características nuevas, tanto en línea como fuera de línea, F1™ 2017 es el videojuego de F1 más completo y emocionante jamás creado.
105	47664	EN	You are Sam Fisher, the NSA's most elite black-ops agent. To achieve your mission you will kill from close range, attack with your combat knife, shoot with the prototype Land Warrior rifle, and use radical suppression techniques such as the inverted neck break. Also take on cooperative multiplayer infiltration missions, where teamwork is the ultimate weapon.
106	47664	ES	Eres Sam Fisher, el agente de operaciones encubiertas más élite de la NSA. Para cumplir tu misión, asesinarás a corta distancia, atacarás con tu cuchillo de combate, dispararás con el rifle prototipo Land Warrior y utilizarás técnicas radicales de supresión como la rotura invertida del cuello. Además, llevarás a cabo misiones de infiltración cooperativa en modo multijugador, donde el trabajo en equipo es el arma definitiva.
107	47666	EN	Renegade's story takes place during the final days of the First Tiberium War originally depicted in Command & Conquer. GDI's top three Tiberium research specialists have been abducted by the Brotherhood of Nod. The player assumes the role of GDI commando Captain Nick "Havoc" Parker, who is assigned to rescue these experts. He conducts missions which take him all over the world in various countries and climates, both indoor and outdoor, and his actions greatly affect the current state of the war. As the game progresses it is revealed that the specialists have been forced into biochemistry research for the Brotherhood's top secret "Project Re-Genesis," An attempt to create genetically enhanced super-soldiers with the aid of Tiberium.\nAs the player plays through a mission, the in-game EVA, or Electronic Video Assistance, periodically updates with mission objectives. EVA logs and updates all objectives and their current status. Objectives are categorized into three categories: primary, secondary and tertiary. The completion of primary objectives are crucial for that mission's success. Secondary objectives are not required for mission completion, but may assist in game play. Tertiary missions, which are usually hidden, do not assist much in game play, but will affect your final "rank" at the end of each mission.
108	47666	ES	La historia de Renegade tiene lugar durante los últimos días de la Primera Guerra del Tiberio, originalmente representada en Command & Conquer. Los tres principales especialistas en investigación sobre el Tiberio de GDI han sido secuestrados por la Hermandad de Nod. El jugador asume el papel del comandante de GDI, el capitán Nick "Havoc" Parker, al que se le asigna la misión de rescatar a estos expertos. Lleva a cabo misiones que lo llevan por todo el mundo, en varios países y climas, tanto en interiores como en exteriores, y sus acciones afectan en gran medida el estado actual de la guerra. A medida que avanza el juego, se revela que los especialistas han sido obligados a realizar investigaciones en bioquímica para el proyecto ultrasecreto de la Hermandad, "Proyecto Re-Genesis", un intento de crear super soldados genéticamente mejorados con la ayuda del Tiberio.\nA medida que el jugador avanza en una misión, la EVA (Asistencia de Video Electrónico) del juego se actualiza periódicamente con los objetivos de la misión. La EVA registra y actualiza todos los objetivos y su estado actual. Los objetivos se clasifican en tres categorías: primarios, secundarios y terciarios. La finalización de los objetivos primarios es crucial para el éxito de esa misión. Los objetivos secundarios no son necesarios para completar la misión, pero pueden ayudar en el juego. Las misiones terciarias, que suelen estar ocultas, no ayudan mucho en el juego, pero afectarán tu "rango" final al final de cada misión.
109	47667	EN	The year is 1962 and the Cold War has the nation gripped by fear. A top-secret government unit called The Bureau begins investigating a series of mysterious attacks by an enemy more powerful than communism. As agent Carter, call the shots, pull the trigger and lead your squad in a gripping third-person tactical shooter set within a covert war to protect humanity from an otherworldly enemy.
110	47667	ES	El año es 1962 y la Guerra Fría tiene a la nación atrapada por el miedo. Una unidad gubernamental ultra secreta llamada El Bureau comienza a investigar una serie de ataques misteriosos realizados por un enemigo más poderoso que el comunismo. Como agente Carter, toma las decisiones, aprieta el gatillo y lidera a tu escuadrón en un apasionante shooter táctico en tercera persona ambientado en una guerra encubierta para proteger a la humanidad de un enemigo de otro mundo.
111	47672	EN	DNF Duel is a 2D fighting game using Dungeon Fighter Online's characters/classes as fighters. Dungeon Fighter Online currently has 16 base characters with over 60 total classes, though there is some overlap between the male and female variations.\nIt was revealed at the 2020 Dungeon&Fighter Universe Festival in Korea.\nIt is being developed by Neople, Arc System Works and Eighting.\n\nA date was not announced but It is planned to be a multi-platform release
112	47672	ES	DNF Duel es un juego de lucha en 2D que utiliza los personajes/clases de Dungeon Fighter Online como luchadores. Dungeon Fighter Online actualmente cuenta con 16 personajes base y más de 60 clases en total, aunque hay cierta superposición entre las variaciones masculinas y femeninas.\nFue revelado en el Festival del Universo Dungeon&Fighter 2020 en Corea.\nEstá siendo desarrollado por Neople, Arc System Works y Eighting.\n\nNo se anunció una fecha, pero está planeado que sea un lanzamiento multiplataforma.
113	47674	EN	Infiltrate terrorists' positions, acquire critical intelligence by any means necessary, execute with extreme prejudice, and exit without a trace!\n\nYou are Sam Fisher, a highly trained secret operative of the NSA's secret arm: Third Echelon. The world balance is in your hands, as cyber terrorism and international tensions are about to explode into WWIII.
114	47674	ES	¡Infíltrate en las posiciones de los terroristas, adquiere información crítica por cualquier medio necesario, ejecuta con extrema premeditación y sal sin dejar rastro!\n\nEres Sam Fisher, un agente secreto altamente entrenado del brazo secreto de la NSA: Third Echelon. El equilibrio mundial está en tus manos, ya que el ciberterrorismo y las tensiones internacionales están a punto de estallar en la Tercera Guerra Mundial.
115	47675	EN	Race like a champion in F1 2015 and get closer than ever before to the experience of racing in the world’s most glamorous, exciting and prestigious motorsport. F1 2015 puts you in the heart of the action with a stunning new game engine that recreates the blisteringly fast and highly responsive racing cars of Formula One and features all-new ‘broadcast presentation’ that immerses you in the unique race day atmosphere.\n\nCompete as your favourite Formula One star in the new Championship Season and push yourself to the limit in the challenging Pro Season mode. Hone your skills in the new Online Practice Session, and then challenge your friends and racing rivals from across the world in Online Multiplayer.
116	47675	ES	Corre como un campeón en F1 2015 y acércate más que nunca a la experiencia de competir en el deporte de motor más glamoroso, emocionante y prestigioso del mundo. F1 2015 te coloca en el corazón de la acción con un impresionante nuevo motor de juego que recrea los coches de carreras de Fórmula Uno extremadamente rápidos y altamente responsivos, y cuenta con una nueva "presentación de transmisión" que te sumerge en la atmósfera única del día de la carrera.\n\nCompite como tu estrella favorita de Fórmula Uno en la nueva Temporada del Campeonato y pon a prueba tus límites en el desafiante modo Temporada Profesional. Mejora tus habilidades en la nueva Sesión de Práctica en línea, y luego desafía a tus amigos y rivales de carreras de todo el mundo en el Multijugador en línea.
117	47676	EN	Nephise returns, in her deadliest and most expansive adventure yet! Will she escape from Dragons Valley? Find out in this highly immersive first-person “walking simulator” with extensive exploration, as well as light puzzle and platforming elements.
118	47676	ES	¡Nephise regresa, en su aventura más mortal y expansiva hasta ahora! ¿Logrará escapar del Valle de los Dragones? Descúbrelo en este inmersivo simulador en primera persona, con amplia exploración y elementos de rompecabezas y plataformas ligeros.
119	47677	EN	In a land torn asunder by incessant warfare, it is time to assemble your own band of hardened warriors and enter the fray. Lead your men into battle, expand your realm, and claim the ultimate prize: the throne of Calradia!
120	47677	ES	En una tierra desgarrada por la guerra incesante, es hora de reunir tu propia banda de guerreros endurecidos y entrar en la refriega. Lidera a tus hombres en la batalla, expande tu reino y reclama el premio máximo: ¡el trono de Calradia!
121	47678	EN	The extreme and unpredictable conditions that characterized the Lost Planet series return, harsher than ever before. Lost Planet 3 reveals new truths about the foreboding planet and the colonial history of E.D.N. III.\n\nLost Planet 3 introduces Jim Peyton, a rig pilot who leaves Earth to take on a hazardous but lucrative contract on E.D.N. III. Working for Neo-Venus Construction (NEVEC) who are preparing the planet for colonization, Jim joins his fellow pioneers at the Coronis base and begins surveying the uncharted terrain and obtaining samples of the planet’s energy supply – Thermal Energy.\n\nWith NEVEC’s existing Thermal Energy reserve running low the fate of the Coronis mission depends on the natural source of the energy supply being located. Realizing that this is a great opportunity for a huge pay-off and early ticket home to his family, Jim braves the risk of the treacherous environment and threat of the indigenous Akrid.\n\nActing as a home away from home and boasting an array of tools that can assist Jim on the field, the utility rig provides Jim’s safety and is essential not only for his contract work but also his protection against the ever-changing climate.\n\nLost Planet 3 will deliver a diverse range of gameplay including on-foot battles and intense first person action. With a number of multiplayer modes and a compelling single player experience, Lost Planet 3 will delve deeper into the Lost Planet universe, uncovering hidden truths within the unique and dynamic environment of E.D.N. III.
140	47694	ES	Habiendo completado tu grado en ciencias mortuorias, has comenzado un aprendizaje en River Fields Mortuary. Durante los últimos meses has registrado muchas horas ayudando al Mortician en sus tareas diarias, además de aprender los entresijos del proceso de embalsamamiento y cómo manejar y cuidar adecuadamente a los difuntos.
141	47697	EN	Take control of your parallel selves on a mission to save the dying multiverse in this rogue-lite action platformer! Explore dark, sci-fi worlds and engage in fast-paced, smooth and precise combat.
122	47678	ES	Las condiciones extremas e impredecibles que caracterizaron la serie Lost Planet vuelven, más duras que nunca. Lost Planet 3 revela nuevas verdades sobre el planeta amenazante y la historia colonial de E.D.N. III.\n\nLost Planet 3 presenta a Jim Peyton, un piloto de plataforma que deja la Tierra para asumir un contrato peligroso pero lucrativo en E.D.N. III. Trabajando para Neo-Venus Construction (NEVEC), que está preparando el planeta para la colonización, Jim se une a sus compañeros pioneros en la base de Coronis y comienza a explorar el terreno inexplorado y obtener muestras del suministro de energía del planeta, la Energía Térmica.\n\nCon las reservas de Energía Térmica de NEVEC agotándose, el destino de la misión Coronis depende de encontrar la fuente natural del suministro de energía. Al darse cuenta de que esta es una gran oportunidad para obtener una gran recompensa y regresar pronto a su familia, Jim se enfrenta al riesgo del entorno traicionero y la amenaza de los indígenas Akrid.\n\nActuando como un hogar lejos del hogar y contando con una variedad de herramientas que pueden ayudar a Jim en el campo, la plataforma de utilidad proporciona seguridad a Jim y es esencial no solo para su trabajo contractual sino también para protegerlo contra el clima siempre cambiante.\n\nLost Planet 3 ofrecerá una amplia gama de jugabilidad, incluyendo batallas a pie y acción intensa en primera persona. Con varios modos multijugador y una experiencia atractiva para un jugador, Lost Planet 3 profundizará en el universo de Lost Planet, descubriendo verdades ocultas dentro del entorno único y dinámico de E.D.N. III.
123	47681	EN	Payday 2 is an action-packed, four-player co-op shooter that once again lets gamers don the masks of the original crew: Dallas, Hoxton, Wolf and Chains as they descend on Washington D.C. for an epic crime spree.
124	47681	ES	Payday 2 es un shooter cooperativo lleno de acción para cuatro jugadores que una vez más permite a los jugadores ponerse las máscaras del equipo original: Dallas, Hoxton, Wolf y Chains, mientras se adentran en Washington D.C. para una épica oleada de crímenes.
125	47682	EN	The award-winning F1 series is the official videogame of the FIA Formula One World Championship, putting players in the driving seat of the greatest racing spectacle on Earth.
126	47682	ES	La galardonada serie de Fórmula 1 es el videojuego oficial del Campeonato Mundial de Fórmula Uno de la FIA, poniendo a los jugadores en el asiento de conducción del espectáculo de carreras más grande de la Tierra.
127	47683	EN	Mount & Blade is an immersive medieval action/tactics game taking place in a fictitious land named Calradia. Enriched with RPG elements, Mount & Blade offers a captivating environment, beautifully detailed with hundreds of castles, towns, and villages to explore.
128	47683	ES	Mount & Blade es un juego inmersivo de acción y táctica medieval que tiene lugar en una tierra ficticia llamada Calradia. Enriquecido con elementos de RPG, Mount & Blade ofrece un entorno cautivador, bellamente detallado con cientos de castillos, ciudades y pueblos para explorar.
129	47684	EN	Play with 4-15 player online or via local WiFi as you attempt to prepare your spaceship for departure, but beware as one or more random players among the Crew are Impostors bent on killing everyone!\n\nOriginally created as a party game, we recommend playing with friends at a LAN party or online using voice chat. Enjoy cross-platform play between Android, iOS, PC, and console.
130	47684	ES	Juega con 4-15 jugadores en línea o a través de WiFi local mientras intentas preparar tu nave espacial para la partida, ¡pero ten cuidado, ya que uno o más jugadores aleatorios entre la Tripulación son Impostores decididos a matar a todos!\n\nOriginalmente creado como un juego de fiesta, recomendamos jugar con amigos en una fiesta LAN o en línea usando chat de voz. Disfruta del juego multiplataforma entre Android, iOS, PC y consola.
131	47685	EN	Waking up in a seemingly empty laboratory, the player is made to complete various physics-based puzzle challenges through numerous test chambers in order to test out the new Aperture Science Handheld Portal Device, without an explanation as to how, why or by whom.
132	47685	ES	Despertando en un laboratorio aparentemente vacío, el jugador debe completar varios desafíos de puzzles basados en la física a través de numerosas cámaras de prueba para probar el nuevo Dispositivo Portátil de Portales de Aperture Science, sin ninguna explicación sobre cómo, por qué o por quién.
133	47686	EN	In this puzzle-adventure, use an intuitive brick-by-brick building mechanic to solve puzzles and bring your creations to life! Experience a charming story as you explore beautiful Lego dioramas and help the people inhabiting them.
134	47686	ES	En este rompecabezas-aventura, utiliza un intuitivo mecanismo de construcción de ladrillos para resolver acertijos ¡y dar vida a tus creaciones! Experimenta una encantadora historia mientras exploras hermosos dioramas de Lego y ayudas a las personas que los habitan.
135	47689	EN	Originally developed and published as a mobile app, MUSYNX has received overwhelmingly positive reviews and fan feedback from all over the world. PM Studios is now stepping in to help for this Nintendo Switch version to give it an all-new look from the inside out. The game will feature over 50 musical selections at release! Those who played MUSYNX on mobile are sure to have a familiar, yet totally fresh, experience when it releases on Nintendo Switch in 2018!
136	47689	ES	Originalmente desarrollado y publicado como una aplicación móvil, MUSYNX ha recibido críticas abrumadoramente positivas y comentarios de los fans de todo el mundo. PM Studios ahora está interviniendo para ayudar en esta versión de Nintendo Switch y darle una apariencia completamente nueva desde adentro hacia afuera. ¡El juego contará con más de 50 selecciones musicales en su lanzamiento! ¡Aquellos que jugaron MUSYNX en móviles seguramente tendrán una experiencia familiar pero totalmente fresca cuando se lance en Nintendo Switch en 2018!
137	47692	EN	Perish is a stylish 1-4 player FPS with a cross to bear. Slay hordes of creatures on the black sands of Purgatory and sell their gold-stained corpses to craven priests. Kill magnificent bosses and use the proceeds to gain entrance to Elysium, a place of cosmic revelations.
138	47692	ES	Perish es un elegante FPS de 1 a 4 jugadores con una cruz que llevar. Mata hordas de criaturas en las arenas negras del Purgatorio y vende sus cadáveres manchados de oro a cobardes sacerdotes. Mata a magníficos jefes y utiliza las ganancias para obtener entrada a Elysium, un lugar de revelaciones cósmicas.
139	47694	EN	Having completed your degree in mortuary sciences, you have taken on an apprenticeship at River Fields Mortuary. Over the past several months you have logged many hours aiding the Mortician in daily tasks along with learning the ins and outs of the embalming process as well as how to properly handle and care for the deceased.
142	47697	ES	¡Toma el control de tus yo paralelos en una misión para salvar el moribundo multiverso en este juego de plataformas y acción rogue-lite! Explora oscuros mundos de ciencia ficción y participa en combates rápidos, fluidos y precisos.
143	47698	EN	The latest instalment in the award-winning series, Sniper Elite 5 offers unparalleled sniping, tactical third-person combat and an enhanced kill cam. Fight your way across the most immersive maps yet, with many real-world locations captured in stunning detail, and an improved traversal system that lets you explore more of them than ever before.\n\nFrance, 1944 – As part of a covert US Rangers operation to weaken the Atlantikwall fortifications along the coast of Brittany, elite marksman Karl Fairburne makes contact with the French Resistance. Soon they uncover a secret Nazi project that threatens to end the war before the Allies can even invade Europe: Operation Kraken.
144	47698	ES	La última entrega de la galardonada serie, Sniper Elite 5, ofrece un juego de francotirador sin igual, combate táctico en tercera persona y una cámara de muerte mejorada. Lucha a través de los mapas más inmersivos hasta ahora, con muchas ubicaciones del mundo real capturadas en impresionante detalle, y un sistema de exploración mejorado que te permite explorar más de ellos que nunca antes.\n\nFrancia, 1944 - Como parte de una operación encubierta de los Rangers estadounidenses para debilitar las fortificaciones del Atlantikwall a lo largo de la costa de Bretaña, el tirador de élite Karl Fairburne se pone en contacto con la Resistencia francesa. Pronto descubren un proyecto secreto nazi que amenaza con poner fin a la guerra antes de que los Aliados puedan invadir Europa: Operación Kraken.
145	47699	EN	Sequel to the acclaimed Portal (2007), Portal 2 pits the protagonist of the original game, Chell, and her new robot friend, Wheatley, against more puzzles conceived by GLaDOS, an A.I. with the sole purpose of testing the Portal Gun's mechanics and taking revenge on Chell for the events of Portal. As a result of several interactions and revelations, Chell once again pushes to escape Aperture Science Labs.
146	47699	ES	Secuela del aclamado Portal (2007), Portal 2 enfrenta a la protagonista del juego original, Chell, y a su nuevo amigo robot, Wheatley, contra más acertijos concebidos por GLaDOS, una IA con el único propósito de probar la mecánica del Portal Gun y vengarse de Chell por los eventos de Portal. Como resultado de varias interacciones y revelaciones, Chell una vez más se esfuerza por escapar de los Laboratorios de Ciencia de Aperture.
147	47702	EN	Join Lara Croft on her first great tomb raiding expedition as she seeks to discover the secret of immortality. Featuring high-octane action set in the most beautiful and hostile environments on earth, Rise of the Tomb Raider delivers cinematic survival action-adventure.
148	47702	ES	Únete a Lara Croft en su primera gran expedición de saqueo de tumbas mientras busca descubrir el secreto de la inmortalidad. Con emocionante acción de alto octanaje ambientada en los entornos más hermosos y hostiles de la Tierra, Rise of the Tomb Raider ofrece una experiencia cinematográfica de supervivencia y aventura.
149	47704	EN	An immersive online card game which combines rich and engaging storytelling with deep and strategic gameplay. Build powerful decks in synergy with the Avatar of your choice, obliterate your enemies and decide the fate of the universe!
150	47704	ES	Un juego de cartas en línea inmersivo que combina una narrativa rica y cautivadora con una jugabilidad profunda y estratégica. Construye mazos poderosos en sinergia con el Avatar de tu elección, ¡aniquila a tus enemigos y decide el destino del universo!
151	47706	EN	Grow your empire as you learn to repair, build and customize PCs at the next level. Experience deeper simulation, an upgraded career mode, and powerful new customisation features. Use realistic parts from 40+ hardware brands to bring your ultimate PC to life.
152	47706	ES	Haz crecer tu imperio mientras aprendes a reparar, construir y personalizar PCs al siguiente nivel. Experimenta una simulación más profunda, un modo de carrera mejorado y potentes características de personalización nuevas. Utiliza piezas realistas de más de 40 marcas de hardware para dar vida a tu PC definitivo.
153	47709	EN	The game is played through a third person over-the-shoulder view. Players are allowed to switch between first person and third person at any moment. Players either travel on foot or ride various types of mechanized suits called Vital Suits (VSs). VSs carry heavy weapons such as chainguns and rocket launchers. They can pick up weapons lying on the ground and fire multiple weapons at once. On foot, players are able to use a grappling hook to pull themselves up to normally hard-to-reach places, or to hook onto a VS and hijack it. Driving VSs and using certain weapons requires thermal energy. Also, the planet's cold temperature causes the characters' thermal energy level to continually decrease. Players can replenish their thermal energy level by defeating enemies or activating data posts. Data posts also allow players to use their navigational radars to see incoming enemies. Each of the 11 levels is accompanied by a boss, which can be either a VS or a large Akrid.
154	47709	ES	El juego se juega desde una vista en tercera persona sobre el hombro. A los jugadores se les permite cambiar entre primera persona y tercera persona en cualquier momento. Los jugadores pueden viajar a pie o montar varios tipos de trajes mecanizados llamados Vital Suits (VS). Los VS llevan armas pesadas como ametralladoras y lanzacohetes. Pueden recoger armas que se encuentren en el suelo y disparar múltiples armas a la vez. A pie, los jugadores pueden usar un gancho de agarre para subir a lugares normalmente difíciles de alcanzar, o engancharse a un VS y secuestrarlo. Conducir VS y usar ciertas armas requiere energía térmica. Además, la temperatura fría del planeta hace que el nivel de energía térmica de los personajes disminuya continuamente. Los jugadores pueden reponer su nivel de energía térmica derrotando enemigos o activando puntos de datos. Los puntos de datos también permiten a los jugadores utilizar sus radares de navegación para ver a los enemigos que se aproximan. Cada uno de los 11 niveles está acompañado por un jefe, que puede ser tanto un VS como un Akrid grande.
155	47710	EN	Uncover the darkest secrets of the King's agent, the Comte de Cagliostro, and seek out the revolutionary Jacques Pierre Brissot.
156	47710	ES	Descubre los secretos más oscuros del agente del Rey, el Comte de Cagliostro, y busca al revolucionario Jacques Pierre Brissot.
157	47713	EN	Togges is a collect-a-thon 3D Platformer about spreading and stacking adorable cubes around the cosmos! Explore unique worlds, solve mysteries and overcome challenges in this adventure to dominate the universe!
158	47713	ES	Togges es un juego de plataformas 3D de recolección en el que debes esparcir y apilar cubos adorables por todo el cosmos. ¡Explora mundos únicos, resuelve misterios y supera desafíos en esta aventura para dominar el universo!
159	47715	EN	In the wake of catastrophe you must find the means to make your family whole again. Somerville is a Sci-Fi adventure grounded in the intimate repercussions of large scale conflict.\n\nImmerse yourself in a hand-crafted narrative experience set across a vivid rural landscape. Navigate your way through the perilous terrain ahead of you to unravel the mysteries of Earth's visitors.
160	47715	ES	En el despertar de la catástrofe debes encontrar los medios para volver a unir a tu familia. Somerville es una aventura de ciencia ficción fundamentada en las repercusiones íntimas de un conflicto a gran escala.\n\nSumérgete en una experiencia narrativa diseñada a mano que se desarrolla en un vívido paisaje rural. Navega tu camino a través del peligroso terreno que tienes por delante para desentrañar los misterios de los visitantes de la Tierra.
161	47716	EN	From the creators of Brothers: A Tale of Two Sons comes A Way Out, an exclusively co-op adventure where you play the role of one of two prisoners making their daring escape from prison. What begins as a thrilling breakout quickly turns into an unpredictable, emotional adventure unlike anything seen or played before. A Way Out is an experience that must be played with two players. Each player controls one of the main characters, Leo and Vincent, in a reluctant alliance to break out of prison and gain their freedom.
162	47716	ES	De los creadores de Brothers: A Tale of Two Sons llega A Way Out, una aventura exclusivamente cooperativa donde juegas el papel de uno de dos prisioneros que intentan escapar audazmente de la cárcel. Lo que comienza como un emocionante escape se convierte rápidamente en una aventura impredecible y emocional, diferente a todo lo visto o jugado antes. A Way Out es una experiencia que debe ser jugada con dos jugadores. Cada jugador controla a uno de los personajes principales, Leo y Vincent, en una alianza reluctante para escapar de la prisión y obtener su libertad.
163	47717	EN	Nira is a fast-paced survival exploration game. Explore endless procedurally generated worlds to gather resources you need to survive. But when night falls, creatures arise. Build a base, craft weapons and tame wild animals to fight hordes of goblins. Explore, Build, Fight, Survive, and find Nira.
164	47717	ES	Nira es un juego de exploración de supervivencia rápido. Explora mundos generados de forma procedimental sin fin para recolectar los recursos que necesitas para sobrevivir. Pero cuando cae la noche, las criaturas emergen. Construye una base, fabrica armas y domestica animales salvajes para luchar contra hordas de duendes. Explora, Construye, Lucha, Sobrevive y encuentra a Nira.
165	47718	EN	Chronicles: China takes place after the film Assassin's Creed: Embers. It features the Chinese assassin Shao Jun in 1526. After being trained by legendary Italian assassin Ezio Auditore da Firenze, Shao Jun returns to her homeland to exact vengeance against the Templar group Eight Tigers, who wiped out the Chinese brotherhood. Shao Jun's quest took her through Macau, Nan'an, the Forbidden City and the Great Wall, as she killed the Tigers one by one and finally assassinating the final target, Zhang Yong. Years later, Shao Jun, who became an Assassin Mentor and had rebuilt the brotherhood, plotted the assassination of Jiajing Emperor by sending him an elixir of life.\n\nChronicles: China was originally announced in September 2014 as part of the season pass for Assassin's Creed Unity. It was released on April 21, 2015, in North America and April 22, 2015, in other territories, on Microsoft Windows, PlayStation 4 and Xbox One. Chronicles: China is the first title in the franchise to utilize Epic Games' Unreal Engine 3.
166	47718	ES	Crónicas: China tiene lugar después de la película Assassin's Creed: Embers. Presenta a la asesina china Shao Jun en 1526. Después de ser entrenada por el legendario asesino italiano Ezio Auditore da Firenze, Shao Jun regresa a su tierra natal para vengarse del grupo templario Ocho Tigres, quienes acabaron con la hermandad china. La búsqueda de Shao Jun la llevó a través de Macao, Nan'an, la Ciudad Prohibida y la Gran Muralla, mientras iba matando a los Tigres uno por uno y finalmente asesinando al objetivo final, Zhang Yong. Años más tarde, Shao Jun, quien se convirtió en una Mentora Asesina y reconstruyó la hermandad, planeó el asesinato del Emperador Jiajing enviándole un elixir de vida.\n\nCrónicas: China fue anunciado originalmente en septiembre de 2014 como parte del pase de temporada de Assassin's Creed Unity. Fue lanzado el 21 de abril de 2015 en América del Norte y el 22 de abril de 2015 en otros territorios, en Microsoft Windows, PlayStation 4 y Xbox One. Crónicas: China es el primer título de la franquicia en utilizar el motor Unreal Engine 3 de Epic Games.
167	47720	EN	A turn-based tactical Western RPG in which the Chosen One is tasked with exploring post-nuclear California to locate and retrieve the fabled Garden of Eden Creation Kit for their famine-stricken tribe, while coming into contact through branching dialogue trees with numerous tribes, factions and micro-civilizations, each with their own virtues, vices, socioeconomic situations and political agendas.
168	47720	ES	Un RPG táctico occidental basado en turnos en el que el Elegido tiene la tarea de explorar la California post-nuclear para localizar y recuperar el legendario Kit de Creación del Jardín del Edén para su tribu afectada por la hambruna, mientras entra en contacto a través de árboles de diálogo ramificados con numerosas tribus, facciones y micro-civilizaciones, cada una con sus propias virtudes, vicios, situaciones socioeconómicas y agendas políticas.
169	47724	EN	Scorn is an atmospheric first person horror adventure game set in a nightmarish universe of odd forms and somber tapestry. It is designed around an idea of "being thrown into the world". Isolated and lost inside this dream-like world you will explore different interconnected regions in a non-linear fashion. The unsettling environment is a character itself. Every location contains its own theme (story), puzzles and characters that are integral in creating a cohesive lived in world. Throughout the game you will open up new areas, acquire different skill sets, weapons, various items and try to comprehend the sights presented to you.
170	47724	ES	Scorn es un juego de aventuras de horror en primera persona y atmosférico ambientado en un universo pesadillesco de formas extrañas y tapices sombríos. Está diseñado en torno a la idea de "ser arrojado al mundo". Aislado y perdido dentro de este mundo onírico, explorarás diferentes regiones interconectadas de manera no lineal. El entorno inquietante es un personaje en sí mismo. Cada ubicación contiene su propio tema (historia), rompecabezas y personajes que son fundamentales para crear un mundo cohesivo. A lo largo del juego abrirás nuevas áreas, adquirirás diferentes habilidades, armas, varios objetos y tratarás de comprender las vistas que se te presentan.
171	47725	EN	A coming-of-age adventure where you follow two high school sweethearts on a journey of self-discovery at the end of their high school years while facing the end of the world. Explore 90s Indonesian town, uncover its secrets, use supernatural powers to dive into people's hearts, and pet cats.
172	47725	ES	Una aventura de crecimiento en la que sigues a dos enamorados de secundaria en un viaje de autodescubrimiento al final de sus años de escuela secundaria mientras enfrentan el fin del mundo. Explora una ciudad indonesia de los años 90, descubre sus secretos, utiliza poderes sobrenaturales para sumergirte en los corazones de las personas y acaricia gatos.
173	47727	EN	The Shapeshifting Detective is a supernatural-noir murder mystery FMV game where you play as a detective who can shapeshift into other characters, allowing you to unlock secret conversations and private encounters.
175	47729	EN	This is a Tactical Squad-Based Combat comes to the Fallout Universe. You are the wretched refuse. You may be born from dirt, but we will forge you into steel. You will learn to bend; if not you, will you break. In these dark times, the Brotherhood - your Brotherhood - is all that stands between the rekindled flame of civilization and the howling, radiated wasteland.\n\nYour weapons will become more than your tools, they will become your friends. You will use your skills to inspire the lowly and protect the weak... whether they like it or not. Your squadmates will be more dear to you than your kin and for those that survive there will be honor, respect and the spoils of war.
176	47729	ES	Esta es una Escuadra de Combate Basada en Tácticas que llega al Universo de Fallout. Tú eres la despreciable escoria. Puede que hayas nacido de la suciedad, pero te forjaremos en acero. Aprenderás a doblegarte; si no lo haces, ¿te romperás? En estos tiempos oscuros, la Hermandad - tu Hermandad - es todo lo que se interpone entre la llama reavivada de la civilización y el aullante páramo radiactivo.\n\nTus armas serán más que tus herramientas, se convertirán en tus amigos. Utilizarás tus habilidades para inspirar a los humildes y proteger a los débiles... les guste o no. Tus compañeros de escuadra serán más queridos para ti que tu propia familia y para aquellos que sobrevivan habrá honor, respeto y los despojos de la guerra.
177	47730	EN	Dishonored 2 is a first-person action video game and the sequel to Dishonored. It borrows many of the gameplay elements from the first opus: players define their own play style by blending action, assassination, stealth, mobility and combat. Combining tools at their disposal, players are allowed options to eliminate enemies, whether they choose to pursue them unseen or ruthlessly attack head on. Dishonored 2 features the same campaign style as its predecessor in which the protagonist must advance through a series of missions.
178	47730	ES	Dishonored 2 es un videojuego de acción en primera persona y la secuela de Dishonored. Toma prestados muchos de los elementos de juego del primer opus: los jugadores definen su propio estilo de juego mezclando acción, asesinato, sigilo, movilidad y combate. Combinando las herramientas a su disposición, los jugadores tienen opciones para eliminar a los enemigos, ya sea que elijan perseguirlos sin ser vistos o atacarlos despiadadamente de frente. Dishonored 2 presenta el mismo estilo de campaña que su predecesor en el que el protagonista debe avanzar a través de una serie de misiones.
179	47732	EN	As Lara Croft races to save the world from a Maya apocalypse, she must become the Tomb Raider she is destined to be.
180	47732	ES	Mientras Lara Croft se apresura a salvar el mundo de un apocalipsis maya, ella debe convertirse en la Tomb Raider que está destinada a ser.
181	47734	EN	Expand your Assassin’s Creed experience and discover the forgotten stories of three remarkable Assassins in brand-new settings with fresh 2.5D stealth gameplay:\n\n• Play the adventures of three cult Assassins:\nEach chapter comes with a unique hero and a new setting all interconnected through a common plot that will only be revealed at the very end.\n• Stealth in a new dimension:\nExperience the thrill of being a master Assassin in 2.5D. Sneak and hide to avoid detection and fool enemies using whistles and disguises.\n• Experience a fast & fluid "assault course":\nWhether you’re running from danger, negotiating obstacles or stealthily climbing you will truly feel the freedom of moving as an Assassin.\n• Master three different combat styles:\nEach chronicle comes with a different assassin equipped with a distinct range of weapons and gadgets.\n• Navigate multiple planes :\nSwitch between environmental layers and choose the right path according to your needs.
182	47734	ES	Amplía tu experiencia de Assassin's Creed y descubre las historias olvidadas de tres asesinos notables en nuevos escenarios con un nuevo y fresco juego sigiloso en 2.5D:\n\n• Juega las aventuras de tres asesinos de culto:\nCada capítulo cuenta con un héroe único y un nuevo escenario, todos interconectados a través de una trama común que solo será revelada al final.\n• Sigilo en una nueva dimensión:\nExperimenta la emoción de ser un maestro asesino en 2.5D. Escóndete y ocúltate para evitar ser detectado y engaña a los enemigos usando silbidos y disfraces.\n• Experimenta un "curso de asalto" rápido y fluido:\nYa sea que estés huyendo del peligro, negociando obstáculos o subiendo sigilosamente, realmente sentirás la libertad de moverte como un asesino.\n• Domina tres estilos de combate diferentes:\nCada crónica viene con un asesino diferente equipado con una variedad distintiva de armas y dispositivos.\n• Navega entre múltiples planos:\nCambia entre capas ambientales y elige el camino correcto según tus necesidades.
183	47735	EN	New mechanics have been integrated to represent the demands of the hybrid engines. In order to win, you have to carefully manage your battery by adapting your engine mapping throughout the special stages you take part in.\n\nAs community satisfaction is always a priority , you can now share customised livery and stickers with other players. The best creations will be rewarded and highlighted.
184	47735	ES	Se han integrado nuevas mecánicas para representar las demandas de los motores híbridos. Para ganar, debes gestionar cuidadosamente tu batería adaptando la configuración de tu motor durante las etapas especiales en las que participas.\n\nComo la satisfacción de la comunidad siempre es una prioridad, ahora puedes compartir diseños personalizados y pegatinas con otros jugadores. Las mejores creaciones serán recompensadas y destacadas.
185	47736	EN	A 2011 science-fiction survival horror mobile game developed by Australian company IronMonkey Studios and published by Electronic Arts for iOS, BlackBerry Tablet OS, Xperia Play, Android and BlackBerry 10 devices.
186	47736	ES	Un juego de terror y supervivencia de ciencia ficción desarrollado por la compañía australiana IronMonkey Studios y publicado por Electronic Arts en 2011 para dispositivos iOS, BlackBerry Tablet OS, Xperia Play, Android y BlackBerry 10.
187	47739	EN	Saints Row IV: Re-Elected is a remaster of Saints Row IV including all DLC. Originally released on Xbox One and PlayStation 4, the game came to Nintendo Switch, Stadia and PC at later dates.\n\nIn 2022 Re-Elected was released on the Epic Games Store and all previous releases of the original Saints Row IV on Steam and GOG were updated to Re-Elected for free with crossplay enabled across the different PC launchers.
188	47739	ES	Saints Row IV: Re-Elected es una remasterización de Saints Row IV que incluye todos los DLC. Originalmente lanzado en Xbox One y PlayStation 4, el juego llegó a Nintendo Switch, Stadia y PC en fechas posteriores.\n\nEn 2022, Re-Elected fue lanzado en la Epic Games Store y todas las versiones anteriores del Saints Row IV original en Steam y GOG se actualizaron a Re-Elected de forma gratuita con juego cruzado habilitado entre los diferentes lanzadores de PC.
189	47741	EN	Set during the rule of the late Roman Republic and the early Roman Empire, Rome: Total War is a real-time tactics and turn-based strategy game that takes place across Europe, North Africa and the Near East. The player assumes control of one of three Roman families with eight other factions playable outside the main campaign. The main goal of the campaign is to become emperor of Rome by conquering fifty provinces with the support of the people before capturing Rome itself although a short campaign is also available wherein success depends on besting other factions in a race to seize control of 15 provinces.
190	47741	ES	Ubicado durante el gobierno de la República Romana tardía y el Imperio Romano temprano, Roma: Total War es un juego de tácticas en tiempo real y estrategia por turnos que tiene lugar en Europa, el norte de África y el Cercano Oriente. El jugador asume el control de una de las tres familias romanas con otras ocho facciones jugables fuera de la campaña principal. El objetivo principal de la campaña es convertirse en emperador de Roma conquistando cincuenta provincias con el apoyo del pueblo antes de capturar la propia Roma, aunque también está disponible una campaña corta en la que el éxito depende de superar a otras facciones en una carrera por tomar el control de quince provincias.
191	47742	EN	In Battlefield 3, players step into the role of the elite U.S. Marines. As the first boots on the ground, players will experience heart-pounding missions across diverse locations including Paris, Tehran and New York. As a U.S. Marine in the field, periods of tension and anticipation are punctuated by moments of complete chaos. As bullets whiz by, as walls crumble, as explosions force players to the ground, the battlefield feels more alive and interactive than ever before.
192	47742	ES	En Battlefield 3, los jugadores asumen el papel de los elite Marines de Estados Unidos. Como los primeros en pisar tierra, los jugadores vivirán misiones emocionantes en diversos lugares, incluyendo París, Teherán y Nueva York. Como un Marine de Estados Unidos en el campo, los momentos de tensión y anticipación se ven interrumpidos por momentos de caos total. Mientras las balas pasan silbando, mientras los muros se derrumban, mientras las explosiones obligan a los jugadores a tirarse al suelo, el campo de batalla se siente más vivo e interactivo que nunca antes.
193	47743	EN	Napoleon: Total War is the new chapter in the critically acclaimed Total War series and opens up a new narrative layer to the genre-defining franchise. From the early Italian campaign to the battle of Waterloo, Napoleon covers two decades of relentless battles, a backdrop of a world in flames against which the story of an extraordinary military career unfolds.\n\nWhether you play as the legendary general or against him, the outcome of war can never be guaranteed. The course of history relies on your ability to lead your troops through the most intense battles as never seen before in a Total War game.
194	47743	ES	Napoleon: Total War es el nuevo capítulo en la aclamada serie Total War y abre una nueva capa narrativa a la franquicia que define el género. Desde la campaña italiana temprana hasta la batalla de Waterloo, Napoleon abarca dos décadas de batallas implacables, un telón de fondo de un mundo en llamas contra el cual se desarrolla la historia de una extraordinaria carrera militar.\n\nYa sea que juegues como el legendario general o en su contra, el resultado de la guerra nunca puede estar garantizado. El curso de la historia depende de tu habilidad para liderar a tus tropas a través de las batallas más intensas nunca antes vistas en un juego de Total War.
195	47744	EN	You are tasked with restoring the power of a kingdom to its former glory using innate cunning, military might and a fearsome will to win. Warrior Kings is an epic real-time strategy game that smashes the mould. Using true 3D it propels you into a living, breathing and fascinating medieval fantasy world. Now it's all in your hands.
196	47744	ES	Eres encargado de restaurar el poder de un reino a su antigua gloria utilizando astucia innata, fuerza militar y una voluntad feroz de ganar. Warrior Kings es un épico juego de estrategia en tiempo real que rompe los moldes. Utilizando verdadero 3D, te sumerge en un mundo medieval de fantasía vivo, respirante y fascinante. Ahora todo está en tus manos.
197	47746	EN	Empire: Total War introduces a host of revolutionary new features, including true 3D naval combat. For the first time in the Total War series, you will be able to intuitively command single ships or vast fleets upon seascapes rich with extraordinary water and weather effects that play a huge role in your eventual glorious success or ignominious defeat. After pummelling your enemy with cannon fire, close in to grapple their ship and prepare to board, taking control of your men as they fight hand-to-hand on the decks of these wooden behemoths.\n\nIn addition, Empire: Total War will see further enhancements to the Total War series’ signature 3D battles and turn-based campaign map. Real-time battles will pose new challenges with the addition of cannon and musket, challenging players to master new formations and tactics as a result of the increasing role of gunpowder within warfare. And the Campaign Map for many, the heart of Total War introduces a variety of new and upgraded elements, including new systems for Trade, Diplomacy and Espionage with agents; a refined and streamlined UI; improved Advisors; and a vastly extended scope, taking in the riches of India, the turbulence of Europe and, for the first time, the untapped potential of the United States of America.
198	47746	ES	Empire: Total War introduce una serie de características revolucionarias nuevas, incluyendo verdaderos combates navales en 3D. Por primera vez en la serie Total War, podrás comandar de manera intuitiva barcos individuales o vastas flotas en paisajes marinos ricos en efectos extraordinarios de agua y clima, que desempeñan un papel importante en tu eventual éxito glorioso o derrota ignominiosa. Después de bombardear a tu enemigo con fuego de cañón, acércate para abordar su barco y prepárate para abordar, tomando el control de tus hombres mientras luchan cuerpo a cuerpo en las cubiertas de estos gigantes de madera.\n\nAdemás, Empire: Total War verá mejoras adicionales en las batallas en 3D características de la serie Total War y en el mapa de campaña por turnos. Las batallas en tiempo real plantearán nuevos desafíos con la incorporación de cañones y mosquetes, desafiando a los jugadores a dominar nuevas formaciones y tácticas como resultado del creciente papel de la pólvora en la guerra. Y el Mapa de Campaña, para muchos el corazón de Total War, introduce una variedad de elementos nuevos y mejorados, incluyendo nuevos sistemas de Comercio, Diplomacia y Espionaje con agentes; una interfaz de usuario refinada y simplificada; asesores mejorados; y un alcance enormemente ampliado, abarcando las riquezas de India, la turbulencia de Europa y, por primera vez, el potencial inexplorado de los Estados Unidos de América.
199	47747	EN	Bloodshore is an interactive action movie about a televised battle royale between high-profile streamers, entertainers and death row inmates. You control the fate of Nick, a washed-up actor who fights for a life-changing cash prize.\n\nAll is not what it seems in this latest season of Kill/Stream, the hottest reality TV show on the planet. Can Nick uncover the truth about Bloodshore Island before his time runs out?
200	47747	ES	Bloodshore es una película de acción interactiva sobre una batalla real televisada entre streamers de alto perfil, artistas y condenados a muerte. Controlas el destino de Nick, un actor fracasado que lucha por un premio en efectivo que cambiará su vida.\n\nNo todo es lo que parece en esta última temporada de Kill/Stream, el programa de televisión de realidad más popular del planeta. ¿Podrá Nick descubrir la verdad sobre la Isla Bloodshore antes de que se acabe su tiempo?
\.


--
-- Data for Name: movie; Type: TABLE DATA; Schema: movie; Owner: postgres
--

COPY movie.movie (movie_id, release_date, year, runtime, rate, credits, url_path) FROM stdin;
17	2001-02-23	2001	73	6.5	[{"name": "Michael Herr", "type": "Actor"}, {"name": "Coco Schrijber", "type": "Director"}]	 
169	1970-03-14	1970	82	5.6	[{"name": "Ira von Fürstenberg", "type": "Actor"}, {"name": "Edwige Fenech", "type": "Actor"}, {"name": "Howard Ross", "type": "Actor"}, {"name": "Helena Ronee", "type": "Actor"}, {"name": "Teodoro Corrà", "type": "Actor"}, {"name": "Mario Bava", "type": "Director"}]	 
227	2008-04-30	2008	101	6.4	[{"name": "Patrick Dempsey", "type": "Actor"}, {"name": "Michelle Monaghan", "type": "Actor"}, {"name": "Kevin McKidd", "type": "Actor"}, {"name": "Kadeem Hardison", "type": "Actor"}, {"name": "Chris Messina", "type": "Actor"}, {"name": "Paul Weiland", "type": "Director"}]	 
196	2023-11-16	2023	104	6.453	[{"name": "Michael Fassbender", "type": "Actor"}, {"name": "Oscar Kightley", "type": "Actor"}, {"name": "Kaimana", "type": "Actor"}, {"name": "David Fane", "type": "Actor"}, {"name": "Rachel House", "type": "Actor"}, {"name": "Taika Waititi", "type": "Director"}]	/movie/621587/watch
233	2013-11-15	2013	146	7.428	[{"name": "Jennifer Lawrence", "type": "Actor"}, {"name": "Josh Hutcherson", "type": "Actor"}, {"name": "Liam Hemsworth", "type": "Actor"}, {"name": "Woody Harrelson", "type": "Actor"}, {"name": "Elizabeth Banks", "type": "Actor"}, {"name": "Francis Lawrence", "type": "Director"}]	/movie/101299/watch
197	2013-04-25	2013	30	9.2	[{"name": "Taylor Swift", "type": "Actor"}, {"name": "Melanie Nyema", "type": "Actor"}, {"name": "Kamilah Marshall", "type": "Actor"}, {"name": "Paul Sidoti", "type": "Actor"}, {"name": "Matt Billingslea", "type": "Actor"}, {"name": "Vincent Bordes", "type": "Director"}, {"name": "Julien Aivadian", "type": "Director"}, {"name": "Maxime Teissedre", "type": "Director"}]	/movie/920384/watch
33	2021-09-24	2021	8	10	[{"name": "Anja Wutej", "type": "Actor"}, {"name": "Maša Zia Lenárdič", "type": "Director"}, {"name": "Anja Wutej", "type": "Director"}]	 
1	2013-05-18	2013	100	4.2	[{"name": "José Wilker", "type": "Actor"}, {"name": "Andréa Beltrão", "type": "Actor"}, {"name": "Thelmo Fernandes", "type": "Actor"}, {"name": "André Mattos", "type": "Actor"}, {"name": "Gillray Coutinho", "type": "Actor"}, {"name": "José Wilker", "type": "Director"}]	 
20	2017-10-26	2017	79	4.2	[{"name": "Aleksey Solonchev", "type": "Actor"}, {"name": "Kseniya Kutepova", "type": "Actor"}, {"name": "Alexey Chernykh", "type": "Actor"}, {"name": "Robert Vaab", "type": "Actor"}, {"name": "Yulianna Mikhnevich", "type": "Actor"}, {"name": "Anja Kreis", "type": "Director"}]	 
22	2023-11-17	2023	5	10	[{"name": "David Tennant", "type": "Actor"}, {"name": "Mawaan Rizwan", "type": "Actor"}, {"name": "Julian Bleach", "type": "Actor"}, {"name": "Barnaby Edwards", "type": "Actor"}, {"name": "Nicholas Briggs", "type": "Actor"}, {"name": "Jamie Donoughue", "type": "Director"}]	 
24	1982-04-17	1982	113	6.2	[{"name": "Satomi Kobayashi", "type": "Actor"}, {"name": "Toshinori Omi", "type": "Actor"}, {"name": "Makoto Satō", "type": "Actor"}, {"name": "Sayuri Ishibashi", "type": "Actor"}, {"name": "Wakaba Irie", "type": "Actor"}, {"name": "Nobuhiko Obayashi", "type": "Director"}]	 
25	1990-12-31	1990	11	5.7	[{"name": "Fiona Victory", "type": "Actor"}, {"name": "Terence Wilton", "type": "Actor"}, {"name": "Remy Beard", "type": "Actor"}, {"name": "Su Elliot", "type": "Actor"}, {"name": "Roger Hammond", "type": "Actor"}, {"name": "Peter Cattaneo", "type": "Director"}]	 
27	2023-08-18	2023	1	10	[{"name": "Evan Mahmoud", "type": "Actor"}, {"name": "Evan Mahmoud", "type": "Director"}]	 
28	1971-02-10	1971	125	5.5	[{"name": "Virna Lisi", "type": "Actor"}, {"name": "Helmut Berger", "type": "Actor"}, {"name": "Charles Aznavour", "type": "Actor"}, {"name": "Alain Noury", "type": "Actor"}, {"name": "Françoise Brion", "type": "Actor"}, {"name": "Sergio Gobbi", "type": "Director"}]	 
34	2014-08-22	2014	91	4.5	[{"name": "Tammin Sursok", "type": "Actor"}, {"name": "Ben Wiggins", "type": "Actor"}, {"name": "Sarah Bonrepaux", "type": "Actor"}, {"name": "Jade Tailor", "type": "Actor"}, {"name": "Russell Geoffrey Banks", "type": "Actor"}, {"name": "Joel Soisson", "type": "Director"}]	 
40	2006-07-21	2006	115	5.6	[{"name": "Gabino Diego", "type": "Actor"}, {"name": "Arturo Fernández", "type": "Actor"}, {"name": "Loles León", "type": "Actor"}, {"name": "Kira Miró", "type": "Actor"}, {"name": "Miguel Ángel Muñoz", "type": "Actor"}, {"name": "Antonio del Real", "type": "Director"}]	 
44	2004-05-22	2004	92	6	[{"name": "Shinya Tsukamoto", "type": "Actor"}, {"name": "Tomomi Miyashita", "type": "Actor"}, {"name": "Kazuhiro Nakahara", "type": "Actor"}, {"name": "Miho Ninagawa", "type": "Actor"}, {"name": "Shun Sugata", "type": "Actor"}, {"name": "Takashi Shimizu", "type": "Director"}]	 
46	2016-05-11	2016	114	6.3	[{"name": "Richard Berry", "type": "Actor"}, {"name": "Steve Achiepo", "type": "Actor"}, {"name": "Marc Ruchmann", "type": "Actor"}, {"name": "Romane Rauss", "type": "Actor"}, {"name": "Idit Cebula", "type": "Actor"}, {"name": "Richard Berry", "type": "Director"}]	 
47	1948-03-19	1948	7	5.9	[{"name": "James MacDonald", "type": "Actor"}, {"name": "Pinto Colvig", "type": "Actor"}, {"name": "Charles A. Nichols", "type": "Director"}]	 
52	1968-06-17	1968	68	6.6	[{"name": "Jack Doroshow", "type": "Actor"}, {"name": "Bernard Giquel", "type": "Actor"}, {"name": "Mario Montez", "type": "Actor"}, {"name": "Crystal LaBeija", "type": "Actor"}, {"name": "Rachel Harlow", "type": "Actor"}, {"name": "Frank Simon", "type": "Director"}]	 
58	2023-07-17	2023	97	8	[{"name": "J. Robert Oppenheimer", "type": "Actor"}, {"name": "Robin Bextor", "type": "Director"}]	 
61	2009-01-01	2009	59	9.7	[{"name": "Freema Agyeman", "type": "Actor"}, {"name": "Catherine Tate", "type": "Actor"}, {"name": "Murray Gold", "type": "Actor"}, {"name": "Melanie Pappenheim", "type": "Actor"}, {"name": "Ben Foster", "type": "Actor"}, {"name": "Euros Lyn", "type": "Director"}, {"name": "Rhodri Huw", "type": "Director"}]	 
63	2000-11-15	2000	87	7	[{"name": "Panagiotis Farmakis", "type": "Actor"}, {"name": "Filippos Koutsaftis", "type": "Actor"}, {"name": "Filippos Koutsaftis", "type": "Director"}]	 
64	1948-12-03	1948	7	6.8	[{"name": "James MacDonald", "type": "Actor"}, {"name": "Pinto Colvig", "type": "Actor"}, {"name": "Charles A. Nichols", "type": "Director"}]	 
65	1977-04-03	1977	59	2	[{"name": "Melvyn Bragg", "type": "Actor"}, {"name": "Caron Scott", "type": "Actor"}, {"name": "Rosemary Matthews", "type": "Actor"}, {"name": "Keith Hewett", "type": "Actor"}, {"name": "Caspar Hewett", "type": "Actor"}, {"name": "Tony Cash", "type": "Director"}]	 
82	1998-03-27	1998	77	5.8	[{"name": "Robyn Hitchcock", "type": "Actor"}, {"name": "Deni Bonet", "type": "Actor"}, {"name": "Tim Keegan", "type": "Actor"}, {"name": "Jonathan Demme", "type": "Director"}]	 
88	1980-09-10	1980	91	4.4	[{"name": "Sheila Hancock", "type": "Actor"}, {"name": "Michael Hordern", "type": "Actor"}, {"name": "Joe Melia", "type": "Actor"}, {"name": "Thorley Walters", "type": "Actor"}, {"name": "Rodney Bewes", "type": "Actor"}, {"name": "Frank Launder", "type": "Director"}]	 
89	2020-10-15	2020	98	7.5	[{"name": "Delia Derbyshire", "type": "Actor"}, {"name": "Caroline Catz", "type": "Actor"}, {"name": "Sara Dee", "type": "Actor"}, {"name": "Cosey Fanni Tutti", "type": "Actor"}, {"name": "Honor-Ray Caplan-Higgs", "type": "Actor"}, {"name": "Caroline Catz", "type": "Director"}]	 
90	2013-11-14	2013	60	7.4	[{"name": "Brian Cox", "type": "Actor"}, {"name": "Matt Smith", "type": "Actor"}, {"name": "Dallas Campbell", "type": "Actor"}, {"name": "Jim Al-Khalili", "type": "Actor"}, {"name": "Charles Dance", "type": "Actor"}, {"name": "Steve Smith", "type": "Director"}, {"name": "Ashley Way", "type": "Director"}]	 
93	1947-10-03	1947	7	6.5	[{"name": "Walt Disney", "type": "Actor"}, {"name": "Ruth Clifford", "type": "Actor"}, {"name": "Pinto Colvig", "type": "Actor"}, {"name": "Charles A. Nichols", "type": "Director"}]	 
94	1993-05-13	1993	95	6	[{"name": "Diego Bertie", "type": "Actor"}, {"name": "Carlos Gassols", "type": "Actor"}, {"name": "Aristóteles Picho", "type": "Actor"}, {"name": "Bruno Odar", "type": "Actor"}, {"name": "Carlos Cano de la Fuente", "type": "Actor"}, {"name": "Danny Gavidia", "type": "Director"}]	 
95	2006-11-17	2006	103	7.5	[{"name": "Vildan Atasever", "type": "Actor"}, {"name": "Ufuk Bayraktar", "type": "Actor"}, {"name": "Engin Akyürek", "type": "Actor"}, {"name": "Müge Ulusoy", "type": "Actor"}, {"name": "Mustafa Uzunyılmaz", "type": "Actor"}, {"name": "Zeki Demirkubuz", "type": "Director"}]	 
101	1995-10-20	1995	103	7.3	[{"name": "Álex Angulo", "type": "Actor"}, {"name": "Armando De Razza", "type": "Actor"}, {"name": "Santiago Segura", "type": "Actor"}, {"name": "Terele Pávez", "type": "Actor"}, {"name": "Nathalie Seseña", "type": "Actor"}, {"name": "Álex de la Iglesia", "type": "Director"}]	 
124	2016-08-10	2016	99	6.341	[{"name": "Julie Gayet", "type": "Actor"}, {"name": "Thierry Neuvic", "type": "Actor"}, {"name": "Julie Depardieu", "type": "Actor"}, {"name": "Lucien Jean-Baptiste", "type": "Actor"}, {"name": "Claudia Tagbo", "type": "Actor"}, {"name": "Gabriel Julien-Laferrière", "type": "Director"}]	 
145	2013-02-11	2013	7	7	[{"name": "Maša Mileusnić", "type": "Actor"}, {"name": "Natalija Gajić", "type": "Actor"}, {"name": "Vladislava Đorđević", "type": "Actor"}, {"name": "Nikola Majdak Jr.", "type": "Director"}, {"name": "Ana Nedeljković", "type": "Director"}]	 
146	2018-02-17	2018	9	5.5	[{"name": "Maša Mileusnić", "type": "Actor"}, {"name": "Vladimir Jankovic Slonče", "type": "Actor"}, {"name": "Vuk Saletović", "type": "Actor"}, {"name": "Jelena Kusovac", "type": "Actor"}, {"name": "Andrijana Stefanovic", "type": "Actor"}, {"name": "Nikola Majdak Jr.", "type": "Director"}, {"name": "Ana Nedeljković", "type": "Director"}]	 
149	2019-03-07	2019	5	6.5	[{"name": "Nebojša Jež", "type": "Actor"}, {"name": "Sava Živković", "type": "Director"}]	 
150	2020-04-30	2020	6	7	[{"name": "Katrina Eroen", "type": "Actor"}, {"name": "Luke Forbes", "type": "Actor"}, {"name": "Giullian Yao Gioiello", "type": "Actor"}, {"name": "Sabrina Jaglom", "type": "Director"}]	 
151	2019-09-27	2019	10	3.5	[{"name": "Cedric Sprick", "type": "Actor"}, {"name": "Mick Mahler", "type": "Director"}]	 
152	2021-08-19	2021	10	6.8	[{"name": "Nebojša Jež", "type": "Actor"}, {"name": "Dejan Jovanović", "type": "Actor"}, {"name": "Lazar Đukić", "type": "Actor"}, {"name": "Oleg Fedorov", "type": "Actor"}, {"name": "Andrey Matveev", "type": "Actor"}, {"name": "Sava Živković", "type": "Director"}]	 
153	2010-12-06	2010	9	4	[{"name": "Rachel Watson", "type": "Actor"}, {"name": "Brian Clarke", "type": "Actor"}, {"name": "Barabra Wilcox", "type": "Actor"}, {"name": "Hayley Holland", "type": "Actor"}, {"name": "Jenny Lyte", "type": "Actor"}, {"name": "Stephen Cheung", "type": "Director"}]	 
154	2023-10-23	2023	9	10	[{"name": "Aarod Vawser", "type": "Actor"}, {"name": "William Mellor", "type": "Actor"}, {"name": "Evie Leonard", "type": "Actor"}, {"name": "Calen Vanstone", "type": "Director"}]	 
155	2023-10-11	2023	14	8	[{"name": "Mark Gatiss", "type": "Actor"}, {"name": "Caroline Munro", "type": "Actor"}, {"name": "Madeline Smith", "type": "Actor"}, {"name": "John Gore", "type": "Actor"}, {"name": "David Sibley", "type": "Actor"}, {"name": "Benjamin Field", "type": "Director"}]	 
156	1984-03-01	1984	85	5.2	[{"name": "Ismini Kariotaki", "type": "Actor"}, {"name": "Stelios Anastasiadis", "type": "Actor"}, {"name": "Marios Karamanis", "type": "Actor"}, {"name": "Yannis Iliopoulos", "type": "Actor"}, {"name": "Leon Maniatis", "type": "Actor"}, {"name": "Stavros Tornes", "type": "Director"}]	 
176	1991-01-02	1991	109	7	[{"name": "Nour El-Sherif", "type": "Actor"}, {"name": "Salim Kallas", "type": "Actor"}, {"name": "Mahmoud El Gendy", "type": "Actor"}, {"name": "Laila Jabr", "type": "Actor"}, {"name": "Atef El-Tayeb", "type": "Director"}]	 
177	2007-11-09	2007	77	3	[{"name": "Amy Lynn Best", "type": "Actor"}, {"name": "Stacey Bartlebaugh-Gmys", "type": "Actor"}, {"name": "Sofiya Smirnova", "type": "Actor"}, {"name": "Debbie Rochon", "type": "Actor"}, {"name": "Alyssa Herron", "type": "Actor"}, {"name": "Mike Watt", "type": "Director"}]	 
178	2023-06-29	2023	74	2.7	[{"name": "Liu Chuxuan", "type": "Actor"}, {"name": "Li Mao", "type": "Actor"}, {"name": "Pema Jyad", "type": "Actor"}, {"name": "Zhang Hengrui", "type": "Actor"}, {"name": "Liu Yong", "type": "Actor"}, {"name": "Li Yuxi", "type": "Director"}]	 
179	2019-11-30	2019	103	6.1	[{"name": "Mariusz Drężek", "type": "Actor"}, {"name": "Magdalena Różańska", "type": "Actor"}, {"name": "Zbigniew Zamachowski", "type": "Actor"}, {"name": "Marcin Bubółka", "type": "Actor"}, {"name": "Kamila Kamińska", "type": "Actor"}, {"name": "Jakub Nurzyński", "type": "Director"}]	 
180	1955-03-22	1955	20	6.5	[{"name": "Gennadiy Dudnik", "type": "Actor"}, {"name": "Yuliya Feoktistova", "type": "Actor"}, {"name": "Aleksandr Khanov", "type": "Actor"}, {"name": "Margarita Korabelnikova", "type": "Actor"}, {"name": "Georgiy Vitsin", "type": "Actor"}, {"name": "Ivan Aksenchuk", "type": "Director"}]	 
181	1961-01-01	1961	57	5.5	[{"name": "Gennadiy Dudnik", "type": "Actor"}, {"name": "Anna Komolova", "type": "Actor"}, {"name": "Georgiy Vitsin", "type": "Actor"}, {"name": "Valentina Tumanova", "type": "Actor"}, {"name": "Rina Zelyonaya", "type": "Actor"}, {"name": "Lev Atamanov", "type": "Director"}]	 
182	1977-01-28	1977	115	5	[{"name": "Kjell Bergqvist", "type": "Actor"}, {"name": "Lickå Sjöman", "type": "Actor"}, {"name": "Halvar Björk", "type": "Actor"}, {"name": "Gunnar Björnstrand", "type": "Actor"}, {"name": "Viveca Lindfors", "type": "Actor"}, {"name": "Vilgot Sjöman", "type": "Director"}]	 
198	2020-10-28	2020	104	7.4	[{"name": "Nilam Farooq", "type": "Actor"}, {"name": "Christoph Maria Herbst", "type": "Actor"}, {"name": "Hassan Akkouch", "type": "Actor"}, {"name": "Ernst Stötzner", "type": "Actor"}, {"name": "Meriam Abbas", "type": "Actor"}, {"name": "Sönke Wortmann", "type": "Director"}]	 
201	2014-09-25	2014	110	6.8	[{"name": "Nina Hoss", "type": "Actor"}, {"name": "Ronald Zehrfeld", "type": "Actor"}, {"name": "Nina Kunzendorf", "type": "Actor"}, {"name": "Trystan Pütter", "type": "Actor"}, {"name": "Michael Maertens", "type": "Actor"}, {"name": "Christian Petzold", "type": "Director"}]	 
208	2012-06-28	2012	93	7.1	[{"name": "Katy Perry", "type": "Actor"}, {"name": "Russell Brand", "type": "Actor"}, {"name": "Shannon Woodward", "type": "Actor"}, {"name": "Rachael Markarian", "type": "Actor"}, {"name": "Mia Moretti", "type": "Actor"}, {"name": "Dan Cutforth", "type": "Director"}, {"name": "Jane Lipsitz", "type": "Director"}]	 
232	1996-11-15	1996	100	5.5	[{"name": "Nancho Novo", "type": "Actor"}, {"name": "Cayetana Guillén Cuervo", "type": "Actor"}, {"name": "Ingrid Rubio", "type": "Actor"}, {"name": "Beatriz Santiago", "type": "Actor"}, {"name": "Javier Manrique", "type": "Actor"}, {"name": "Alfonso Albacete", "type": "Director"}, {"name": "Miguel Bardem", "type": "Director"}, {"name": "David Menkes", "type": "Director"}]	 
243	2009-10-30	2009	93	6.3	[{"name": "Jocelin Donahue", "type": "Actor"}, {"name": "Tom Noonan", "type": "Actor"}, {"name": "Mary Woronov", "type": "Actor"}, {"name": "Greta Gerwig", "type": "Actor"}, {"name": "AJ Bowen", "type": "Actor"}, {"name": "Ti West", "type": "Director"}]	 
237	1993-02-27	1993	90	6.5	[{"name": "Kent Cheng Jak-Si", "type": "Actor"}, {"name": "Simon Yam", "type": "Actor"}, {"name": "Melvin Wong Gam-Sam", "type": "Actor"}, {"name": "Esther Kwan", "type": "Actor"}, {"name": "Danny Lee Sau-Yin", "type": "Actor"}, {"name": "Billy Tang Hin-Shing", "type": "Director"}]	 
242	1967-04-01	1967	82	7.879	[{"name": "Aleksandr Demyanenko", "type": "Actor"}, {"name": "Natalya Varley", "type": "Actor"}, {"name": "Yuriy Nikulin", "type": "Actor"}, {"name": "Georgiy Vitsin", "type": "Actor"}, {"name": "Yevgeni Morgunov", "type": "Actor"}, {"name": "Leonid Gaidai", "type": "Director"}]	 
244	1952-10-09	1952	104	6.7	[{"name": "Gregory Peck", "type": "Actor"}, {"name": "Ann Blyth", "type": "Actor"}, {"name": "Anthony Quinn", "type": "Actor"}, {"name": "John McIntire", "type": "Actor"}, {"name": "Carl Esmond", "type": "Actor"}, {"name": "Raoul Walsh", "type": "Director"}]	 
235	2023-10-07	2023	101	8.3	[{"name": "Sulli", "type": "Actor"}, {"name": "Victoria Song", "type": "Actor"}, {"name": "Amber Liu", "type": "Actor"}, {"name": "Luna", "type": "Actor"}, {"name": "Krystal Jung", "type": "Actor"}, {"name": "Jung Yoon-suk", "type": "Director"}]	/movie/1169803/watch
207	2023-04-14	2023	107	6.4	[{"name": "Lee Ha-nee", "type": "Actor"}, {"name": "Lee Sun-kyun", "type": "Actor"}, {"name": "Gong Myeong", "type": "Actor"}, {"name": "Bae Yoo-ram", "type": "Actor"}, {"name": "Andrew Bishop", "type": "Actor"}, {"name": "Lee Won-suk", "type": "Director"}]	/movie/746349/watch
211	2021-11-26	2021	30	7.1	[{"name": "Anna Kendrick", "type": "Actor"}, {"name": "Justin Timberlake", "type": "Actor"}, {"name": "Kenan Thompson", "type": "Actor"}, {"name": "Travis Scott", "type": "Actor"}, {"name": "Carol Burnett", "type": "Actor"}, {"name": "Sean Charmatz", "type": "Director"}, {"name": "Tim Heitz", "type": "Director"}]	/movie/896221/watch
213	1939-08-15	1939	103	7.6	[{"name": "Judy Garland", "type": "Actor"}, {"name": "Ray Bolger", "type": "Actor"}, {"name": "Jack Haley", "type": "Actor"}, {"name": "Bert Lahr", "type": "Actor"}, {"name": "Frank Morgan", "type": "Actor"}, {"name": "Victor Fleming", "type": "Director"}]	/movie/630/watch
164	1985-10-17	1985	142	8.287	[{"name": "Aleksei Kravchenko", "type": "Actor"}, {"name": "Olga Mironova", "type": "Actor"}, {"name": "Liubomiras Laucevicius", "type": "Actor"}, {"name": "Vladas Bagdonas", "type": "Actor"}, {"name": "Jüri Lumiste", "type": "Actor"}, {"name": "Elem Klimov", "type": "Director"}]	/movie/25237/watch
255	1993-02-12	1993	99	6	[{"name": "Jorge Sanz", "type": "Actor"}, {"name": "Verónica Forqué", "type": "Actor"}, {"name": "Rosa María Sardà", "type": "Actor"}, {"name": "Fernando Guillén", "type": "Actor"}, {"name": "Ayanta Barilli", "type": "Actor"}, {"name": "Manuel Gómez Pereira", "type": "Director"}]	 
264	1951-06-02	1951	88	7.3	[{"name": "Kirk Douglas", "type": "Actor"}, {"name": "Virginia Mayo", "type": "Actor"}, {"name": "John Agar", "type": "Actor"}, {"name": "Walter Brennan", "type": "Actor"}, {"name": "Ray Teal", "type": "Actor"}, {"name": "Raoul Walsh", "type": "Director"}]	 
262	1977-01-05	1977	87	5.144	[{"name": "Laura Gemser", "type": "Actor"}, {"name": "Gabriele Tinti", "type": "Actor"}, {"name": "Roger Browne", "type": "Actor"}, {"name": "Riccardo Salvino", "type": "Actor"}, {"name": "Lars Bloch", "type": "Actor"}, {"name": "Joe D'Amato", "type": "Director"}]	/movie/28682/watch
254	2005-05-05	2005	113	6	[{"name": "Elisha Cuthbert", "type": "Actor"}, {"name": "Chad Michael Murray", "type": "Actor"}, {"name": "Brian Van Holt", "type": "Actor"}, {"name": "Paris Hilton", "type": "Actor"}, {"name": "Jared Padalecki", "type": "Actor"}, {"name": "Jaume Collet-Serra", "type": "Director"}]	/movie/10066/watch
263	2023-10-05	2023	99	8.1	[{"name": "Mónica Huarte", "type": "Actor"}, {"name": "Leonardo Daniel", "type": "Actor"}, {"name": "Bárbara Lombardo", "type": "Actor"}, {"name": "Macarena García", "type": "Actor"}, {"name": "Diana Carreiro", "type": "Actor"}, {"name": "Carlos Santos", "type": "Director"}]	/movie/1150112/watch
256	2015-05-30	2015	113	7.457	[{"name": "Kirin Kiki", "type": "Actor"}, {"name": "Masatoshi Nagase", "type": "Actor"}, {"name": "Kyara Uchida", "type": "Actor"}, {"name": "Miki Mizuno", "type": "Actor"}, {"name": "Etsuko Ichihara", "type": "Actor"}, {"name": "Naomi Kawase", "type": "Director"}]	/movie/319373/watch
157	2013-07-11	2013	90	3.912	[{"name": "Ian Ziering", "type": "Actor"}, {"name": "Tara Reid", "type": "Actor"}, {"name": "John Heard", "type": "Actor"}, {"name": "Cassandra Scerbo", "type": "Actor"}, {"name": "Jaason Simmons", "type": "Actor"}, {"name": "Anthony C. Ferrante", "type": "Director"}]	/movie/205321/watch
171	1953-08-26	1953	118	7.9	[{"name": "Audrey Hepburn", "type": "Actor"}, {"name": "Gregory Peck", "type": "Actor"}, {"name": "Eddie Albert", "type": "Actor"}, {"name": "Hartley Power", "type": "Actor"}, {"name": "Harcourt Williams", "type": "Actor"}, {"name": "William Wyler", "type": "Director"}]	/movie/804/watch
97	2020-03-22	2020	67	6.5	[{"name": "Richard Estes", "type": "Actor"}, {"name": "Olympia Stone", "type": "Director"}]	/movie/686622/watch
183	2022-12-28	2022	102	7.134	[{"name": "Allison Williams", "type": "Actor"}, {"name": "Violet McGraw", "type": "Actor"}, {"name": "Ronny Chieng", "type": "Actor"}, {"name": "Amie Donald", "type": "Actor"}, {"name": "Jenna Davis", "type": "Actor"}, {"name": "Gerard Johnstone", "type": "Director"}]	/movie/536554/watch
247	2016-07-14	2016	116	5.364	[{"name": "Kristen Wiig", "type": "Actor"}, {"name": "Melissa McCarthy", "type": "Actor"}, {"name": "Kate McKinnon", "type": "Actor"}, {"name": "Leslie Jones", "type": "Actor"}, {"name": "Chris Hemsworth", "type": "Actor"}, {"name": "Paul Feig", "type": "Director"}]	/movie/43074/watch
110	2023-10-24	2023	98	6.288	[{"name": "Bridget Rose Perrotta", "type": "Actor"}, {"name": "Destiny Leilani Brown", "type": "Actor"}, {"name": "James Liddell", "type": "Actor"}, {"name": "Gideon Berger", "type": "Actor"}, {"name": "Cayla Berejikian", "type": "Actor"}, {"name": "Stephen Cognetti", "type": "Director"}]	/movie/1035982/watch
195	1961-01-25	1961	79	7.2	[{"name": "Rod Taylor", "type": "Actor"}, {"name": "J. Pat O'Malley", "type": "Actor"}, {"name": "Betty Lou Gerson", "type": "Actor"}, {"name": "Martha Wentworth", "type": "Actor"}, {"name": "Ben Wright", "type": "Actor"}, {"name": "Hamilton Luske", "type": "Director"}, {"name": "Wolfgang Reitherman", "type": "Director"}, {"name": "Clyde Geronimi", "type": "Director"}]	/movie/12230/watch
32	2023-08-02	2023	111	5.7	[{"name": "Marta Nieto", "type": "Actor"}, {"name": "Louis Peres", "type": "Actor"}, {"name": "Marvin Dubart", "type": "Actor"}, {"name": "Pablo Cobo", "type": "Actor"}, {"name": "Jacques Martial", "type": "Actor"}, {"name": "Edouard Salier", "type": "Director"}]	/movie/958197/watch
26	2023-09-27	2023	135	6.7	[{"name": "Song Kang-ho", "type": "Actor"}, {"name": "Lim Soo-jung", "type": "Actor"}, {"name": "Oh Jung-se", "type": "Actor"}, {"name": "Jeon Yeo-been", "type": "Actor"}, {"name": "Krystal Jung", "type": "Actor"}, {"name": "Kim Jee-woon", "type": "Director"}]	/movie/901121/watch
114	2021-11-10	2021	97	7.2	[{"name": "Darby Camp", "type": "Actor"}, {"name": "Jack Whitehall", "type": "Actor"}, {"name": "Izaac Wang", "type": "Actor"}, {"name": "John Cleese", "type": "Actor"}, {"name": "Tony Hale", "type": "Actor"}, {"name": "Walt Becker", "type": "Director"}]	 
45	2023-11-17	2023	5	7	[{"name": "Mawaan Rizwan", "type": "Actor"}, {"name": "Julian Bleach", "type": "Actor"}, {"name": "David Tennant", "type": "Actor"}, {"name": "Nicholas Briggs", "type": "Actor"}, {"name": "Barnaby Edwards", "type": "Actor"}, {"name": "Jamie Donoughue", "type": "Director"}]	/movie/1204864/watch
66	2021-03-18	2021	242	8.2	[{"name": "Ben Affleck", "type": "Actor"}, {"name": "Henry Cavill", "type": "Actor"}, {"name": "Gal Gadot", "type": "Actor"}, {"name": "Jason Momoa", "type": "Actor"}, {"name": "Ezra Miller", "type": "Actor"}, {"name": "Zack Snyder", "type": "Director"}]	/movie/791373/watch
217	2012-03-12	2012	142	7.204	[{"name": "Jennifer Lawrence", "type": "Actor"}, {"name": "Josh Hutcherson", "type": "Actor"}, {"name": "Liam Hemsworth", "type": "Actor"}, {"name": "Woody Harrelson", "type": "Actor"}, {"name": "Elizabeth Banks", "type": "Actor"}, {"name": "Gary Ross", "type": "Director"}]	/movie/70160/watch
192	2008-07-19	2008	100	7.743	[{"name": "Yuria Kozuki", "type": "Actor"}, {"name": "Hiroki Doi", "type": "Actor"}, {"name": "George Tokoro", "type": "Actor"}, {"name": "Tomoko Yamaguchi", "type": "Actor"}, {"name": "Yuki Amami", "type": "Actor"}, {"name": "Hayao Miyazaki", "type": "Director"}]	/movie/12429/watch
252	2018-07-19	2018	120	6.7	[{"name": "Denzel Washington", "type": "Actor"}, {"name": "Pedro Pascal", "type": "Actor"}, {"name": "Ashton Sanders", "type": "Actor"}, {"name": "Orson Bean", "type": "Actor"}, {"name": "Bill Pullman", "type": "Actor"}, {"name": "Antoine Fuqua", "type": "Director"}]	/movie/345887/watch
127	2018-02-22	2018	115	6.406	[{"name": "Natalie Portman", "type": "Actor"}, {"name": "Jennifer Jason Leigh", "type": "Actor"}, {"name": "Gina Rodriguez", "type": "Actor"}, {"name": "Tessa Thompson", "type": "Actor"}, {"name": "Tuva Novotny", "type": "Actor"}, {"name": "Alex Garland", "type": "Director"}]	/movie/300668/watch
253	2023-08-30	2023	109	7.412	[{"name": "Denzel Washington", "type": "Actor"}, {"name": "Dakota Fanning", "type": "Actor"}, {"name": "Eugenio Mastrandrea", "type": "Actor"}, {"name": "David Denman", "type": "Actor"}, {"name": "Gaia Scodellaro", "type": "Actor"}, {"name": "Antoine Fuqua", "type": "Director"}]	/movie/926393/watch
236	2005-09-05	2005	102	7.2	[{"name": "Robert Downey Jr.", "type": "Actor"}, {"name": "Val Kilmer", "type": "Actor"}, {"name": "Michelle Monaghan", "type": "Actor"}, {"name": "Corbin Bernsen", "type": "Actor"}, {"name": "Dash Mihok", "type": "Actor"}, {"name": "Shane Black", "type": "Director"}]	/movie/5236/watch
4	1959-07-08	1959	136	7.983	[{"name": "Cary Grant", "type": "Actor"}, {"name": "Eva Marie Saint", "type": "Actor"}, {"name": "James Mason", "type": "Actor"}, {"name": "Jessie Royce Landis", "type": "Actor"}, {"name": "Leo G. Carroll", "type": "Actor"}, {"name": "Alfred Hitchcock", "type": "Director"}]	/movie/213/watch
133	1970-12-20	1970	90	7.2	[{"name": "Catherine Deneuve", "type": "Actor"}, {"name": "Jacques Perrin", "type": "Actor"}, {"name": "Jean Marais", "type": "Actor"}, {"name": "Delphine Seyrig", "type": "Actor"}, {"name": "Fernand Ledoux", "type": "Actor"}, {"name": "Jacques Demy", "type": "Director"}]	/movie/5590/watch
216	1991-10-22	1991	84	7.735	[{"name": "Paige O'Hara", "type": "Actor"}, {"name": "Robby Benson", "type": "Actor"}, {"name": "Richard White", "type": "Actor"}, {"name": "Jerry Orbach", "type": "Actor"}, {"name": "David Ogden Stiers", "type": "Actor"}, {"name": "Gary Trousdale", "type": "Director"}, {"name": "Kirk Wise", "type": "Director"}]	/movie/10020/watch
92	2007-06-30	2007	47	6.7	[{"name": "David Tennant", "type": "Actor"}, {"name": "Freema Agyeman", "type": "Actor"}, {"name": "Anthony Stewart Head", "type": "Actor"}, {"name": "Toby Longworth", "type": "Actor"}, {"name": "Liza Tarbuck", "type": "Actor"}, {"name": "Gary Russell", "type": "Director"}]	/movie/223356/watch
56	2023-09-27	2023	133	7.127	[{"name": "John David Washington", "type": "Actor"}, {"name": "Madeleine Yuna Voyles", "type": "Actor"}, {"name": "Gemma Chan", "type": "Actor"}, {"name": "Allison Janney", "type": "Actor"}, {"name": "Ken Watanabe", "type": "Actor"}, {"name": "Gareth Edwards", "type": "Director"}]	/movie/670292/watch
210	1989-11-17	1989	83	7.4	[{"name": "Jodi Benson", "type": "Actor"}, {"name": "Samuel E. Wright", "type": "Actor"}, {"name": "Pat Carroll", "type": "Actor"}, {"name": "Christopher Daniel Barnes", "type": "Actor"}, {"name": "Kenneth Mars", "type": "Actor"}, {"name": "Ron Clements", "type": "Director"}, {"name": "John Musker", "type": "Director"}]	/movie/10144/watch
132	2023-07-14	2023	124	7.476	[{"name": "Soma Santoki", "type": "Actor"}, {"name": "Masaki Suda", "type": "Actor"}, {"name": "Ko Shibasaki", "type": "Actor"}, {"name": "Aimyon", "type": "Actor"}, {"name": "Yoshino Kimura", "type": "Actor"}, {"name": "Hayao Miyazaki", "type": "Director"}]	/movie/508883/watch
163	2023-11-17	2023	103	5.8	[{"name": "Nassim Lyes", "type": "Actor"}, {"name": "Zoé Marchal", "type": "Actor"}, {"name": "Ciryl Gane", "type": "Actor"}, {"name": "Yassine Stein", "type": "Actor"}, {"name": "Adrien Essamir", "type": "Actor"}, {"name": "Julien Royal", "type": "Director"}]	/movie/1034940/watch
60	2023-11-17	2023	92	6.1	[{"name": "Martin Herlihy", "type": "Actor"}, {"name": "John Higgins", "type": "Actor"}, {"name": "Ben Marshall", "type": "Actor"}, {"name": "Conan O'Brien", "type": "Actor"}, {"name": "Bowen Yang", "type": "Actor"}, {"name": "Paul Briganti", "type": "Director"}]	/movie/1002315/watch
251	2014-09-24	2014	128	7.266	[{"name": "Denzel Washington", "type": "Actor"}, {"name": "Marton Csokas", "type": "Actor"}, {"name": "Chloë Grace Moretz", "type": "Actor"}, {"name": "David Harbour", "type": "Actor"}, {"name": "Haley Bennett", "type": "Actor"}, {"name": "Antoine Fuqua", "type": "Director"}]	/movie/156022/watch
261	2023-11-08	2023	135	7.279	[{"name": "Juliette Binoche", "type": "Actor"}, {"name": "Benoît Magimel", "type": "Actor"}, {"name": "Patrick d'Assumçao", "type": "Actor"}, {"name": "Emmanuel Salinger", "type": "Actor"}, {"name": "Jan Hammenecker", "type": "Actor"}, {"name": "Tran Anh Hung", "type": "Director"}]	/movie/964960/watch
238	2013-08-22	2013	96	6.594	[{"name": "Sharni Vinson", "type": "Actor"}, {"name": "Nicholas Tucci", "type": "Actor"}, {"name": "Wendy Glenn", "type": "Actor"}, {"name": "AJ Bowen", "type": "Actor"}, {"name": "Joe Swanberg", "type": "Actor"}, {"name": "Adam Wingard", "type": "Director"}]	/movie/83899/watch
\.


--
-- Data for Name: movie_details; Type: TABLE DATA; Schema: movie; Owner: postgres
--

COPY movie.movie_details (id, movie_id, language, title, overview, poster_path) FROM stdin;
1	1	EN	Giovanni Improtta	Giovanni Improtta is a criminal who wants to climb the social ladder and become a law-abiding citizen. To achieve it, he commits some more crimes He is betrayed, and ends up under the spotlight of the media and the radar of the police, falsely charged for murder.	/zqt4ljJpstWz37POpES66RXyNSL.jpg
2	4	EN	North by Northwest	Advertising man Roger Thornhill is mistaken for a spy, triggering a deadly cross-country chase.	/8gvfRlVpcKaTVqipXpYOGWBN1aO.jpg
3	4	ES	Con la muerte en los talones	Debido a un malentendido, a Roger O. Thornhill, un ejecutivo del mundo de la publicidad, unos espías lo confunden con un agente del gobierno llamado George Kaplan. Secuestrado por tres individuos y llevado a una mansión en la que es interrogado, consigue huir antes de que lo maten. Cuando al día siguiente regresa a la casa acompañado de la policía, no hay rastro de las personas que había descrito.	/rzOQHh5Utbr3x0UvKIbIU5pVA0f.jpg
4	17	EN	First Kill	Veterans of the Vietnam War tell about their experiences. The disasters but also the glorious moments of war. The central figure in the documentary is the scenario writer of Full Metal Jacket, Michael Herr. The veterans describe how it felt to kill for the first time and how those feelings still haunt them.	/vRbOch5HHr6LHIFHInXoX4UKdcL.jpg
5	20	EN	Scythe Hitting Stone	Russia in 2000. The end of the post-Soviet era. The province of Ivanovo. The Mironovich family keeps a wake: their youngest son Andrej died in the war. His older brother Anton meets Andrej's last wish: He drives his motorcycle through the city at sunrise. Meanwhile, in love with Anton Vika is raped after the disco. Her mother commits a senseless murder at home. There are no guilty parties.	/4HZnRAW3Oe2eXFBAXyjixYuGo8O.jpg
6	22	EN	Doctor Who Children in Need Special 2023	In this special Children in Need episode, the Doctor hurtles through space and time to a crucial point in the Daleks’ history.	/eF7qAVn0X883J6OMDHqCaMYxMWM.jpg
7	24	EN	I Are You, You Am Me	9th-graders Kazuo and Kazumi take a tumble at a temple in a small seacoast town in Japan. Through supernatural intervention, their minds and bodies are switched, and the result is a touching and hilarious coming-of-age comedy as they attempt to survive the pressures of junior high school life.	/blsHDgpWpiAB79piVL5HG6BXZKH.jpg
8	25	EN	Dear Rosie	Dear Rosie is a 1990 British short film directed by Peter Cattaneo from a script by Peter Morgan and Mark Wadlow. The plot follows Rosie, an unsuccessful novelist who begins receiving letters from overweight people after her agent publishes her diet tips. The film was nominated for an Oscar for Best Live Action Short Film.	/3GQNTcvroRHR0LUJ07J8GqxeX4.jpg
9	26	EN	Cobweb	In the 1970s, Director Kim is obsessed by the desire to re-shoot the ending of his completed film Cobweb, but chaos and turmoil grip the set with interference from the censorship authorities, and the complaints of actors and producers who can't understand the re-written ending. Will Kim be able to find a way through this chaos to fulfill his artistic ambitions and complete his masterpiece?	/rytZSF9AwTuDLy8XhNx8CKhma9X.jpg
10	26	ES	Cobweb	La trama se centrará en un director de cine obsesivo durante la década de los 70. Se conoce que habrá metacine y que la fotografía tendrá un toque experimental mezclando el blanco y negro con el color dentro de un mismo fotograma.  Song Kang-ho e Im Soo-jung interpretarán personajes fuera de la película, y Jeon Yeo-been interpretará personajes en la película.	/hJfSFk3InWOO85IyAJ9qd06RgjM.jpg
11	27	EN	obsessed	Kids obsessed with their phones	/nUJvaIf36XJNcgn5CS9ZamxNTke.jpg
12	28	EN	Love Me Strangely	Alain Revent, a seductive and refined man, derives a peculiar satisfaction from debasing his wives. The first, driven to the brink of despair, throws herself out of a window. Enlisting the help of an equally perverse casual acquaintance, Dino, the "handsome brute" proceeds to emotionally torture his second wife, Nathalie. The sadistic plan is picked up on by Officer Leroy who suspects the truth. Will he be able to snatch the unfortunate woman from the evil Alain's clutches?	/oFMcX8qKUOtq8ZDdVhkRZvNKMe8.jpg
13	32	EN	Tropic	Year 2041, France, two trained astronaut twins go through a lot when one of them is contaminated with a mysterious residue from space.	/6RiI8MVIt09vT0HgAadl2pD9w5L.jpg
14	33	EN	Pussy Cruising	What would cruising among lesbians look like? Cruising seems to be a normal part of the gay culture and we all know scenes from famous gay films where men cruise in parks or other public spaces. At the same time, cruising is barely practiced among lesbians. Why? Pussy Cruising tackles this topic in a humorous way and takes you on a flirtatious journey between vibrant fantasy and mundane reality.	/zwhup5EGc7eyL0AT8PzYjin2i0Q.jpg
15	34	EN	Cam2Cam	A serial killer terrorizes a woman searching for the remains of her dead sister, trapping her in a web of horror and erotic intrigue.	/f7DAyS71k7KuP56DWMMUXV7RliC.jpg
16	34	ES	Cam2Cam	Lucy, una joven turista estadounidense en Tailandia, muere tras caer en un misterioso juego erótico de una web llamada Cam2Cam. Su hermana, Allie, llega a Bangkok en busca de respuestas solo para enredarse en una conspiración de un grupo de sádicos.	/f7DAyS71k7KuP56DWMMUXV7RliC.jpg
17	40	EN	Desde que amanece apetece	Pelayo is leaving to work for his uncle Lorenzo and to find a nice girl to settle down with. Pelayo arrives to find out that Lorenzo's "business" is in fact a male strip show and Lorenzo's dancers are a laughing stock. Lorenzo has all his money tied up in his wedding with ex-prostitute Palmira. With Pelayo arriving life turns upside down. Can Lorenzo keep his infidelities a secret and his crew off the streets? Can Pelayo keep from falling for a prostitute on his way to finding a wife?	/zpitqzjjtmhiHoIfBniSvE4dZWb.jpg
18	40	ES	Desde que amanece apetece	Sobreprotegido por sus padres, el inmaduro Pelayo es expulsado de su remoto pueblo asturiano tras una de sus patológicas gamberradas. Es enviado a Madrid para que prospere al amparo de su tío Lorenzo, un empresario triunfador que abandonó el pueblo hace cuarenta años. Su padre le prohíbe volver antes de que se haga un hombre y encuentra una buena chica para casarse. Sin embargo, la realidad se parece muy poco a la imagen que Lorenzo a base de fanfarronadas ha logrado que se tenga de él en su pueblo. El empresario es en realidad un tipo acabado, manager de un grupo de boys piltrafillas que son el hazmerreír del oficio. Ha cifrado sus últimas esperanzas vitales en la inminente boda con Palmira, una prostituta retirada con un hijo obeso que posee un antro cabaretero donde actúan los boys de Lorenzo en despedidas de soltera. La llegada de Pelayo pondrá patas arriba la vida de Lorenzo.	/zpitqzjjtmhiHoIfBniSvE4dZWb.jpg
19	44	EN	Marebito	A fear-obsessed freelance cameraman investigates an urban legend involving mysterious spirits that haunt the subways of Tokyo.	/hRxeJ7gYuEJLyFydqWsrb2yT320.jpg
36	88	EN	The Wildcats of St. Trinian's	The girls of St. Trinian's decide they are being asked to do too much work so they go on strike.	/ucTA4b8CsNazrf2FwT5CI13Zmdq.jpg
20	44	ES	Seres extraños	Masuoka, cámara de televisión de profesión, ha grabado el suicidio particularmente violento de un hombre, cuya mirada llena de espanto le tiene subyugado. No parará hasta comprender el porqué de este terror. Cree encontrar algunas pistas en los subterráneos de Tokio: siguiendo las huellas de los "Deros", un pueblo de leyenda que habría invadido el centro de la Tierra para atormentar a los hombres, descubre a una joven, encadenada, en estado salvaje. La lleva a su casa y la observa: aún encerrada en su mutismo y postrada, muestra un comportamiento extrañamente animal. Su ex-mujer, a la que no reconoce, está preocupada por el juego ambiguo que le une a la chica y apela por última vez a la razón. Pero Masuoka está en lo cierto: ha visto Deros en la ciudad, ha comprendido que la joven se alimenta de sangre humana y decide satisfacer las necesidades de su invitada.	/e695teDuNxSuSNDPk0wuY5OUGmg.jpg
21	45	EN	Doctor Who - Destination: Skaro	The Doctor hurtles through space and time to a crucial point in the Daleks’ history.	/u3ACXY1hMiv6M1KE8guSC7hznLg.jpg
22	46	EN	Everything Now	This gripping and wrenching thriller tells the story of Ilan Halimi who was kidnapped for ransom in a Paris suburb. His captors, who dub themselves The Gang of Barbarians, operate under the assumption that his Jewish heritage means he is worth a lot of money. Taking the audience through the harrowing experience of the Halimi family and sharing a searing insight into Ilan's vicious ordeal, the story tracks the massive but futile investigation doomed by near-misses and tragedy that triggered a national outcry. For 24 days the police, insistent upon handling the case as a normal for-ransom kidnapping, failed to recognize the anti-Semitic overtones of the abduction. Faithfully reenacting events from the view of the various characters, Tout, tout de suite raises troubling questions about the state of anti-Semitism and race relations in contemporary France.	/e3FDf26DJOYmwKUpj2kql3LvuF0.jpg
23	47	EN	Mickey Down Under	Mickey, in the Australian bush, throws a boomerang that gets caught in Pluto’s mouth. Mickey then discovers an egg of an emu. Unfortunately, the parent chases him, but Pluto and the boomerang zoom into his path, leaving the emu all tangled.	/d4WENTGt7t2BpZwCd3ONKXkg1VK.jpg
24	52	EN	The Queen	In 1967, New York City is host to the Miss All-American Camp Beauty Pageant. This documentary takes a look behind the scenes, transporting the viewer into rehearsals and dressing rooms as the drag queen subculture prepares for this big national beauty contest. Jack/Sabrina is the mistress of ceremonies, and their protégé, Miss Harlow, is in the competition. But, as the pageant approaches, the glamorous contestants veer from camaraderie to tension.	/enAf3MycnyeWFhgz8TOos9NvH4s.jpg
25	56	EN	The Creator	Amid a future war between the human race and the forces of artificial intelligence, a hardened ex-special forces agent grieving the disappearance of his wife, is recruited to hunt down and kill the Creator, the elusive architect of advanced AI who has developed a mysterious weapon with the power to end the war—and mankind itself.	/vBZ0qvaRxqEhZwl6LWmruJqWE8Z.jpg
26	56	ES	The Creator	En medio de una guerra futura entre la raza humana y las fuerzas de la inteligencia artificial, Joshua, un duro exagente de las fuerzas especiales que llora la desaparición de su esposa es reclutado para cazar y matar al Creador, el escurridizo arquitecto de la IA avanzada que ha desarrollado una misteriosa arma con el poder de acabar con la guerra... y con la propia humanidad.	/c6otMCRG9bZzI97o9V8hCkOgUvA.jpg
27	58	EN	Oppenheimer: The Real Story	J. Robert Oppenheimer, a physics professor known for creating the atomic bomb during WWII. He witnessed the first atomic bomb detonation in New Mexico in 1945. This film examines Oppenheimer's life, from his early years to his involvement with nuclear physics and his later advocacy for nuclear weapons controls, with interviews and insights from those who knew him and impacted by his legacy.	/ecYTEmn3JBZyWbqwzjmBFfGvi3U.jpg
28	60	EN	Please Don't Destroy: The Treasure of Foggy Mountain	When three friends who live together realize that they don't like their life trajectory, they set off to find a gold treasure that is rumored to be buried in the nearby mountain.	/2WSTjQNamyMoy3kFDemd1os8TNz.jpg
29	61	EN	Doctor Who at the Proms	Highlights from the first ever Doctor Who Prom, which took place at the Royal Albert Hall in July 2008, featuring Murray Gold's celebrated music for the television series, performed by the BBC Philharmonic and London Philharmonic Choir under the baton of Ben Foster. Described as the 'hottest ticket in town', the concert is presented by Freema Agyeman (aka Martha Jones), with a surprise guest appearance by Catherine Tate (aka Donna Noble), and features a specially filmed scene written by Russell T Davies, starring David Tennant and a mischievous Graske. Throughout the concert the music, is accompanied by sequences from the series and Christmas specials, as well as a host of monsters and aliens, including the Doctor's oldest enemies, the Daleks and Cybermen.	/vfrnE8CsF0NdtfSGxrGztot8D3E.jpg
30	63	EN	Mourning Rock	A documentary about Eleusina. The past and the present, in complete antithesis, coexist in a place spoiled by modern industry but which long ago hosted the Eleusinian Mysteries, the secret ceremonies that initiated the ancient Greeks into the miracles of life, death and the afterlife.	/6jpQPZr24E5TINvJogycJAnpUGc.jpg
31	64	EN	Mickey and the Seal	Mickey accidentally takes a seal home, after it sneaks into his picnic basket. When Mickey takes a bath, the seal is discovered and Mickey returns him to the park. Later, however, Mickey and Pluto discover that the bathroom is filled with seals!	/77I5naRsWdziY5rQucMYfk6uKk8.jpg
32	65	EN	Whose Doctor Who	Melvyn Bragg presents this 1977 documentary about Doctor Who from BBC2's 'The Lively Arts' strand, featuring extensive behind-the-scenes coverage of the making of The Talons of Weng-Chiang and looking back at the history of the programme and its psychological impact on the viewers, particularly children.	/n8VpOJPmizQUz3rUnPcbrbU1QQz.jpg
33	66	EN	Zack Snyder's Justice League	Determined to ensure Superman's ultimate sacrifice was not in vain, Bruce Wayne aligns forces with Diana Prince with plans to recruit a team of metahumans to protect the world from an approaching threat of catastrophic proportions.	/tnAuB8q5vv7Ax9UAEje5Xi4BXik.jpg
34	66	ES	La Liga de la Justicia de Zack Snyder	Con la determinación de asegurar que el sacrificio definitivo de Superman no fue en vano, Bruce Wayne une fuerzas con Diana Prince para reclutar a un equipo de metahumanos que protejan el mundo de una amenaza inminente de proporciones catastróficas. La tarea es más difícil de lo que Bruce imaginaba, ya que cada uno de los reclutas deberá enfrentarse a sus propios demonios para trascender aquello que los detenía, para unirse y formar de manera definitiva una liga de héroes sin precedentes. Ahora unidos, Batman, Wonder Woman, Aquaman, Cyborg y Flash deberán salvar al planeta de la amenaza de Steppenwolf, DeSaad y Darkseid, antes de que sea demasiado tarde.	/wcIJgChypo0s6ILm9Dkr13rV5q0.jpg
35	82	EN	Storefront Hitchcock	Live performance by Robyn Hitchcock, in... well, a storefront.	/rljusSHXR6vlKB4yoXWhLD6ZsDX.jpg
37	89	EN	Delia Derbyshire: The Myths And Legendary Tapes	A true pioneer in audio exploration and psycho-acoustics, Delia Derbyshire conceived one of the most familiar compositions in science fiction, the Doctor Who theme, while working in a BBC basement. Her soundscapes felt like they connected to another realm. Kicking off with the discovery of 267 tapes in an attic, along with a treasure trove of journals hidden in her childhood bedroom, this film tunes in to Derbyshire’s frequency; that of a life-long non-conformist, whose peals of laughter in an archive interview tickle with delight and eccentricity. Featuring a rich archive, interviews, fictional embodiment and Cosey Fanni Tutti’s psycho-sonic channelling, director Caroline Catz traces acoustic pathways on her archeological dig into Derbyshire’s resonant life.	/vSidIZ6uarh0qjwrBeGyBwt4kc6.jpg
38	90	EN	The Science of Doctor Who	For one night only, Professor Brian Cox takes an audience of celebrity guests and members of the public on a journey into the wonderful universe of the Doctor, from the lecture hall of the Royal Institution of Great Britain. Drawing on the latest theories as well as 200 years of scientific discoveries and the genius of Einstein, Brian tries to answer the classic questions raised by the Doctor. Can you really travel in time? Does extra-terrestrial life exist in our galaxy? And how do you build something as fantastical as the TARDIS?	/zl0oTjBqCTS9GbxVGabLLNhF71c.jpg
39	92	EN	Doctor Who: The Infinite Quest	In this animated adventure The Doctor and Martha Jones trek through space and time in a race against the galaxy's greatest despot, Balthazar, to follow a complex trail of clues to discover the location of the legendary lost spaceship, the Infinite, which, according to myth, can grant anybody their heart's desire.	/nbYu1NCAhfH7efUhO9zBoMIDqQg.jpg
40	93	EN	Mickey's Delayed Date	Even though Mickey's evening started slow and lazy, things get moving in a hurry when Minnie calls from outside the big dance, wondering why he's late. Luckily his best pal Pluto is happy to help wrangle the uncooperative evening wear and help get him out the door...without the tickets	/1PJ5LjDQqX2BDia3krqiqusiIN5.jpg
41	93	ES	Mickey Mouse: La cita retrasada de Mickey	Mickey, profundamente dormido, recibe la llamada de Minnie, que le espera a la entrada de una fiesta.	/1PJ5LjDQqX2BDia3krqiqusiIN5.jpg
42	94	EN	Report on Death	Peru's submission for the Academy Award for Best Foreign Language Film in 1993	/mC3UEpZrSQy6temp26taxexp4yG.jpg
43	94	ES	Reportaje a la muerte	En este largometraje dos periodistas cubren los incidentes violentos producidos por un motín en una cárcel de presos comunes. La televisión al transmitir en directo, permite que los amotinados se miren como personajes protagónicos. Nuestros periodistas comprenden, después de una serie de conflictos, que están retroalimentando la violencia. La transmisión en directo circula a través de las imágenes de la televisión y éstas vuelven a alimentar la violencia real. Inteligente drama policial, dirigido por Danny Gaviria, ganador del Primer Premio «Vigia» en el Festival Internacional del Nuevo Cine Latinoamericano en (Matanzas, Cuba, 1993) y que fue seleccionado para representar al Perú en el concurso por el Oscar, categoría «mejor película extranjera» en 1993.	/mC3UEpZrSQy6temp26taxexp4yG.jpg
44	95	EN	Destiny	Bekir loves Uğur, who loves Zagor, who is about to get out of jail. An already tense love triangle is thrown into turmoil on a hot summer night, when Zagor kills someone, and Uğur disappears.	/qoUWh2FsZrKTgDMGpMhd90ZZ6Qh.jpg
45	97	EN	Actually Iconic: Richard Estes	Richard Estes has been called the "father of photorealism" but has humbly avoided media attention over his long career. "Actually, Iconic: Richard Estes" invites viewers into Estes' world with unprecedented access to the artist and his masterpieces. Through conversations about his technique and inspirations, and interviews with leading curators and critics this intimate portrait does more than just explore Estes' pioneering genius; it humanizes it.	/c7IBOMscRjFRc0t2VccmKZuMXrm.jpg
46	101	EN	The Day of the Beast	The story revolves around a Basque Roman Catholic priest dedicated to committing as many sins as possible, a death metal salesman from Carabanchel, and the Italian host of a TV show on the occult. These go on a literal "trip" through Christmas-time Madrid to hunt for and prevent the reincarnation of the Antichrist.	/yEXhgACPIV4PmTgHT2HS3Ko2oS3.jpg
47	101	ES	El día de la bestia	Un sacerdote cree haber encontrado el mensaje secreto del Apocalipsis según San Juan: El Anticristo nacerá el 25 de diciembre de 1995 en Madrid. Para detener este nacimiento satánico, el cura se une a un joven aficionado al death metal, José María, intentando por todos los medios descubrir en qué parte de Madrid tendrá lugar el apocalíptico evento. Con la ayuda del profesor Cavan, que presenta un programa de televisión sobre el mundo esotérico y sobrenatural, el cura y José Mari invocan al diablo en una extraña ceremonia.	/zSyv4UqdJIjyGZ5xBrpENET8MI.jpg
48	110	EN	Hell House LLC Origins: The Carmichael Manor	A group of cold case investigators stay at the Carmichael Manor, site of the grisly and unsolved murders of the Carmichael family back in the eighties. After four nights, the group was never heard from again. What is discovered on their footage is even more disturbing than anything found on the Hell House tapes.	/9YlsIwWATGwT6LL5UZVF5xoBTcC.jpg
49	114	EN	Clifford the Big Red Dog	As Emily struggles to fit in at home and at school, she discovers a small red puppy who is destined to become her best friend. When Clifford magically undergoes one heck of a growth spurt, becomes a gigantic dog and attracts the attention of a genetics company, Emily and her Uncle Casey have to fight the forces of greed as they go on the run across New York City. Along the way, Clifford affects the lives of everyone around him and teaches Emily and her uncle the true meaning of acceptance and unconditional love.	/oifhfVhUcuDjE61V5bS5dfShQrm.jpg
50	114	ES	Clifford, el gran perro rojo	Cuando Emily Elizabeth conoce a un rescatador mágico de animales que le regala un pequeño cachorro rojo, nunca se hubiera imaginado que al despertarse se encontraría un sabueso gigante de tres metros en su pequeño apartamento de Nueva York. Mientras su madre soltera se encuentra de viaje de negocios, Emily y su divertido pero impulsivo tío Casey se embarcan en una gran aventura.	/5rWT1jJD5NJmbt0bJXDb3vKOQsh.jpg
51	124	EN	We Are Family	Thirteen-year-old Bastien is the center of a reconstructed family: 6 half-brothers and sisters, 8 "parents," and as many houses. His tasks within the family are far more complex than what he has to do at school.  But enough's enough: the children decide to wage a revolution and turn the rules upside down. All together, the squat a large apartment and now it'll be up to the parents to come to them!	/dnsEJOMcO2NLaoCVqIDJOLMMMh.jpg
52	127	EN	Annihilation	A biologist signs up for a dangerous, secret expedition into a mysterious zone where the laws of nature don't apply.	/4YRplSk6BhH6PRuE9gfyw9byUJ6.jpg
53	127	ES	Aniquilación	Cuando su marido desaparece durante una misión secreta, la bióloga Lena se une a una expedición a una misteriosa región acordonada por el gobierno de Estados Unidos. El grupo, compuesto por varias mujeres científicas, investiga la Zona X, un intrigante lugar controlado por una poderosa fuerza alienígena del planeta Tierra. La Zona X es un lugar al que han ido otras expediciones, pero del que ninguna ha vuelto.	/9kJH2MZ5vaOjuHVvUcnwpa3qCuS.jpg
54	132	EN	The Boy and the Heron	While the Second World War rages, the teenage Mahito, haunted by his mother's tragic death, is relocated from Tokyo to the serene rural home of his new stepmother Natsuko, a woman who bears a striking resemblance to the boy's mother. As he tries to adjust, this strange new world grows even stranger following the appearance of a persistent gray heron, who perplexes and bedevils Mahito, dubbing him the "long-awaited one."	/jDQPkgzerGophKRRn7MKm071vCU.jpg
55	132	ES	El chico y la garza	La película muestra el crecimiento psicológico de un adolescente a través de interacciones con sus amigos y su tío. Está basada en el libro de 1937 del mismo nombre escrito por Genzaburo Yoshino.	/cUZop9T440Bx25P8Ptc0qXkLYEa.jpg
56	133	EN	Donkey Skin	A fairy godmother helps a princess disguise herself so she won't have to marry her father.	/kSODEFNpTBCOJNHhsbwrwvH0Uvd.jpg
57	133	ES	Piel de asno	En su lecho de muerte, la Reina hace prometer al Rey que no volverá a casarse hasta que no encuentre a una mujer que la supere en bondad y belleza. Algunos años después, el Rey encuentra a la perfecta sustituta de su esposa: su propia hija. El Hada de las Lilas, la madrina de la joven princesa, le aconseja que pida a su padre, como regalo, unos vestidos maravillosos, aparentemente imposibles de confeccionar. Pero como el Rey consigue los vestidos, la princesa le pide que le regale una capa hecha con la piel del asno banquero, principal fuente de riqueza del Reino.	/fRacpukdnSsDWnrqAFp53sNY1RD.jpg
58	145	EN	Rabbitland	Life is good in Rabbitland - its rabbit inhabitants have reached the highest stage of evolution where they have no brains and happily spend their days voting in the free and democratic elections.	/xEidotie8UeGC9U9Dn1BGQDik7f.jpg
59	146	EN	Untravel	A film about (local) patriotism, tourism and emigration. A girl lives in a gray, isolated country, enclosed by a huge wall. She has never travelled anywhere, but all her life she has dreamt of leaving forever for a perfect world called “Abroad”.	/xSrjuXbhErV9G3me1NeWlgJiJ1e.jpg
60	149	EN	Freight	An alien being fights to complete an impossible task. A metaphor for the emotional weight one carries within, and the hardships when striving to rid oneself of it.	/anuSsThVPYXabPpwdZHscUAWI4L.jpg
61	150	EN	Unforgettable	Hoping to fix a failed relationship a young woman kidnaps her ex-boyfriend and subjects him to technology that alters his memories in order to get their lives back on track.	/m8tUMvzWB4yhEJDNWAFvPofMK3K.jpg
62	151	EN	Rocket Roaches	When the diligent cockroaches build a rocket to fly to the moon, they accidentally wake up one of the last humans from his virtual dreams.	/8j9Vz6jrHjqfBuxTnjHzn5QJFJa.jpg
63	152	EN	Irradiation	While being escorted to a mysteriously irradiated site, a scientist experiences strange visions.	/wPXQTWRaKUceM0bAc4UZGmsmwjr.jpg
64	153	EN	Verity	The thrilling story of Verity Lambert and her struggle to get Doctor Who on the air. The legendary producer's amazing story, written by Thomas Cowell and Joey Guy, is a must-see for both fans of the show and those who aren't so keen.	/z30oVvgQPgyj0vNtqUh6jcgEnU1.jpg
65	154	EN	Greg	A young man is bullied by a physical personification of his anxiety before a date.	/5kTp30elLqVXoBw0TiS6CwKh3WI.jpg
66	155	EN	Hammer A.D. 2023	A short documentary to celebrate Hammer Films' 89th anniversary. Discover how Hammer has shaped the horror genre, influenced culture, and what the future holds. Featuring insights from new CEO and Chairman John Gore, candid conversations with legendary Hammer Glamour icons Caroline Munro and Madeline Smith, plus contributions from writer and actor Mark Gatiss. Plus, voices of the horror community — from seasoned critics to influential content creators — discuss the indelible mark Hammer Films has made on the genre.	/bvgzrBWu7wIHYaq2mE1DwnZOVor.jpg
67	156	EN	Karkalou	In this avant-garde look at a series of unique or eccentric men and women, director Stavros Tornes has created a film that is visually engaging, but too obscure in many points to be understood. The main protagonists are a young taxi driver -- a man who has had some very unusual, puzzling, and inspirational experiences -- and a middle-aged painter he gains as a new friend. The two men are complemented by a few tough women (all played by the same actress), a pair of verbose politicos, and a handful of other distinctive characters. By the end of the movie, transformations are in store for the pair of friends, reflecting the tenor of the film throughout. ~ Eleanor Mannikka, Rovi	/u9POqbgLK5Co942uMJDyv6Kju37.jpg
68	157	EN	Sharknado	A freak hurricane hits Los Angeles, causing man-eating sharks to be scooped up in tornadoes and flooding the city with shark-infested seawater. Surfer and bar-owner Fin sets out with his friends Baz and Nova to rescue his estranged wife April and teenage daughter Claudia.	/dHttBkuLDqodHDywcmJuqRM4h48.jpg
69	157	ES	Sharknado	Se centra en una ciudad que está aterrorizada por miles de tiburones que fueron traídos por un huracán. Cuando los tornados se empiezan a formar y criar a los tiburones de la tierra, los asesinos mortales comienzan su destrucción en el agua, la tierra y en el aire.	/dHttBkuLDqodHDywcmJuqRM4h48.jpg
70	163	EN	All-Time High	Trapped by his own lies to please the sublime Stella and ensure their lifestyle, Thiago commits little scams to keep up appearances. Unsurprisingly, when the masks fall (well, especially her wig), her life collapses. However, when he crosses paths with Stéphanie, on the verge of becoming extremely rich thanks to cryptocurrency, he regains confidence. Would she be the solution to all his problems or has he found his master?	/cQvINIqpk81Ax0QCcQXxjGD7Dgv.jpg
71	163	ES	Nuevos ricos	Un estafador sin un duro y una mujer con una fortuna en criptomonedas congenian al instante. ¿Será ella la solución a todos sus problemas o va a ser el timador timado?	/voNnO8aemlkDVSPsPg74qjsQen4.jpg
72	164	EN	Come and See	The invasion of a village in Byelorussia by German forces sends young Florya into the forest to join the weary Resistance fighters, against his family's wishes. There he meets a girl, Glasha, who accompanies him back to his village. On returning home, Florya finds his family and fellow peasants massacred. His continued survival amidst the brutal debris of war becomes increasingly nightmarish, a battle between despair and hope.	/qNbMsKVzigERgJUbwf8pKyZogpb.jpg
73	164	ES	Masacre (Ven y mira)	Película de encargo para celebrar el 40 aniversario de la victoria aliada en la Segunda Guerra Mundial. Relata, a través de los ojos de un niño progresivamente endurecido por el sufrimiento, la matanza sistemática de los habitantes de las aldeas bielorrusas, más de 600, durante la guerra.	/j2hzNkmwYT184eP9qYdjViiYxCO.jpg
74	169	EN	Five Dolls for an August Moon	A wealthy playboy gathers a group of bourgeois friends at his isolated beach house for a weekend of relaxation. When bodies start pilling up, they realize they’re trapped with a killer in their midst, sending them in a frenzy to figure out who amongst them is killing the others before they are killed next.	/AvWAWkRUhxPlDT7XgZOAXsdyUPO.jpg
75	169	ES	Cinco muñecas para la luna de agosto	George Stark, afamado industrial, reúne en su isla privada a un grupo heterogéneo de personas. Poco a poco, los habitantes del solitario escollo comenzarán a ser asesinados.	/ow9qoWIkj9t8xegWz1XfUIUmXCZ.jpg
76	171	EN	Roman Holiday	Overwhelmed by her suffocating schedule, touring European princess Ann takes off for a night while in Rome. When a sedative she took from her doctor kicks in, however, she falls asleep on a park bench and is found by an American reporter, Joe Bradley, who takes her back to his apartment for safety. At work the next morning, Joe finds out Ann's regal identity and bets his editor he can get exclusive interview with her, but romance soon gets in the way.	/8lI9dmz1RH20FAqltkGelY1v4BE.jpg
77	171	ES	Vacaciones en Roma	Durante una visita a Roma, Ana, la joven princesa de un pequeño país centroeuropeo que detesta sus obligaciones y desea pasar inadvertida, se escapa de palacio para visitar la ciudad de incógnito. Así conoce a Joe, un periodista americano que busca una exclusiva y finge desconocer su verdadera identidad. La pareja vivirá entonces unas jornadas inolvidables.	/1YGhKpQpojziGyv4XE1hzo2jKtN.jpg
78	176	EN	Nagi El-Ali	Based on the life of Palestinian cartoonist Naji El-Ali who was assassinated in London in 1987.	/nVRjbOReMeIv192PcwPs5zj8COZ.jpg
79	177	EN	A Feast of Flesh	When a young woman is seduced into joining a brothel of lusty vampires, she unwittingly shatters a truce between the vampy hookers and a band of vampire slayers who agreed to let the women live as long as they left the locals unmolested. Now that the fangs have come out, it means war.	/jvFAoZW8oP0SISFdwfyO89IrdOs.jpg
80	178	EN	Hua Mulan	The movie "Hua Mulan" was jointly produced by Zhenle Media and Tianyu Media.	/s5CnGT58WWE5mz5cQ4zBfv1HT0J.jpg
81	179	EN	Half a Century of Poetry Later	Quarter the century after the Rivian Pogrom (the very last events from the Witcher Saga) Kaer Morhen, an old keep of the witchers from the school of the Wolf, is being attacked. Leader of the assault is a mighty warrior - Agaius. A few years later from Aretuza, newly rebuilt school of the sorceress, runs Ornella, who has been suspected of finding the legendary Alzur's Almanac. In pursuit comes Triss Merigold, with help of an old bard, Dandelion, his bastard son Julian and Lambert, the last monster slayer, seeking for revenge.	/u3HZWJLqvV1x3EeHesanJYcWebU.jpg
82	180	EN	A Hazel Tree Twig	The girl Mariuka goes in search of her brother Grigorash - he was carried away by the evil sorceress Kloantsa. On the way, the girl helps the Walnut Bush and the Giant. The bush gives her a magic tree twig...	/8vU3metaiwqUzo6KmZ2Ud3EXvF3.jpg
83	181	EN	The Key	The film is a cautionary tale about the need to develop good work habits, personal responsibility and conscience in life.	/sFeieDfZsMnqh4D3msHBNCagsly.jpg
84	182	EN	Tabu	Solidarity with the border people. Equal rights for the sexual  deviants. Kristoffer Lohman is a young solicitor who collects stories and knowledge of different perversions. This has affected and changed his own sexual life. Sara, a young well-behaved and adorned woman, becomes interested in Kristoffer's activity.	/hIvrgGNsYCDsaJC6Dkk5T3aE1fY.jpg
85	183	EN	M3GAN	A brilliant toy company roboticist uses artificial intelligence to develop M3GAN, a life-like doll programmed to emotionally bond with her newly orphaned niece. But when the doll's programming works too well, she becomes overprotective of her new friend with terrifying results.	/d9nBoowhjiiYc4FBNtQkPY7c11H.jpg
86	183	ES	M3GAN	Un ingeniero en robótica de una empresa de juguetes construye una muñeca realista que comienza a cobrar vida propia.	/tv3Yjn78U8hFGFrkSypiIhHNUh3.jpg
87	192	EN	Ponyo	When Sosuke, a young boy who lives on a clifftop overlooking the sea, rescues a stranded goldfish named Ponyo, he discovers more than he bargained for. Ponyo is a curious, energetic young creature who yearns to be human, but even as she causes chaos around the house, her father, a powerful sorcerer, schemes to return Ponyo to the sea.	/yp8vEZflGynlEylxEesbYasc06i.jpg
88	192	ES	Ponyo en el acantilado	La historia se centra en Sosuke, un niño de 5 años, y su relación con una princesa pez que ansía convertirse en un ser humano. Libre adaptación de "La sirenita" que obtuvo muy buena acogida de la crítica en el Festival de Venecia 2008.	/zSbeQ5DQ2z4TKoazh1I613cNxj4.jpg
89	195	EN	One Hundred and One Dalmatians	When a litter of dalmatian puppies are abducted by the minions of Cruella De Vil, the parents must find them before she uses them for a diabolical fashion statement.\r In a Disney animation classic, Dalmatian Pongo is tired of his bachelor-dog life. He spies lovely Perdita and maneuvers his master, Roger, into meeting Perdita's owner, Anita. The owners fall in love and marry, keeping Pongo and Perdita together too. After Perdita gives birth to a litter of 15 puppies, Anita's old school friend Cruella De Vil wants to buy them all. Roger declines her offer, so Cruella hires the criminal Badun brothers to steal them -- so she can have a fur coat.	/mRY84MJeWKnp9joev82QtslJFvk.jpg
90	195	ES	101 dálmatas	Pongo y Perdita, los dalmatas protagonistas, son una feliz pareja canina que vive rodeada de sus cachorros junto a sus amos, Roger y Anita. Pero la felicidad no es eterna y hay una malvada mujer, que vive en una gran mansion, que es la mayor enemiga del perro.Cuando se entera de que los protagonistas tienen nada menos que quince cachorros dalmatas, su sueño de obtener un exclusivo abrigo de piel de los pequeños perros, se convierte en una obsesion. Para conseguirlo contrata a dos ladrones y pone en marcha un malvado plan con el unico fin de secuestrar a los dalmatas.	/wny5QtN4D9KYRaW3jDCNMSCQ8gc.jpg
91	196	EN	Next Goal Wins	Dutch coach Thomas Rongen attempts the nearly impossible task of turning the American Samoa soccer team from perennial losers into winners.	/zWmKqcox4AgM3deEEVCeYqEOOJ2.jpg
92	196	ES	El peor equipo del mundo	Drama deportivo que cuenta la historia del entrenador holandés Thomas Rongen, artífice de realizar una tarea prácticamente imposible en el deporte: tomó las riendas del equipo de fútbol de la Samoa Americana y trató de hacer de un grupo de perdedores unos ganadores natos.	/rAFNxs9nkgoW20QNlBqY2hlRmWQ.jpg
93	197	EN	Taylor Swift: Live On the Seine	Discover Taylor Swift's exceptional acoustic showcase recorded on a barge in Paris in January 2013. Includes the singles from the new album "RED": "We Are Never Ever Getting Back Together", "I Knew You Were Trouble", "22"... but also "You Belong With Me" and "Love Story"...	/5PYG3cwOEv2ue8YzZCOL6bNs1Tv.jpg
94	198	EN	Contra	With his uncouth manner, Professor Pohl doesn’t enjoy the best reputation at the university where he works. To make matters worse, he makes a racist remark when student Naima arrives late for his lecture. Unfortunately for him, a video of his verbal outburst spreads like wildfire on the Internet, and the university’s president, Lambrecht, is called to deal with the incident. But Pohl is not dismissed. Instead, he is put to the task of helping Naima prepare for an important debating competition. The lecturer and the student could not be more different, yet they are thrown together to work as a team.	/m2p8j2qVJNV26GyoEF4GJOv0xQg.jpg
98	207	EN	Killing Romance	A retired actress who marries an island chaebol and meets a 3-time-test-taker who lives next door.	/d5cvYhiyykZrliPSPqO4iFGJMus.jpg
95	198	ES	Contra	El choque entre una joven estudiante de origen inmigrante y el arrogante profesor con el que debe preparare un debate en una comedia dramática que fue todo un taquillazo en Alemania, con 200.000 entradas vendidas el primer fin de semana.Naima (Nilam Farooq) es una joven y talentosa estudiante de origen magrebí que lucha por sus estudios y por mantener a flote a su familia. En la universidad se dará de bruces con el profesor Richard Pohl (Christoph Maria Herbst), un brillante académico que parece distante y lleno de prejuicios desde su torre de marfil. Sin embargo, las circunstancias los obligarán a trabajar juntos, a conocerse y a respetarse.	/5MnS4GLxztucU4BGLtXFaDCqVL3.jpg
96	201	EN	Phoenix	German-Jewish cabaret singer Nelly survived Auschwitz but had to undergo reconstructive surgery as her face was disfigured. Without recognizing Nelly, her former husband Johnny asks her to help him claim his wife’s inheritance. To see if he betrayed her, she agrees, becoming her own doppelganger.	/wxjXlO1sHQZdOcJfFDKBYQthfoo.jpg
97	201	ES	Phoenix	Una cantante es traicionada y enviada a un campo de concentración. Al finalizar su calvario, vuelve con la cara totalmente desfigurada y pide a un eminente cirujano que se la reconstruya para que sea lo más parecida a como era antes. Recuperada de la operación empieza a buscar a su marido, un pianista. Pero el reencuentro no es lo que ella esperaba.	/b6ge0RM3Adgvc5rScrMDAgkW4MM.jpg
99	208	EN	Katy Perry: Part of Me	Giving fans unprecedented access to the real life of the music sensation, Katy Perry: Part of Me exposes the hard work, dedication and phenomenal talent of a girl who remained true to herself and her vision in order to achieve her dreams. Featuring rare behind-the-scenes interviews, personal moments between Katy and her friends, and all-access footage of rehearsals, choreography, Katy’s signature style and more, Katy Perry: Part of Me reveals the singer’s unwavering belief that if you can be yourself, then you can be anything.	/yPW5Lmptt7z8rCYtVYjkpyjI3SY.jpg
100	208	ES	Katy Perry: Part of Me	Documental sobre la vida de la famosa cantante Katy Perry, dentro y fuera del escenario.	/yPW5Lmptt7z8rCYtVYjkpyjI3SY.jpg
101	210	EN	The Little Mermaid	This colorful adventure tells the story of an impetuous mermaid princess named Ariel who falls in love with the very human Prince Eric and puts everything on the line for the chance to be with him. Memorable songs and characters -- including the villainous sea witch Ursula.	/plcZXvI310FkbwIptvd6rqk63LP.jpg
102	210	ES	La sirenita	Ariel es una sirena adolescente, hija de Tritón, el rey del mar. Desobedeciendo a su padre, visita la superficie y se enamora del príncipe Eric. Con la esperanza de encontrar a su amado, la sirenita cae inocentemente bajo los encantos de Úrsula, la bruja del mar, que la transforma en un ser humano. Pero la bruja tiene planes terribles para Ariel y su padre.	/muTcgTmuyvXQldGNnCzen9FgDfW.jpg
103	211	EN	Trolls Holiday in Harmony	Queen Poppy plans the first annual Trolls Kingdom Secret Holiday Gift Swap, but things don't go quite as expected.	/xl0jqhLC8BwtZT6pXGgKwSygQ4u.jpg
104	211	ES	Trolls Holiday in Harmony	Queen Poppy planea el primer intercambio anual de regalos navideños secretos de Trolls Kingdom, pero las cosas no salen como se esperaba.	/dpWabQBlJwrJseeXE2fMp6fdKir.jpg
105	213	EN	The Wizard of Oz	Young Dorothy finds herself in a magical world where she makes friends with a lion, a scarecrow and a tin man as they make their way along the yellow brick road to talk with the Wizard and ask for the things they miss most in their lives. The Wicked Witch of the West is the only thing that could stop them.	/pfAZFD7I2hxW9HCChTuAzsdE6UX.jpg
106	213	ES	El mago de Oz	La huérfana Dorothy Gale vive una vida sencilla en Kansas con su tía Emma Clara Blandick, su tío Henry y tres pintorescos peones: Hunk, Zeke y Hickory. Un día la severa vecina Miss Gulch es mordida por el perro de Dorothy, Toto. Miss Gulch se lo lleva, por orden del sheriff, a pesar de las apasionadas protestas de tía Emma y el tío Henry. Toto escapa y regresa junto a Dorothy, la cual se alegra momentáneamente, pero pronto se da cuenta de que Miss Gulch regresará. Decide llevarse a Toto y fugarse en busca de una vida mejor 'en algún lugar sobre el arco iris'.	/eDLD2UTvX3zbiOcEHn0gJeVvZF7.jpg
107	216	EN	Beauty and the Beast	Follow the adventures of Belle, a bright young woman who finds herself in the castle of a prince who's been turned into a mysterious beast. With the help of the castle's enchanted staff, Belle soon learns the most important lesson of all -- that true beauty comes from within.	/hUJ0UvQ5tgE2Z9WpfuduVSdiCiU.jpg
108	216	ES	La bella y la bestia	Una hermosa joven llamada Bella acepta alojarse en un castillo con una bestia a cambio de la libertad de su padre. La bestia es, en realidad, un príncipe encantado. Para romper el hechizo, deberá ganarse el amor de una preciosa dama antes de que caiga el último pétalo de una rosa encantada.	/1FxMtEUc6DP1MXsTBftOFaoCVVO.jpg
109	217	EN	The Hunger Games	Every year in the ruins of what was once North America, the nation of Panem forces each of its twelve districts to send a teenage boy and girl to compete in the Hunger Games.  Part twisted entertainment, part government intimidation tactic, the Hunger Games are a nationally televised event in which “Tributes” must fight with one another until one survivor remains.  Pitted against highly-trained Tributes who have prepared for these Games their entire lives, Katniss is forced to rely upon her sharp instincts as well as the mentorship of drunken former victor Haymitch Abernathy.  If she’s ever to return home to District 12, Katniss must make impossible choices in the arena that weigh survival against humanity and life against love. The world will be watching.	/yXCbOiVDCxO71zI7cuwBRXdftq8.jpg
110	217	ES	Los Juegos del Hambre	Lo que en el pasado fueron los Estados Unidos, ahora es una nación llamada Panem: un fastuoso Capitolio ejerce un control riguroso sobre los doce distritos que lo rodean y que están aislados entre sí. Cada distrito se ve obligado a enviar anualmente un chico y una chica entre los doce y los dieciocho años para que participen en los Hunger Games, que son transmitidos en directo por la televisión. Se trata de una lucha a muerte, en la que sólo puede haber un superviviente. Katniss Everdeen, una joven de dieciséis años, decide sustituir a su hermana en los juegos; pero para ella, que ya ha visto la muerte de cerca, la lucha por la supervivencia es su segunda naturaleza.	/5wI2KoZdTwOtZFPyesVRaEEpOOz.jpg
111	227	EN	Made of Honor	Tom and Hannah have been platonic friends for 10 years. He's a serial dater, while she wants marriage but hasn't found Mr. Right. Just as Tom is starting to think that he is relationship material after all, Hannah gets engaged. When she asks Tom to be her 'maid' of honor, he reluctantly agrees just so he can attempt to stop the wedding and woo her.	/pDg8D0jNqmz7RbCBgblWvmPswHE.jpg
112	227	ES	La boda de mi novia	Para Tom (Patrick Dempsey) la vida es maravillosa: es un triunfador, tiene éxito con las mujeres y sabe que siempre podrá confiar en su mejor amiga, la encantadora Hannah (Michelle Monaghan). Todo va bien hasta que Hannah se va seis semanas a Escocia por razones de trabajo; entonces Tom se da cuenta de que sin ella su vida está tan vacía que está decidido a pedirle que se case con él en cuanto vuelva. El problema es que cuando Hannah regresa está prometida y le pide a Tom que sea su "dama de honor"...	/xvLfAebCzXQvAqlv4Wx3IcTVgYI.jpg
113	232	EN	Not Love, Just Frenzy	From the land of Almodovar comes a hot new film about drugs, sex &amp; everything else!	/e843ZAdn3f5R7SFTRIqoV7Ttk91.jpg
114	232	ES	Más que amor, frenesí	Max vive de las mujeres pero... ¿Es cierto que las mata después de hacer el amor con ellas? Mónica oculta en su bolso: sus bragas, una pistola y una cinta de video donde hace el amor con Max. "Más que amor frenesí" es la historia de un crimen sexual, de jóvenes que juegan con fuego, que disfrazan la verdad convirtiéndola en lo que ellos quieren que sea. Es una película de sentimientos donde se confunde el amor con el deseo y con el miedo a la sociedad. Reencuentros, secretos, confesiones, locuras, sueños, arrebatos, decepciones y evasión. Personajes que buscan en el sexo la amistad, el cariño, su propia identidad o simplemente dinero. Entre todos ellos hay tres puntos en común: su juventud, la música y el delirio furioso que es "Más que amor frenesí".	/e843ZAdn3f5R7SFTRIqoV7Ttk91.jpg
115	233	EN	The Hunger Games: Catching Fire	Katniss Everdeen has returned home safe after winning the 74th Annual Hunger Games along with fellow tribute Peeta Mellark. Winning means that they must turn around and leave their family and close friends, embarking on a "Victor's Tour" of the districts. Along the way Katniss senses that a rebellion is simmering, but the Capitol is still very much in control as President Snow prepares the 75th Annual Hunger Games (The Quarter Quell) - a competition that could change Panem forever.	/vrQHDXjVmbYzadOXQ0UaObunoy2.jpg
116	233	ES	Los juegos del hambre: En llamas	Katniss Everdeen vuelve a casa sana y salva después de ganar los 74º Juegos del Hambre anuales junto a su compañero Peeta Mellark. Participar significa dejar atrás familia y amigos y hacer ambos el Tour de la Victoria por los diferentes distritos. A lo largo del camino, Katniss se da cuenta de que se está gestando una rebelión, pero en el Capitolio todo sigue bajo control: el Presidente Snow organiza los 75º Juegos del Hambre, El Vasallaje, una competición especial con una inesperada novedad que cambiará Panem para siempre.	/fe80QhoNxp6FnVXdkvSMea73xyj.jpg
117	235	EN	Dear Jinri	"Dear Jinri" explores the daily concerns and thoughts of actress and singer Sulli, whose real name is Choi Jinri, where she talks about her childhood, career and more in this interview she gave in 2019.	/rmVwYOvhTRNSXKZUjbod7z0QdZl.jpg
118	235	ES	Dear Jinri	"Dear Jinri" es un largometraje documental que explora las preocupaciones y pensamientos diarios de la actriz y cantante Sulli, cuyo nombre real es Choi Jin-ri, a través de un formato de entrevista.	/rmVwYOvhTRNSXKZUjbod7z0QdZl.jpg
119	236	EN	Kiss Kiss Bang Bang	A petty thief posing as an actor is brought to Los Angeles for an unlikely audition and finds himself in the middle of a murder investigation along with his high school dream girl and a detective who's been training him for his upcoming role...	/aWfjIkpENFX6Uw82pET7EQ6jnrd.jpg
120	236	ES	Kiss Kiss, Bang Bang	Harry Lockhart es en esencia un tipo decente. Es cierto que es un ladrón de poca monta, pero quiere hacer lo correcto. La eterna mala suerte de Harry empieza a mejorar cuando él y su socio están haciendo algunas "compras" navideñas fuera de horas en una tienda de juguetes de Nueva York y la alarma de seguridad acaba con la fiesta. En su frenética huída de la policía, Harry se ve metido sin querer en una audición para una película de detectives de Hollywood y, en un abrir y cerrar de ojos, el productor lo lleva en avión a Los Angeles para hacerle una prueba.	/iGMX3xPlJwOgbNWalvSviUZxFsD.jpg
121	237	EN	Run and Kill	A man returns home to find his wife with another man. He goes to a bar and begins to drink, waking up the next day to find that he owes a mafioso money for killing his wife.	/mSJ0F6pF1RfIa0xXYB5aFkGYhA3.jpg
122	238	EN	You're Next	When the Davison family comes under attack during their wedding anniversary getaway, the gang of mysterious killers soon learns that one of their victims harbors a secret talent for fighting back.	/fuVVOSyXW4kFiK6M5zLsDMIjTa1.jpg
123	238	ES	Tú eres el siguiente	La familia Davison es atacada por un grupo de asesinos sádicos durante una escapada familiar. Atrincherados en la casa de vacaciones, hacen frente a los asaltantes. Los asesinos enmascarados no contaban con la presencia de Erin, la novia del hijo mayor de los Davison, cuyo misterioso pasado la ha hecho fuerte y muy difícil de matar.	/kZvndcQki8vzj9CTGSqWqQYvgDA.jpg
124	242	EN	Kidnapping, Caucasian Style	Shurik, a kind but naïve ethnography student, falls in love with the intelligent, athletic and beautiful All-Union Leninist Young Communist League member Nina. He has a rival in the wealthy comrade Saakhov, who concocts a kidnapping scheme to force Nina to marry him.	/orp7Ec8fDDHXFYnAjOPWsuF0Dhe.jpg
125	242	ES	Un rapto a la caucasiana	En su búsqueda de costumbres y folklore de la región del Cáucaso, el inocente Shurik conoce a una hermosa chica, que es secuestrada para casarse a la fuerza con un cacique local. Shurik cree que es todo una vieja tradición de la zona...	/bKKwh0S9RrkIZ28E7VYwdyu0ARZ.jpg
126	243	EN	The House of the Devil	A young college student who’s struggling financially takes a strange babysitting job which coincides with a full lunar eclipse. She slowly realizes her clients harbor a terrifying secret, putting her life in mortal danger.	/4abKUbc9IbsndbaY1hacN1iPM0Y.jpg
127	243	ES	La casa del diablo	En algún momento indeterminado de los años 80, una joven estudiante, Samantha Hughes, acepta un trabajo como canguro que coincide con una eclipse lunar. Pronto se da cuenta de que sus clientes ocultan un temible secreto...	/z4iQTXiHW3JUJBBQAdQYTSFPFbd.jpg
128	244	EN	The World in His Arms	A boisterous sea captain in the Pacific Coast, circa 1850, has a plan to buy Alaska from the Russians… if they don’t kill him first.	/dxqGT4lJ3wolbNAASncbtphbL5g.jpg
129	244	ES	El mundo en sus manos	1850. Jonathan Clark, el capitán de la goleta La peregrina de Salem, se enamora en San Francisco de la condesa rusa Marina Selanova, mientras recoge un valioso cargamento de pieles. Sin embargo, ella ha llegado a la ciudad para contraer un matrimonio concertado con el pérfido príncipe Semyon.	/jURjcgVZI6bZV4OpHVPkU56rnPI.jpg
130	247	EN	Ghostbusters	Following a ghost invasion of Manhattan, paranormal enthusiasts Erin Gilbert and Abby Yates, nuclear engineer Jillian Holtzmann, and subway worker Patty Tolan band together to stop the otherworldly threat.	/wJmWliwXIgZOCCVOcGRBhce7xPS.jpg
131	247	ES	Cazafantasmas	Manhattan, Nueva York. Después de casi treinta años sin saber de ellos, los fantasmas y demonios se han vuelto a escapar de los infiernos para destruir la ciudad. Esta vez un nuevo equipo de Cazafantasmas, formado por un grupo de cuatro mujeres, está dispuesto a terminar con cualquier amenaza espectral.	/gG8Tv060zoUwmeGEk8lGBULO9hw.jpg
132	251	EN	The Equalizer	McCall believes he has put his mysterious past behind him and dedicated himself to beginning a new, quiet life. But when he meets Teri, a young girl under the control of ultra-violent Russian gangsters, he can’t stand idly by – he has to help her. Armed with hidden skills that allow him to serve vengeance against anyone who would brutalize the helpless, McCall comes out of his self-imposed retirement and finds his desire for justice reawakened. If someone has a problem, if the odds are stacked against them, if they have nowhere else to turn, McCall will help. He is The Equalizer.	/9u4yW7yPA0BQ2pv9XwiNzItwvp8.jpg
133	251	ES	The equalizer (El protector)	Robert McCall, un antiguo agente de la CIA que lleva ahora una vida tranquila, abandona su retiro para ayudar a Teri, que está siendo explotada por la mafia rusa. A pesar de que aseguró no volver a ser violento, contemplar tanta crueldad despertará en Robert un implacable y renovado deseo de justicia.	/8nOE7FrxZZENVR9ewE9X8W22rgp.jpg
134	252	EN	The Equalizer 2	Robert McCall, who serves an unflinching justice for the exploited and oppressed, embarks on a relentless, globe-trotting quest for vengeance when a long-time girl friend is murdered.	/cQvc9N6JiMVKqol3wcYrGshsIdZ.jpg
135	252	ES	The Equalizer 2	Regresa a la gran pantalla Robert McCall, el veterano ex-agente del gobierno que decide seguir combatiendo por su cuenta contra delincuentes, secuestradores o cualquier tipo de extorsionador, por muy arriesgados que sean. Pero en esta ocasión, este justiciero va a tener que enfrentarse a un caso en el que entrarán en juego cuestiones muy personales. Y es que Susan Plummer, su compañera de la CIA, una ex-agente retirada, ha desaparecido. De esta manera, la misión hará que McCall se vea cara a cara con secuestradores y sicarios de alto nivel con los que nadie está a salvo, mientras que pone a prueba su tenacidad y habilidades ahora que alguien querido está en juego.	/aJIlEuDE9KVmTlMxU7VO9ufFfqy.jpg
136	253	EN	The Equalizer 3	Robert McCall finds himself at home in Southern Italy but he discovers his friends are under the control of local crime bosses. As events turn deadly, McCall knows what he has to do: become his friends' protector by taking on the mafia.	/b0Ej6fnXAP8fK75hlyi2jKqdhHz.jpg
137	253	ES	The Equalizer 3	Desde que renunció a su vida como asesino del gobierno, Robert McCall (Denzel Washington) ha luchado para reconciliarse con las cosas horribles que ha hecho en el pasado y encuentra un extraño consuelo en hacer justicia en nombre de los oprimidos. Mientras se encuentra en su casa en el sur de Italia, descubre que sus nuevos amigos están bajo el control de los jefes del crimen local. A medida que los acontecimientos comienzan a complicarse, McCall entiende lo que tiene que hacer: convertirse en el protector de sus amigos enfrentándose a la temida mafia.	/eJKmexmCLwuxOxlAURSMnBVkfmY.jpg
138	254	EN	House of Wax	A group of unwitting teens are stranded near a strange wax museum and soon must fight to survive and keep from becoming the next exhibit.	/hgKMDkpZsSpTKDWW8xsdtcDmY0S.jpg
139	254	ES	La casa de cera	Seis amigos que viajan por carretera para asistir al campeonato universitario de fútbol más importante del año, deciden acampar al aire libre la víspera del partido. A la mañana siguiente, se dan cuenta de que su coche ha sido manipulado, así que aceptan la invitación de un conductor que los lleva hasta Ambrose. Al llegar, visitan la principal atracción de la ciudad: la Casa de Cera de Trudy, que está llena de esculturas de cera cuyo parecido con personas reales es asombroso. Cuando descubren, horrorizados, la razón de esta inquietante semejanza, comprenden que o escapan de la ciudad o se convertirán en estatuas del tenebroso museo de cera.	/a0X61CoPXUQ0Snzrm61DIykmBuv.jpg
140	255	EN	Why Do They Call It Love When They Mean Sex?	Gloria is a porn artist that performs live-sex. When his mate gets sick he brings her a young substitute, Manu. The boy works surprisingly well and then Gloria decides to go into business with him. Things get complicated when Gloria discovers that Manu is in trouble because of his gambling debts.	/mg46ZjpyOsQQaHER0pmXMYZmsGX.jpg
141	255	ES	¿Por qué lo llaman amor cuando quieren decir sexo?	Gloria es una actriz porno a la que se le enferma el compañero. Manu llega de sustituto, y trabaja sorprendentemente bien.	/mg46ZjpyOsQQaHER0pmXMYZmsGX.jpg
142	256	EN	Sweet Bean	The master of a dorayaki pastry store hires a 76-year-old woman whose talents attract customers from all over. But she's hiding a troubling secret. Life's joys are found in the little details, and no matter what may be weighing you down, everyone loves a good pastry.	/5YV0eoUBFQ4vKaN71SPtUte2YcD.jpg
143	256	ES	Una pastelería en Tokio	Sentaro tiene una pequeña pastelería en Tokio en la que sirve dorayakis. Cuando una simpática anciana, Tokue, se ofrece a ayudarle, él accede de mala gana, pero Tokue demostrará tener un don especial para hacer la salsa "an", el ingrediente esencial para estos postres. Gracias a su receta secreta, el pequeño negocio comienza a prosperar. Con el paso del tiempo, Sentaro y Tokue abrirán sus corazones el uno al otro para revelar viejas heridas.	/4a5hOTUGxnjzCfmHuBChTA56a5e.jpg
144	261	EN	The Taste of Things	Eugenie, an esteemed cook, has been working for over the last 20 years for Dodin, a fine gourmet. Growing fonder of one another, their bond turns into a romance and gives rise to delicious dishes that impress even the world’s most illustrious chefs. When Dodin is faced with Eugenie’s reluctance to commit to him, he decides to start cooking for her.	/hEC1RG6bFoyNRoAttWHHRPhwtPN.jpg
145	261	ES	A fuego lento	Francia, 1885. Narra la relación entre Eugenie, una reputada cocinera, y Dodin, el gourmet para el que ha estado trabajando durante los últimos 20 años.	/1hJXci0ribcMqlLZKpHfnbr5box.jpg
146	262	EN	Emanuelle in America	An American journalist travels throughout the world in search of a good story by joining a modern-day harem and traveling to Venice to see what really goes on at diplomatic parties. While trying to expose a corrupt government official, Emanuelle stumbles upon a group that uses kidnapped girls to make and sell snuff films	/nkrect0e1EjTohYmnziiMuLmS3z.jpg
147	262	ES	Emanuelle en América	La sensual periodista Emanuelle viaja por el mundo en busca de una buena historia. En Venecia forma parte de un harén moderno para ver lo que realmente sucede en las fiestas diplomáticas. Al tratar de exponer a un funcionario del gobierno corrupto, Emanuelle tropieza con una banda que utiliza a chicas secuestradas para abusar de ellas y vender películas.	/dOg3Bsb3cGNey5OsluWYR8g3C2Z.jpg
148	263	EN	Señora Influencer	Fatima, a woman in her forties, becomes an online overnight sensation. Sofi and Cami, a pair of young influencers, will try to take advantage of Fatima's sudden popularity by pretending to be her friends, unbeknownst to them that they messed with the wrong person!	/b2LlYTUNYSR5DcFoqX9dUpl0RWH.jpg
149	264	EN	Along the Great Divide	New Federal marshal Len Merrick saves Tim Keith from lynching at the hands of the Roden clan, and hopes to get him to Santa Loma for trial. Vindictive Ned Roden, whose son Ed was killed, still wants personal revenge, and Tim would like to escape before Ned catches up with him again. Can the marshal make it across the desert with Tim and his daughter? Even if he makes it, will justice be served?	/kj7QlTu82y8zj9IXBq1c943iAFm.jpg
150	264	ES	Camino de la horca	Un sheriff escolta a un hombre acusado de un crimen y a su hija al pueblo donde debe ser juzgado, Al mismo tiempo, tendrá que evitar que sea linchado.	/6x9azpuXTAx0AtC5FdT3zu93kw0.jpg
27210	60	ES	Por favor, no destruyas: el tesoro de Foggy Mountain	Cuando tres amigos que viven juntos se dan cuenta de que no les gusta su trayectoria de vida, parten en busca de un tesoro de oro que se rumorea que está enterrado en una montaña cercana.  Cuando tres amigos que viven juntos se dan cuenta de que no les gusta su trayectoria de vida, parten en busca de un tesoro de oro que se rumorea que está enterrado en una montaña cercana.	/cdbF4kHyVNFZbLGf2Qow5rZdKj8.jpg
59177	263	ES	Señora Influencer	De la noche a la mañana, Fátima, una mujer en sus cuarentas, se convierte en la influencer más famosa del momento. Sofi y Cami, un par de jóvenes influencers, intentarán aprovecharse de la repentina popularidad de Fátima fingiendo ser sus amigas. En la misma medida que Fátima logra tener seguidores que la aman, también atraerá a haters escondidos detrás de una pantalla, sin saber que se han burlado del perfil equivocado.	/lgEXNBnFsq8oTck1C2giSvnTjzz.jpg
\.


--
-- Data for Name: recipe; Type: TABLE DATA; Schema: recipe; Owner: postgres
--

COPY recipe.recipe (recipe_id, image, ready_in_minutes, servings, url) FROM stdin;
47615	https://spoonacular.com/recipeImages/932795-556x370.jpg	45	4	https://www.ruled.me/low-carb-zesty-chicken-nuggets/
47634	https://spoonacular.com/recipeImages/432241-556x370.gif	30	18	http://www.tasteofhome.com/Recipes/ham--n--cheese-muffins
47652	https://spoonacular.com/recipeImages/1080466-556x370.jpg	45	6	https://77recipes.com/pizza-pot-pie-2/
47658	https://spoonacular.com/recipeImages/728410-556x370.jpg	182	1	http://www.thewickednoodle.com/overnight-oatmeal-recipe-with-fresh-berries/
47663	https://spoonacular.com/recipeImages/1059684-556x370.jpg	5	1	https://www.mantitlement.com/recipes/cocktails/layered-candy-cane-shot/
47668	https://spoonacular.com/recipeImages/183087-556x370.jpg	29	4	https://www.bettycrocker.com/recipes/grilled-lemon-and-herb-salmon-packs/7b74ddac-2122-4f9d-867e-298648c9182e/reviews
47687	https://spoonacular.com/recipeImages/796355-556x370.jpg	55	4	http://www.twopeasandtheirpod.com/sweet-potato-chickpea-salad-with-pesto/
47693	https://spoonacular.com/recipeImages/1656465-556x370.jpg	45	1	https://www.herbivoracious.com/2021/07/dajtemu-4/
47700	https://spoonacular.com/recipeImages/466452-556x370.jpg	40	6	http://allrecipes.com:80/Recipe/One-Dish-Chicken-and-Stuffing-Bake/
47719	https://spoonacular.com/recipeImages/1371713-556x370.jpg	45	4	https://www.foodista.com/recipe/7LRXNC6T/korean-beef-rice-bowl#1583790453605
47726	https://spoonacular.com/recipeImages/1278593-556x370.jpg	100	8	http://thepioneerwoman.com/cooking/2011/01/chicken-tortilla-soup/#1583746491916
47731	https://spoonacular.com/recipeImages/466025-556x370.jpg	100	15	https://www.tasteofhome.com/recipes/bold-bean-and-pork-chili
47737	https://spoonacular.com/recipeImages/1079611-556x370.jpg	30	24	https://sweetandsavorymeals.com/chocolate-chip-cookies/
47745	https://spoonacular.com/recipeImages/1829998-556x370.jpg	308	10	https://www.cookiedoughandovenmitt.com/chocolate-raspberry-cake/
47749	https://spoonacular.com/recipeImages/676632-556x370.jpg	70	24	http://www.crumbblog.com/2015/09/strawberry-lemonade-madeleines.html
47753	\N	30	10	https://www.averiecooks.com/bacon-potato-salad/
47774	https://spoonacular.com/recipeImages/886147-556x370.jpg	20	4	http://www.lecremedelacrumb.com/one-sheet-pan-chicken-fried-rice/
47780	https://spoonacular.com/recipeImages/764487-556x370.jpg	25	24	http://www.simplywhisked.com/rocky-road-brownie-cookies/
47789	https://spoonacular.com/recipeImages/1462689-556x370.jpg	300	3	https://www.aheadofthyme.com/creamy-chicken-roulade-with-spinach-and-mushrooms/
47798	https://spoonacular.com/recipeImages/1744755-556x370.png	30	4	https://inspiralized.com/black-bean-sweet-potato-enchiladas/
47804	https://spoonacular.com/recipeImages/1087717-556x370.jpg	80	6	https://www.bbcgoodfood.com/recipes/cheese-swede-leek-pie
47819	https://spoonacular.com/recipeImages/1608189-556x370.jpg	115	6	https://fortheloveofcooking.net/2021/02/vegetarian-chili.html
47828	https://spoonacular.com/recipeImages/1610415-556x370.jpg	90	4	https://www.greatbritishchefs.com/recipes/eggs-in-purgatory-recipe
47836	https://spoonacular.com/recipeImages/1089485-556x370.jpg	40	4	https://www.bbcgoodfood.com/recipes/toddler-recipe-easy-homemade-pizza-veggie-faces
47848	https://spoonacular.com/recipeImages/911810-556x370.jpg	735	8	https://www.kawalingpinoy.com/mango-ice-cream/
47863	https://spoonacular.com/recipeImages/165374-556x370.jpg	415	16	http://www.BettyCrocker.com/recipes/maple-glazed-turkey-with-wild-rice-stuffing/14ba7317-ea3d-4702-9e6e-bc67983f461a
47873	https://spoonacular.com/recipeImages/1088798-556x370.png	20	2	https://www.bbcgoodfood.com/recipes/9500/chilli-beef-and-pepper-
47880	https://spoonacular.com/recipeImages/481017-556x370.jpg	45	8	http://www.insockmonkeyslippers.com/rosemary-and-garlic-grilled-leg-of-lamb
47883	https://spoonacular.com/recipeImages/706751-556x370.jpg	375	4	http://www.myrecipes.com/recipe/beet-ribbon-salad
47889	https://spoonacular.com/recipeImages/989062-556x370.jpg	169	6	http://www.Grabandgorecipes.com/roasted-duck-2/
47900	https://spoonacular.com/recipeImages/719567-556x370.jpg	45	5	http://www.southernplate.com/2016/03/cheesecake-fluff-and-needing-spring-in-your-life.html
47914	https://spoonacular.com/recipeImages/1022936-556x370.jpg	15	4	https://allshecooks.com/instant-pot-taco-pasta-2/
47924	https://spoonacular.com/recipeImages/890195-556x370.jpg	45	15	http://www.familyfoodonthetable.com/champagne-brunch-punch/
47937	https://spoonacular.com/recipeImages/943291-556x370.jpg	35	2	http://www.recipetineats.com/thai-chicken-salad/
47944	https://spoonacular.com/recipeImages/1247367-556x370.jpg	45	1	http://elgourmet.com/receta/charlotte-de-manzana-al-estilo-grand-vefour-y-panes-de-miga#1583731720286
47958	https://spoonacular.com/recipeImages/513098-556x370.jpg	45	8	http://homegrownandhealthy.com/easyrecipe-print/8460-0/
47963	https://spoonacular.com/recipeImages/988496-556x370.jpg	45	1	http://imbibemagazine.com/ramos-gin-fizz/
47971	https://spoonacular.com/recipeImages/453355-556x370.jpg	290	80	http://allrecipes.com/recipe/habanero-pepper-jelly/detail.aspx
47981	https://spoonacular.com/recipeImages/767956-556x370.jpg	45	10	http://alldayidreamaboutfood.com/2012/02/walnut-dacquoise-with-coffee-buttercream-low-carb-and-gluten-free.html
47985	https://spoonacular.com/recipeImages/471454-556x370.jpg	90	12	http://bluechipcookbook.com/recipes/56/
47993	https://spoonacular.com/recipeImages/692904-556x370.jpg	45	1	http://www.foodrepublic.com/2015/12/01/whats-for-lunch-at-the-paris-climate-talks/
47999	https://spoonacular.com/recipeImages/894372-556x370.jpg	45	4	http://pintsizedbaker.com/pineapple-recipes-and-crafts/
48002	https://spoonacular.com/recipeImages/564002-556x370.jpg	25	4	http://www.godairyfree.org/easyrecipe-print/167991-0/
48006	https://spoonacular.com/recipeImages/789489-556x370.jpg	10	4	http://www.tarladalal.com/Virgin-Mary-(-Party-Drinks-)-33187r
48013	https://spoonacular.com/recipeImages/1526261-556x370.jpeg	25	3	https://thevegan8.com/vegan-pumpkin-waffles-gluten-free/
48014	https://spoonacular.com/recipeImages/286341-556x370.jpeg	50	4	http://www.foodnetwork.com/recipes/ina-garten/chicken-salad-veronique-recipe.html
48015	https://spoonacular.com/recipeImages/59623-556x370.jpg	75	24	http://dinnerwithjulie.com/2008/10/27/day-301-chinese-food-and-tomato-apple-cake/
48016	https://spoonacular.com/recipeImages/989940-556x370.jpg	50	1	https://www.halfbakedharvest.com/blueberry-lemon-cheesecake-bars-with-candied-lemon/
48017	https://spoonacular.com/recipeImages/1619751-556x370.jpg	30	4	https://buzzinherald.com/grilled-buffalo-chicken-stuffed-with-mozzarella-cheese/?fbclid=IwAR1Sb_b96hu9bxljH_dp0uu0GkhtHoY8To4NMLgRTy8xgz4TnPKZfJkBhj8
48018	https://spoonacular.com/recipeImages/579769-556x370.jpg	45	30	http://lemon-sugar.com/2012/12/almond-snowball-cookies.html
48019	https://spoonacular.com/recipeImages/221587-556x370.jpg	20	4	https://www.bbcgoodfood.com/recipes/1516/bbq-minty-garlic-lamb
48027	https://spoonacular.com/recipeImages/1834756-556x370.jpg	35	6	https://www.eatingonadime.com/instant-pot-salisbury-steak/
48032	https://spoonacular.com/recipeImages/1693839-556x370.jpg	45	2	https://thelaundrymoms.com/one-pot-wonder-healthy-chicken-and-rice-soup/
48037	https://spoonacular.com/recipeImages/583796-556x370.jpg	20	4	http://www.thenovicechefblog.com/2011/10/spaghetti/
48051	https://spoonacular.com/recipeImages/271204-556x370.jpg	45	3	http://www.myrecipes.com/recipe/red-pepper-tomato-soup-10000000522948/
48054	https://spoonacular.com/recipeImages/1108169-556x370.jpg	190	12	https://growingupgabel.com/air-fryer-steak-vegetable-kebabs/
48059	https://spoonacular.com/recipeImages/93902-556x370.jpg	45	24	http://www.food.com/recipe/veggie-pot-stickers-159924
48067	https://spoonacular.com/recipeImages/279940-556x370.jpg	100	8	http://www.myrecipes.com/m/recipe/marians-easy-roast-chicken-10000001867507/
48075	https://spoonacular.com/recipeImages/147820-556x370.jpg	75	4	http://www.food.com/recipe/thick-and-creamy-new-england-clam-chowder-52272
48080	https://spoonacular.com/recipeImages/1099067-556x370.jpg	15	2	https://www.paleoplan.com/recipes/paleo-snacks-recipes/fruit-salad-cinnamon/
48088	https://spoonacular.com/recipeImages/875514-556x370.jpg	45	2	http://www.5boysbaker.com/no-yeast-flatbread/
48091	https://spoonacular.com/recipeImages/1130594-556x370.jpg	28	18	https://allshecooks.com/mamas-snickerdoodles-2/
48095	https://spoonacular.com/recipeImages/100295-556x370.jpg	75	4	http://www.food.com/recipe/spicy-mixed-bean-chili-274570
48098	https://spoonacular.com/recipeImages/1010356-556x370.jpg	5	12	https://deliciouslysprinkled.com/easy-pineapple-rum-punch/
48105	https://spoonacular.com/recipeImages/1135055-556x370.jpg	45	6	https://www.lecremedelacrumb.com/pumpkin-snickerdoodles/
48115	https://spoonacular.com/recipeImages/132240-556x370.jpg	67	15	http://www.food.com/recipe/paula-deens-spicy-cinnamon-cake-203240
48123	https://spoonacular.com/recipeImages/459258-556x370.jpg	35	12	https://www.tasteofhome.com/recipes/dill-and-cheddar-muffins
48134	https://spoonacular.com/recipeImages/1223109-556x370.jpg	45	4	http://www.heatherlikesfood.com/terriyaki-beef-and-broccoli-stir-fry/#1583720169384
48135	https://spoonacular.com/recipeImages/1065851-556x370.jpg	30	3	https://www.nutriplanet.org/2017/07/vegan-chanterelle-mushroom-gravy/
48136	https://spoonacular.com/recipeImages/171364-556x370.jpg	40	4	http://www.bettycrocker.com/recipes/beef-tenderloin-with-pear-cranberry-chutney/99f2203d-e49d-4928-a255-1c20f387f8b1
48139	https://spoonacular.com/recipeImages/201449-556x370.jpg	80	4	http://www.myrecipes.com/m/recipe/spiced-lamb-kebabs-50400000112010/
48143	https://spoonacular.com/recipeImages/451923-556x370.jpg	45	2	http://allrecipes.com/Recipe/Warm-Chicken-Bacon-and-Egg-Salad-with-Mayonnaise-Dressing/
48146	https://spoonacular.com/recipeImages/923990-556x370.jpg	21	24	https://www.thegunnysack.com/flourless-chocolate-peanut-butter-swirl-cookies/
48153	https://spoonacular.com/recipeImages/1025010-556x370.jpg	30	8	https://www.cinnamonspiceandeverythingnice.com/italian-spaghetti-pasta-salad-with-creamy-parmesan-dressing/
48155	https://spoonacular.com/recipeImages/1108727-556x370.jpeg	20	1	https://www.aimadeitforyou.com/mango-lime-sorbet/
48158	https://spoonacular.com/recipeImages/1520001-556x370.jpg	35	2	https://www.hellofresh.com/recipes/chicken-sausage-sweet-potato-soup-5f15e726cd8ba550c206fc25#1598911258604
48161	https://spoonacular.com/recipeImages/864462-556x370.jpg	30	2	http://iamafoodblog.com/hokkaido-mashed-potato-recipe/
48164	https://spoonacular.com/recipeImages/1502395-556x370.jpg	45	4	https://www.barbarabakes.com/toasted-english-muffin-bread/
48167	https://spoonacular.com/recipeImages/3316-556x370.jpg	45	4	http://www.myrecipes.com/recipe/halibut-with-charmoula-10000000522220/
48170	https://spoonacular.com/recipeImages/824806-556x370.jpg	165	100	http://www.serenabakessimplyfromscratch.com/2016/10/soft-and-chewy-apple-cider-caramels.html
48172	https://spoonacular.com/recipeImages/579148-556x370.jpg	35	8	http://www.bakedbyrachel.com/2014/01/chocolate-banana-streusel-muffins/
48173	https://spoonacular.com/recipeImages/596008-556x370.jpg	45	8	http://www.cooklikeachampionblog.com/2012/02/sun-dried-tomato-pasta-salad/
48176	https://spoonacular.com/recipeImages/1038519-556x370.jpg	15	12	https://magicskillet.com/recipe/fried-bacon-wrapped-enoki-mushrooms-recipe/
48181	\N	50	32	https://spoonacular.com/app-1493307743087
48184	https://spoonacular.com/recipeImages/484086-556x370.png	20	6	http://crockpotladies.com/crockpot-spaghetti-eyeballs/
48186	https://spoonacular.com/recipeImages/1216995-556x370.jpg	30	8	http://www.pillsbury.com/recipes/canadian-bacon-and-pineapple-pizza/0b1e004f-5368-4cce-809c-f6da1e0961a0#1583717239020
48189	https://spoonacular.com/recipeImages/1409257-556x370.jpg	35	4	http://www.joyfulhealthyeats.com/buffalo-chicken-enchilada-zucchini-boats/#1583808061084
48192	https://spoonacular.com/recipeImages/202301-556x370.jpg	20	4	http://www.seriouseats.com/recipes/2013/06/skillet-eggs-asparagus-pancetta-parmesan-recipe.html
48198	https://spoonacular.com/recipeImages/410631-556x370.jpg	25	84	http://www.tasteofhome.com/Recipes/crunchy-pecan-drops
48201	https://spoonacular.com/recipeImages/213563-556x370.jpg	45	13	http://www.epicurious.com:80/recipes/food/views/107959
48203	https://spoonacular.com/recipeImages/1590777-556x370.jpg	45	2	https://jovinacooksitalian.com/2021/01/13/roasted-lamb-chops-mixed-vegetables/
48209	https://spoonacular.com/recipeImages/379166-556x370.gif	40	15	http://allrecipes.com/personalrecipe/62111891/healthy-oatmeal-raisin-cookies/detail.aspx
48213	https://spoonacular.com/recipeImages/443569-556x370.jpg	75	4	http://allrecipes.com/Recipe/Leslies-Salty-Grilled-Potatoes/
48217	https://spoonacular.com/recipeImages/964122-556x370.jpg	45	8	https://breadboozebacon.com/fresh-vegetable-salad/
48220	https://spoonacular.com/recipeImages/1143125-556x370.jpg	45	8	https://www.tinnedtomatoes.com/2019/10/mushroom-chestnut-sausage-rolls-vegan.html
48225	https://spoonacular.com/recipeImages/1080943-556x370.jpg	45	22	https://www.theschizochef.com/2019/03/pancakes-huancaina/
48226	https://spoonacular.com/recipeImages/1440871-556x370.jpg	30	8	http://www.laurenslatest.com/superfood-kale-salad/#1588126175204
48230	https://spoonacular.com/recipeImages/434220-556x370.jpg	40	6	http://www.tasteofhome.com/recipes/spring-pea-soup
48234	https://spoonacular.com/recipeImages/474555-556x370.jpg	40	8	http://www.tasteandtellblog.com/chicken-sopes-with-avocado-cream-recipe/
48239	https://spoonacular.com/recipeImages/31016-556x370.jpg	45	4	http://www.myrecipes.com/recipe/easy-black-eyed-peas-10000000257606/
\.


--
-- Data for Name: recipe_details; Type: TABLE DATA; Schema: recipe; Owner: postgres
--

COPY recipe.recipe_details (id, language, recipe_id, summary, title) FROM stdin;
1	ES	47615	Nunca puedes tener demasiadas recetas de platos principales, así que prueba los Low Carb Zesty Chicken Nuggets. Esta receta sirve para 4 personas y cuesta $3.2 por porción. Una porción de este plato contiene aproximadamente 40g de proteína, 65g de grasa y un total de 779 calorías. 392 personas quedaron impresionadas por esta receta. Una mezcla de pimienta de cayena, ralladura de lima, cebolla en polvo y un puñado de otros ingredientes es todo lo que se necesita para hacer esta receta deliciosa. Para utilizar el comino, podrías seguir este plato principal con la Moroccan Chocolate Mousse como postre. Desde la preparación hasta el plato, esta receta tarda alrededor de 45 minutos. Te la trae Ruled.me. Es una buena opción si sigues una dieta sin gluten, sin lácteos y Whole30. Con una puntuación spoonacular del 79%, este plato es bueno. Prueba los Zesty Chicken Nuggets, Low Carb Chicken Fettuccine Alfredo y Low Carb Chicken Marinade for Grilling para recetas similares.	Low Carb Zesty Chicken Nuggets
2	EN	47615	You can never have too many main course recipes, so give Low Carb Zesty Chicken Nuggets a try. This recipe serves 4 and costs $3.2 per serving. One portion of this dish contains roughly <b>40g of protein</b>, <b>65g of fat</b>, and a total of <b>779 calories</b>. 392 people were impressed by this recipe. A mixture of cayenne pepper, lime zest, onion powder, and a handful of other ingredients are all it takes to make this recipe so scrumptious. To use up the cumin you could follow this main course with the <a href="https://spoonacular.com/recipes/moroccan-chocolate-mousse-752536">Moroccan Chocolate Mousse</a> as a dessert. From preparation to the plate, this recipe takes around <b>around 45 minutes</b>. It is brought to you by Ruled.me. It is a good option if you're following a <b>gluten free, dairy free, and whole 30</b> diet. With a spoonacular <b>score of 79%</b>, this dish is good. Try <a href="https://spoonacular.com/recipes/zesty-chicken-nuggets-120076">Zesty Chicken Nuggets</a>, <a href="https://spoonacular.com/recipes/low-carb-chicken-fettuccine-alfredo-911995">Low Carb Chicken Fettuccine Alfredo</a>, and <a href="https://spoonacular.com/recipes/low-carb-chicken-marinade-for-grilling-917834">Low Carb Chicken Marinade for Grilling</a> for similar recipes.	Low Carb Zesty Chicken Nuggets
3	ES	47634	Nunca puedes tener demasiadas recetas de desayuno, así que prueba las Magdalenas de Jamón y Queso. Una porción de este plato contiene alrededor de <b>8g de proteína</b>, <b>6g de grasa</b> y un total de <b>131 calorías</b>. Esta receta sirve para 18 personas y cuesta 43 centavos por porción. 1 persona ha hecho esta receta y la volvería a hacer. Esta receta de Taste of Home requiere levadura en polvo, suero de leche, jamón y huevos. Desde la preparación hasta el plato, esta receta tarda aproximadamente <b>30 minutos</b>. Con una puntuación de spoonacular del <b>22%</b>, este plato no es tan excelente. Prueba <a href="https://spoonacular.com/recipes/ham-and-cheese-muffins-406011">Magdalenas de Jamón y Queso</a>, <a href="https://spoonacular.com/recipes/ham-n-cheese-muffins-381961">Magdalenas de Jamón y Queso</a> y <a href="https://spoonacular.com/recipes/ham-and-cheese-muffins-165091">Magdalenas de Jamón y Queso</a> para recetas similares.	Magdalenas de Jamón y Queso
4	EN	47634	You can never have too many breakfast recipes, so give Ham 'n' Cheese Muffins a try. One portion of this dish contains around <b>8g of protein</b>, <b>6g of fat</b>, and a total of <b>131 calories</b>. This recipe serves 18 and costs 43 cents per serving. 1 person has made this recipe and would make it again. This recipe from Taste of Home requires baking powder, buttermilk, ham, and eggs. From preparation to the plate, this recipe takes approximately <b>30 minutes</b>. With a spoonacular <b>score of 22%</b>, this dish is not so excellent. Try <a href="https://spoonacular.com/recipes/ham-and-cheese-muffins-406011">Ham and Cheese Muffins</a>, <a href="https://spoonacular.com/recipes/ham-n-cheese-muffins-381961">Ham N Cheese Muffins</a>, and <a href="https://spoonacular.com/recipes/ham-and-cheese-muffins-165091">Ham and Cheese Muffins</a> for similar recipes.	Ham 'n' Cheese Muffins
19	ES	47687	La ensalada de batata y garbanzos con pesto podría ser una buena receta para expandir tu repertorio de platos acompañantes. Esta receta sirve para 4 personas y cuesta $1.99 por porción. ¿Quieres cuidar tu figura? Esta receta sin gluten y vegetariana tiene 443 calorías, 14g de proteína y 20g de grasa por porción. Desde la preparación hasta el plato, esta receta lleva aproximadamente 55 minutos. Esta receta es apreciada por 211 amantes de la comida y cocineros. Esta receta de Two Peas and Their Pod requiere albahaca, pesto de albahaca, sal y pimienta, y sal y pimienta. Considerando todo, decidimos que esta receta merece una puntuación spoonacular del 97%. Esta puntuación es tremenda. Recetas similares son Ensalada de batata y garbanzos, Ensalada de batata y garbanzos con especias de canela, y Ensalada de batata, naranja y garbanzos a la parrilla.	Ensalada de batata y garbanzos con pesto
7	ES	47652	Si quieres agregar más recetas del <b>Mediterráneo</b> a tu recetario, Pizza Pot Pie podría ser una receta que deberías probar. Por <b>$2.55 por porción</b>, esta receta <b>cubre el 80%</b> de tus necesidades diarias de vitaminas y minerales. Una porción contiene <b>3968 calorías</b>, <b>177g de proteínas</b> y <b>293g de grasa</b>. Esta receta sirve para 6 personas. No a mucha gente realmente le gustó este plato principal. Desde la preparación hasta el plato, esta receta lleva alrededor de <b>alrededor de 45 minutos</b>. 1 persona ha probado y le ha gustado esta receta. Si tienes cebolla, copos de pimiento, havarti y algunos otros ingredientes a mano, puedes hacerlo. Te lo trae 77 Recipes. Teniendo todo en cuenta, decidimos que esta receta <b>merece una puntuación spoonacular del 89%</b>. Esta puntuación es espectacular. A los usuarios que les gustó esta receta también les gustaron <a href="https://spoonacular.com/recipes/pizza-pot-pie-71400">Pizza Pot Pie</a>, <a href="https://spoonacular.com/recipes/chicken-pot-pie-pizza-532352">Chicken Pot Pie Pizza</a> y <a href="https://spoonacular.com/recipes/chicago-style-pizza-pot-pie-take-3-504741">Chicago Style Pizza Pot Pie - Take 3</a>.	Pizza Pot Pie
8	EN	47652	If you want to add more <b>Mediterranean</b> recipes to your recipe box, Pizza Pot Pie might be a recipe you should try. For <b>$2.55 per serving</b>, this recipe <b>covers 80%</b> of your daily requirements of vitamins and minerals. One serving contains <b>3968 calories</b>, <b>177g of protein</b>, and <b>293g of fat</b>. This recipe serves 6. Not a lot of people really liked this main course. From preparation to the plate, this recipe takes around <b>around 45 minutes</b>. 1 person has tried and liked this recipe. If you have onion, pepper flakes, havarti, and a few other ingredients on hand, you can make it. It is brought to you by 77 Recipes. All things considered, we decided this recipe <b>deserves a spoonacular score of 89%</b>. This score is spectacular. Users who liked this recipe also liked <a href="https://spoonacular.com/recipes/pizza-pot-pie-71400">Pizza Pot Pie</a>, <a href="https://spoonacular.com/recipes/chicken-pot-pie-pizza-532352">Chicken Pot Pie Pizza</a>, and <a href="https://spoonacular.com/recipes/chicago-style-pizza-pot-pie-take-3-504741">Chicago Style Pizza Pot Pie – Take 3</a>.	Pizza Pot Pie
9	ES	47658	¿Necesitas una comida matutina sin gluten y vegetariana? La avena nocturna con bayas frescas podría ser una receta tremenda para probar. Por 90 centavos por porción, esta receta cubre el 23% de tus requerimientos diarios de vitaminas y minerales. Una porción contiene 540 calorías, 19g de proteína y 25g de grasa. Esta receta sirve para 1 persona. Desde la preparación hasta el plato, esta receta lleva aproximadamente 3 horas y 2 minutos. 13 personas han probado y les ha gustado esta receta. Esta receta de The Wicked Noodle requiere leche, bayas y frutos secos, avena y una mezcla de azúcar moreno o. Con una puntuación spoonacular del 93%, este plato es genial. Si te gusta esta receta, es posible que también te gusten recetas como Avena nocturna en el refrigerador con bayas, Avena nocturna con frutas frescas, nueces y yogur, y Avena nocturna de chocolate con bayas.	Avena nocturna con bayas frescas
10	EN	47658	Need a <b>gluten free and vegetarian morn meal</b>? Overnight Oatmeal with Fresh Berries could be a tremendous recipe to try. For <b>90 cents per serving</b>, this recipe <b>covers 23%</b> of your daily requirements of vitamins and minerals. One serving contains <b>540 calories</b>, <b>19g of protein</b>, and <b>25g of fat</b>. This recipe serves 1. From preparation to the plate, this recipe takes about <b>3 hours and 2 minutes</b>. 13 people have tried and liked this recipe. This recipe from The Wicked Noodle requires milk, berries and nuts, oats, and brown sugar blend or. With a spoonacular <b>score of 93%</b>, this dish is great. If you like this recipe, you might also like recipes such as <a href="https://spoonacular.com/recipes/overnight-refrigerator-oatmeal-with-berries-514744">Overnight Refrigerator Oatmeal with Berries</a>, <a href="https://spoonacular.com/recipes/overnight-oatmeal-with-fresh-fruit-nuts-and-yogurt-575420">Overnight Oatmeal with Fresh Fruit, Nuts and Yogurt</a>, and <a href="https://spoonacular.com/recipes/chocolate-overnight-oats-berries-639131">Chocolate Overnight Oats & Berries</a>.	Overnight Oatmeal with Fresh Berries
11	ES	47663	El Layered Candy Cane Shot podría ser la receta que has estado buscando, que es libre de gluten, sin lácteos y amigable con el fodmap. Esta receta hace 1 porción con 89 calorías, 0g de proteína y 0g de grasa cada una. Por 58 centavos por porción, esta receta cubre el 0% de tus requerimientos diarios de vitaminas y minerales. Se puede disfrutar en cualquier momento, pero es especialmente bueno para Navidad. Te lo trae Mantitlement. Solo unas pocas personas hicieron esta receta y 1 diría que cumplió su objetivo. Una mezcla de bastones de caramelo, creme de menthe, vodka de menta y un puñado de otros ingredientes es todo lo que se necesita para hacer esta receta tan deliciosa. Funciona mejor como una bebida y se hace en aproximadamente 5 minutos. Con una puntuación de 31% en Spoonacular, este plato es bastante malo. Candy Cane Cocktail with Homemade Candy Cane Infused Vodka, Apricot Tart! Layered Shot! y Candy Cane Martini son muy similares a esta receta.	Layered Candy Cane Shot
12	EN	47663	Layered Candy Cane Shot could be just the <b>gluten free, dairy free, and fodmap friendly</b> recipe you've been looking for. This recipe makes 1 servings with <b>89 calories</b>, <b>0g of protein</b>, and <b>0g of fat</b> each. For <b>58 cents per serving</b>, this recipe <b>covers 0%</b> of your daily requirements of vitamins and minerals. It can be enjoyed any time, but it is especially good for <b>Christmas</b>. It is brought to you by Mantitlement. Only a few people made this recipe, and 1 would say it hit the spot. A mixture of candy canes, creme de menthe, peppermint vodka, and a handful of other ingredients are all it takes to make this recipe so scrumptious. It works best as a beverage, and is done in roughly <b>5 minutes</b>. With a spoonacular <b>score of 31%</b>, this dish is rather bad. <a href="https://spoonacular.com/recipes/candy-cane-cocktail-with-homemade-candy-cane-infused-vodka-521929">Candy Cane Cocktail with Homemade Candy Cane Infused Vodka</a>, <a href="https://spoonacular.com/recipes/apricot-tart-layered-shot-124556">Apricot Tart! Layered Shot!</a>, and <a href="https://spoonacular.com/recipes/candy-cane-martini-208891">Candy Cane Martini</a> are very similar to this recipe.	Layered Candy Cane Shot
39	ES	47749	Las Madeleines de Limonada de Fresa son un postre que sirve para 24 personas. Una porción contiene <b>108 calorías</b>, <b>2g de proteína</b> y <b>5g de grasa</b>. Por <b>16 centavos por porción</b>, esta receta <b>cubre el 2%</b> de tus requerimientos diarios de vitaminas y minerales. Esta receta de Crumb requiere polvo de hornear, huevos, puré de fresa y ralladura de limón. Esta receta es apreciada por 7 amantes de la comida y cocineros. Es perfecta para el <b>Día de la Madre</b>. Desde la preparación hasta el plato, esta receta toma alrededor de <b>1 hora y 10 minutos</b>. Con una puntuación spoonacular de <b>11%</b>, este plato es bastante malo. Si te gusta esta receta, echa un vistazo a estas recetas similares: <a href="https://spoonacular.com/recipes/strawberry-lemonade-406499">Limonada de Fresa</a>, <a href="https://spoonacular.com/recipes/strawberry-lemonade-521253">Limonada de Fresa</a> y <a href="https://spoonacular.com/recipes/strawberry-lemonade-809686">Limonada de Fresa</a>.	Madeleines de Limonada de Fresa
13	ES	47668	Si tienes alrededor de <b>29 minutos</b> para pasar en la cocina, los paquetes de salmón a la parrilla con limón y hierbas podrían ser una excelente receta <b>sin gluten, sin lácteos y apta para la dieta de fodmap</b> para probar. Una porción de este plato contiene aproximadamente <b>30g de proteínas</b>, <b>8g de grasa</b> y un total de <b>526 calorías</b>. Por <b>$3.5 por porción</b>, obtienes un plato principal que sirve para 4 personas. Se puede disfrutar en cualquier momento, pero es especialmente bueno para <b>El Cuatro de Julio</b>. Esta receta de Betty Crocker tiene 121 seguidores. Ve a la tienda y compra sal, limón, cebollinos y algunas otras cosas para hacerlo hoy. Teniendo en cuenta todos los factores, esta receta <b>obtiene una puntuación spoonacular del 99%</b>, lo cual es excepcional. Si te gusta esta receta, también podrías disfrutar de recetas como <a href="https://spoonacular.com/recipes/grilled-lemon-and-herb-salmon-packs-159473">Paquetes de salmón a la parrilla con limón y hierbas</a>, <a href="https://spoonacular.com/recipes/grilled-lemon-salmon-packs-159477">Paquetes de salmón a la parrilla con limón</a> y <a href="https://spoonacular.com/recipes/herb-butter-salmon-and-asparagus-foil-packs-1350145">Paquetes de salmón y espárragos con mantequilla de hierbas</a>.	Paquetes de salmón a la parrilla con limón y hierbas
14	EN	47668	If you have around <b>29 minutes</b> to spend in the kitchen, Grilled Lemon and Herb Salmon Packs might be an excellent <b>gluten free, dairy free, and fodmap friendly</b> recipe to try. One portion of this dish contains about <b>30g of protein</b>, <b>8g of fat</b>, and a total of <b>526 calories</b>. For <b>$3.5 per serving</b>, you get a main course that serves 4. It can be enjoyed any time, but it is especially good for <b>The Fourth Of July</b>. This recipe from Betty Crocker has 121 fans. Head to the store and pick up salt, lemon, chives, and a few other things to make it today. Taking all factors into account, this recipe <b>earns a spoonacular score of 99%</b>, which is outstanding. If you like this recipe, you might also like recipes such as <a href="https://spoonacular.com/recipes/grilled-lemon-and-herb-salmon-packs-159473">Grilled Lemon and Herb Salmon Packs</a>, <a href="https://spoonacular.com/recipes/grilled-lemon-salmon-packs-159477">Grilled Lemon Salmon Packs</a>, and <a href="https://spoonacular.com/recipes/herb-butter-salmon-and-asparagus-foil-packs-1350145">Herb Butter Salmon and Asparagus Foil Packs</a>.	Grilled Lemon and Herb Salmon Packs
20	EN	47687	Sweet Potato Chickpea Salad with Pesto might be a good recipe to expand your side dish repertoire. This recipe serves 4 and costs $1.99 per serving. Watching your figure? This gluten free and vegetarian recipe has <b>443 calories</b>, <b>14g of protein</b>, and <b>20g of fat</b> per serving. From preparation to the plate, this recipe takes approximately <b>55 minutes</b>. This recipe is liked by 211 foodies and cooks. This recipe from Two Peas and Their Pod requires basil, basil pesto, salt and pepper, and salt and pepper. All things considered, we decided this recipe <b>deserves a spoonacular score of 97%</b>. This score is tremendous. Similar recipes are <a href="https://spoonacular.com/recipes/sweet-potato-chickpea-salad-405948">Sweet Potato & Chickpea Salad</a>, <a href="https://spoonacular.com/recipes/cinnamon-spice-sweet-potato-chickpea-salad-31832">Cinnamon Spice Sweet Potato Chickpea Salad</a>, and <a href="https://spoonacular.com/recipes/grilled-sweet-potato-orange-and-chickpea-salad-100646">Grilled Sweet Potato, Orange, and Chickpea Salad</a>.	Sweet Potato Chickpea Salad with Pesto
21	ES	47693	DAJTEMU es un plato acompañante que sirve para 1 persona. ¿Quieres cuidar tu figura? Esta receta sin gluten, sin lácteos, vegetariana y compatible con la dieta FODMAP tiene <b>3 calorías</b>, <b>0g de proteína</b> y <b>0g de grasa</b> por porción. Por <b>19 centavos por porción</b>, esta receta <b>cubre el 0%</b> de tus requerimientos diarios de vitaminas y minerales. 1 persona se alegró de haber probado esta receta. Si tienes publicaciones relacionadas, jap chae vegetariano - una receta de invitado de Alice de Savory Life, reseña: Flying Apron Bakery - nuevo vegano, y algunos otros ingredientes a mano, puedes hacerla. Te la trae Herbi Voracious. Desde la preparación hasta el plato, esta receta toma aproximadamente <b>aproximadamente 45 minutos</b>. Tomando en cuenta todos los factores, esta receta <b>obtiene una puntuación spoonacular del 0%</b>, lo cual es muy malo (pero aún se puede arreglar). Si te gusta esta receta, es posible que también te gusten recetas como .	DAJTEMU
22	EN	47693	DAJTEMU is a side dish that serves 1. Watching your figure? This gluten free, dairy free, lacto ovo vegetarian, and fodmap friendly recipe has <b>3 calories</b>, <b>0g of protein</b>, and <b>0g of fat</b> per serving. For <b>19 cents per serving</b>, this recipe <b>covers 0%</b> of your daily requirements of vitamins and minerals. 1 person were glad they tried this recipe. If you have related posts, vegetarian jap chae - a guest recipe by alice of savory life, review: flying apron bakery - new vegan, and a few other ingredients on hand, you can make it. It is brought to you by Herbi Voracious. From preparation to the plate, this recipe takes approximately <b>approximately 45 minutes</b>. Taking all factors into account, this recipe <b>earns a spoonacular score of 0%</b>, which is very bad (but still fixable). If you like this recipe, you might also like recipes such as .	DAJTEMU
23	ES	47700	One-Dish Chicken and Stuffing Bake tarda aproximadamente <b>40 minutos</b> de principio a fin. Por <b>$2.61 por porción</b>, obtienes un plato que sirve 6 personas. Una porción de este plato contiene aproximadamente <b>31g de proteína</b>, <b>24g de grasa</b> y un total de <b>477 calorías</b>. <b>El Día de Acción de Gracias</b> será aún más especial con esta receta. 50 personas encontraron esta receta deliciosa y satisfactoria. Te la trae Allrecipes. Ve a la tienda y compra pechugas de pollo, pimentón, leche y algunas otras cosas para hacerla hoy. Teniendo en cuenta todos los factores, esta receta <b>obtiene una puntuación de spoonacular del 77%</b>, que es sólida. Si te gusta esta receta, es posible que también te gusten recetas como <a href="https://spoonacular.com/recipes/one-dish-chicken-stuffing-bake-207760">One-Dish Chicken & Stuffing Bake</a>, <a href="https://spoonacular.com/recipes/one-dish-chicken-bake-1235665">One Dish Chicken Bake</a> y <a href="https://spoonacular.com/recipes/one-dish-chicken-bake-694852">One Dish Chicken Bake</a>.	One-Dish Chicken and Stuffing Bake
24	EN	47700	One-Dish Chicken and Stuffing Bake takes around <b>40 minutes</b> from beginning to end. For <b>$2.61 per serving</b>, you get a side dish that serves 6. One portion of this dish contains approximately <b>31g of protein</b>, <b>24g of fat</b>, and a total of <b>477 calories</b>. <b>Thanksgiving</b> will be even more special with this recipe. 50 people found this recipe to be delicious and satisfying. It is brought to you by Allrecipes. Head to the store and pick up chicken breasts, paprika, milk, and a few other things to make it today. Taking all factors into account, this recipe <b>earns a spoonacular score of 77%</b>, which is solid. If you like this recipe, you might also like recipes such as <a href="https://spoonacular.com/recipes/one-dish-chicken-stuffing-bake-207760">One-Dish Chicken & Stuffing Bake</a>, <a href="https://spoonacular.com/recipes/one-dish-chicken-bake-1235665">One Dish Chicken Bake</a>, and <a href="https://spoonacular.com/recipes/one-dish-chicken-bake-694852">One Dish Chicken Bake</a>.	One-Dish Chicken and Stuffing Bake
29	ES	47719	Nunca puedes tener demasiadas recetas coreanas, así que prueba el tazón de arroz con carne coreana. Este plato principal tiene <b>669 calorías</b>, <b>32g de proteína</b> y <b>25g de grasa</b> por porción. Por <b>$3.46 por porción</b>, esta receta cubre el <b>30%</b> de tus requerimientos diarios de vitaminas y minerales. Esta receta sirve para 4 personas. Ve a la tienda y compra caldo de carne sin grasa, arroz, ejotes y algunas otras cosas para hacerlo hoy. Es una buena opción si sigues una dieta <b>sin lácteos</b>. Te lo trae el usuario de spoonacular <a href="/profile/eatsommadmin">eatsommadmin</a>. Desde la preparación hasta el plato, esta receta lleva alrededor de <b>45 minutos</b>. Recetas similares incluyen <a href="https://spoonacular.com/recipes/korean-beef-rice-bowl-649030">Tazón de arroz con carne coreana</a>, <a href="https://spoonacular.com/recipes/korean-beef-rice-bowl-35916">Tazón de arroz con carne coreana</a> y <a href="https://spoonacular.com/recipes/bibimbap-korean-beef-rice-bowl-with-tanimura-antle-artisan-lettuce-1048153">Bibimbap - Tazón de arroz con carne coreana con lechuga Tanimura & Antle Artisan®</a>.	Tazón de arroz con carne coreana
30	EN	47719	You can never have too many Korean recipes, so give Korean Beef Rice Bowl a try. This main course has <b>669 calories</b>, <b>32g of protein</b>, and <b>25g of fat</b> per serving. For <b>$3.46 per serving</b>, this recipe <b>covers 30%</b> of your daily requirements of vitamins and minerals. This recipe serves 4. Head to the store and pick up fat-skimmed beef broth, rice, green beans, and a few other things to make it today. It is a good option if you're following a <b>dairy free</b> diet. It is brought to you by spoonacular user <a href="/profile/eatsommadmin">eatsommadmin</a>. From preparation to the plate, this recipe takes around <b>45 minutes</b>. Similar recipes include <a href="https://spoonacular.com/recipes/korean-beef-rice-bowl-649030">Korean Beef Rice Bowl</a>, <a href="https://spoonacular.com/recipes/korean-beef-rice-bowl-35916">Korean Beef Rice Bowl</a>, and <a href="https://spoonacular.com/recipes/bibimbap-korean-beef-rice-bowl-with-tanimura-antle-artisan-lettuce-1048153">Bibimbap – Korean Beef Rice Bowl with Tanimura & Antle Artisan® Lettuce</a>.	Korean Beef Rice Bowl
31	ES	47726	La Sopa de Tortilla de Pollo es un plato principal que sirve a 8 personas. Una porción contiene <b>438 calorías</b>, <b>20g de proteína</b> y <b>22g de grasa</b>. Por <b>$2.13 por porción</b>, esta receta <b>cubre el 25%</b> de tus requerimientos diarios de vitaminas y minerales. Esta receta es apreciada por 29263 amantes de la comida y cocineros. <b>El otoño</b> será aún más especial con esta receta. Es una buena opción si sigues una dieta <b>libre de gluten</b>. Esta receta del usuario de spoonacular <a href="/profile/lsaavedra">lsaavedra</a> requiere harina de maíz, aceite de oliva, pechugas de pollo y cilantro. Desde la preparación hasta el plato, esta receta toma aproximadamente <b>1 hora y 40 minutos</b>. Considerando todo, decidimos que esta receta <b>merece una puntuación de spoonacular del 97%</b>. Esta puntuación es tremenda. Prueba <a href="https://spoonacular.com/recipes/fire-roasted-tortilla-soup-with-ancho-tortilla-strips-667023">Sopa de Tortilla Asada al Fuego con Tiras de Ancho Tortilla</a>, <a href="https://spoonacular.com/recipes/fire-roasted-tortilla-soup-with-ancho-tortilla-strips-1202139">Sopa de Tortilla Asada al Fuego con Tiras de Ancho Tortilla</a> y <a href="https://spoonacular.com/recipes/chicken-tortilla-soup-566245">Sopa de Tortilla de Pollo</a> para recetas similares.	Sopa de Tortilla de Pollo
32	EN	47726	Chicken Tortilla Soup is a main course that serves 8. One serving contains <b>438 calories</b>, <b>20g of protein</b>, and <b>22g of fat</b>. For <b>$2.13 per serving</b>, this recipe <b>covers 25%</b> of your daily requirements of vitamins and minerals. This recipe is liked by 29263 foodies and cooks. <b>Autumn</b> will be even more special with this recipe. It is a good option if you're following a <b>gluten free</b> diet. This recipe from spoonacular user <a href="/profile/lsaavedra">lsaavedra</a> requires cornmeal, olive oil, chicken breasts, and cilantro. From preparation to the plate, this recipe takes roughly <b>1 hour and 40 minutes</b>. All things considered, we decided this recipe <b>deserves a spoonacular score of 97%</b>. This score is tremendous. Try <a href="https://spoonacular.com/recipes/fire-roasted-tortilla-soup-with-ancho-tortilla-strips-667023">Fire Roasted Tortilla Soup with Ancho Tortilla Strips</a>, <a href="https://spoonacular.com/recipes/fire-roasted-tortilla-soup-with-ancho-tortilla-strips-1202139">Fire Roasted Tortilla Soup with Ancho Tortilla Strips</a>, and <a href="https://spoonacular.com/recipes/chicken-tortilla-soup-566245">Chicken Tortilla Soup</a> for similar recipes.	Chicken Tortilla Soup
33	ES	47731	La receta Bold Bean and Pork Chili está lista <b>en aproximadamente 1 hora y 40 minutos</b> y es definitivamente una excelente opción <b>libre de gluten y lácteos</b> para los amantes de la comida americana. Por <b>$3.3 por porción</b>, obtienes un plato principal que sirve 15 porciones. Una porción contiene <b>533 calorías</b>, <b>63g de proteína</b> y <b>17g de grasa</b>. No muchas personas hicieron esta receta, y diría que fue un éxito. Es presentado por Taste of Home. Se puede disfrutar en cualquier momento, pero es especialmente bueno para <b>El Super Bowl</b>. Ve a la tienda y compra cebollas, aceite de oliva, chile en polvo y algunas otras cosas para hacerlo hoy. En general, esta receta obtiene una puntuación de <b>spoonacular bastante buena del 68%</b>. Recetas similares son <a href="https://spoonacular.com/recipes/bold-bean-and-pork-chili-382222">Bold Bean and Pork Chili</a>, <a href="https://spoonacular.com/recipes/bold-vegan-chili-465257">Bold Vegan Chili</a> y <a href="https://spoonacular.com/recipes/easy-pork-and-three-bean-chili-196022">Easy Pork and Three Bean Chili</a>.	Bold Bean and Pork Chili
34	EN	47731	The recipe Bold Bean and Pork Chili is ready <b>in about 1 hour and 40 minutes</b> and is definitely an excellent <b>gluten free and dairy free</b> option for lovers of American food. For <b>$3.3 per serving</b>, you get a main course that serves 15. One serving contains <b>533 calories</b>, <b>63g of protein</b>, and <b>17g of fat</b>. Not a lot of people made this recipe, and 1 would say it hit the spot. It is brought to you by Taste of Home. It can be enjoyed any time, but it is especially good for <b>The Super Bowl</b>. Head to the store and pick up onions, olive oil, chili powder, and a few other things to make it today. Overall, this recipe earns a <b>pretty good spoonacular score of 68%</b>. Similar recipes are <a href="https://spoonacular.com/recipes/bold-bean-and-pork-chili-382222">Bold Bean and Pork Chili</a>, <a href="https://spoonacular.com/recipes/bold-vegan-chili-465257">Bold Vegan Chili</a>, and <a href="https://spoonacular.com/recipes/easy-pork-and-three-bean-chili-196022">Easy Pork and Three Bean Chili</a>.	Bold Bean and Pork Chili
35	ES	47737	Las galletas de chispas de chocolate podrían ser una buena receta para ampliar tu colección de recetas de postres. Una porción contiene <b>532 calorías</b>, <b>8g de proteína</b> y <b>22g de grasa</b>. Esta receta sirve para 24 porciones y cuesta 63 centavos por porción. 1 persona ha hecho esta receta y la volvería a hacer. Una mezcla de azúcar, yema de huevo, sal y un puñado de otros ingredientes es todo lo que se necesita para hacer esta receta tan sabrosa. Desde la preparación hasta el plato, esta receta tarda alrededor de <b>30 minutos</b>. Te la trae sweetandsavorymeals.com. En general, esta receta obtiene una puntuación sólida de spoonacular del <b>65%</b>. A los usuarios que les gustó esta receta también les gustaron <a href="https://spoonacular.com/recipes/whole-wheat-chocolate-chip-walnut-cookies-my-favorite-chocolate-chip-cookies-487831">Galletas de chispas de chocolate integral con nueces {Mis galletas de chispas de chocolate favoritas}</a>, <a href="https://spoonacular.com/recipes/eggless-chocolate-chip-cookies-soft-chocolate-chip-cookies-618944">galletas de chispas de chocolate sin huevo | galletas de chispas de chocolate suaves</a> y <a href="https://spoonacular.com/recipes/triple-stuffed-m-m-chocolate-chip-cookies-toffee-cookies-peanut-butter-cup-cookies-593065">Galletas de chispas de chocolate M&M rellenas triples, galletas de toffee y galletas de mantequilla de maní</a>.	Galletas de chispas de chocolate
36	EN	47737	Chocolate Chip Cookies might be a good recipe to expand your dessert recipe box. One serving contains <b>532 calories</b>, <b>8g of protein</b>, and <b>22g of fat</b>. This recipe serves 24 and costs 63 cents per serving. 1 person has made this recipe and would make it again. A mixture of sugar, egg yolk, salt, and a handful of other ingredients are all it takes to make this recipe so tasty. From preparation to the plate, this recipe takes around <b>30 minutes</b>. It is brought to you by sweetandsavorymeals.com. Overall, this recipe earns a <b>solid spoonacular score of 65%</b>. Users who liked this recipe also liked <a href="https://spoonacular.com/recipes/whole-wheat-chocolate-chip-walnut-cookies-my-favorite-chocolate-chip-cookies-487831">Whole Wheat Chocolate Chip Walnut Cookies {My Favorite Chocolate Chip Cookies}</a>, <a href="https://spoonacular.com/recipes/eggless-chocolate-chip-cookies-soft-chocolate-chip-cookies-618944">eggless chocolate chip cookies | soft chocolate chip cookies</a>, and <a href="https://spoonacular.com/recipes/triple-stuffed-m-m-chocolate-chip-cookies-toffee-cookies-peanut-butter-cup-cookies-593065">Triple Stuffed M&M Chocolate Chip Cookies, Toffee Cookies & Peanut Butter Cup Cookies</a>.	Chocolate Chip Cookies
37	ES	47745	El Pastel de Frambuesa de Chocolate tarda aproximadamente <b>5 horas y 8 minutos</b> desde el principio hasta el final. Una porción contiene <b>1196 calorías</b>, <b>9g de proteína</b> y <b>57g de grasa</b>. Por <b>$2.01 por porción</b>, obtienes un postre que sirve para 10 personas. Esta receta de Cookie Dough and Oven Mitt requiere azúcar granulada, crema batida, azúcar en polvo y jugo de limón. 1 persona ha hecho esta receta y la haría nuevamente. En general, esta receta obtiene una puntuación de cuchara mejorable del <b>0%</b>. Si te gusta esta receta, echa un vistazo a estas recetas similares: <a href="https://spoonacular.com/recipes/dark-chocolate-raspberry-cake-and-its-chocolate-ginger-mousse-42116">Pastel de Chocolate y Frambuesa Oscura y su Mousse de Chocolate y Jengibre</a>, <a href="https://spoonacular.com/recipes/chocolate-raspberry-cake-60247">Pastel de Frambuesa de Chocolate</a> y <a href="https://spoonacular.com/recipes/chocolate-raspberry-cake-164584">Pastel de Frambuesa de Chocolate</a>.	Pastel de Frambuesa de Chocolate
38	EN	47745	Chocolate Raspberry Cake takes about <b>5 hours and 8 minutes</b> from beginning to end. One serving contains <b>1196 calories</b>, <b>9g of protein</b>, and <b>57g of fat</b>. For <b>$2.01 per serving</b>, you get a dessert that serves 10. This recipe from Cookie Dough and Oven Mitt requires granulated sugar, heavy whipping cream, powdered sugar, and lemon juice. 1 person has made this recipe and would make it again. Overall, this recipe earns an <b>improvable spoonacular score of 0%</b>. If you like this recipe, take a look at these similar recipes: <a href="https://spoonacular.com/recipes/dark-chocolate-raspberry-cake-and-its-chocolate-ginger-mousse-42116">Dark Chocolate, Raspberry Cake And Its Chocolate-ginger Mousse</a>, <a href="https://spoonacular.com/recipes/chocolate-raspberry-cake-60247">Chocolate Raspberry Cake</a>, and <a href="https://spoonacular.com/recipes/chocolate-raspberry-cake-164584">Chocolate Raspberry Cake</a>.	Chocolate Raspberry Cake
77	ES	47889	La receta de pato asado se puede hacer en aproximadamente 2 horas y 49 minutos. Por $1.18 por porción, obtienes un plato principal que sirve para 6 personas. ¿Cuidando tu figura? Esta receta sin gluten y sin lácteos tiene 772 calorías, 15g de proteína y 78g de grasa por porción. 69 personas quedaron impresionadas por esta receta. Si tienes un pato de 5 libras, mayonesa, ajos y algunos otros ingredientes a mano, puedes hacerlo. Te lo trae Grabandgorecipes.com. Con una puntuación de spoonacular del 81%, este plato es excepcional. Recetas similares son Pato asado con compota de frutas asadas, Pato asado dos veces condimentado y Pato asado chino.	Pato asado
40	EN	47749	Strawberry Lemonade Madeleines is a dessert that serves 24. One serving contains <b>108 calories</b>, <b>2g of protein</b>, and <b>5g of fat</b>. For <b>16 cents per serving</b>, this recipe <b>covers 2%</b> of your daily requirements of vitamins and minerals. This recipe from Crumb requires baking powder, eggs, strawberry puree, and lemon zest. This recipe is liked by 7 foodies and cooks. It is perfect for <b>Mother's Day</b>. From preparation to the plate, this recipe takes around <b>1 hour and 10 minutes</b>. With a spoonacular <b>score of 11%</b>, this dish is rather bad. If you like this recipe, take a look at these similar recipes: <a href="https://spoonacular.com/recipes/strawberry-lemonade-406499">Strawberry Lemonade</a>, <a href="https://spoonacular.com/recipes/strawberry-lemonade-521253">Strawberry lemonade</a>, and <a href="https://spoonacular.com/recipes/strawberry-lemonade-809686">Strawberry Lemonade</a>.	Strawberry Lemonade Madeleines
41	ES	47753	La ensalada de patata con bacon podría ser una buena receta para ampliar tu repertorio de acompañamientos. Esta receta tiene 10 porciones con 309 calorías, 8g de proteína y 23g de grasa cada una. Por $1.07 por porción, esta receta cubre el 12% de tus requerimientos diarios de vitaminas y minerales. Desde la preparación hasta el plato, esta receta tarda alrededor de 30 minutos. 1 persona quedó impresionada por esta receta. Es una buena opción si sigues una dieta sin gluten y sin lácteos. Es perfecta para el Cuatro de Julio. Te la trae Averie Cooks. Con una puntuación spoonacular del 0%, este plato se puede mejorar. A los usuarios que les gustó esta receta también les gustó Ensalada de patata a la parrilla con bacon + vinagreta de bacon y mostaza Dijon, Ensalada de patata con bacon y Ensalada de patata con bacon.	Ensalada de patata con bacon
42	EN	47753	Potato Salad with Bacon might be a good recipe to expand your side dish repertoire. This recipe makes 10 servings with <b>309 calories</b>, <b>8g of protein</b>, and <b>23g of fat</b> each. For <b>$1.07 per serving</b>, this recipe <b>covers 12%</b> of your daily requirements of vitamins and minerals. From preparation to the plate, this recipe takes around <b>30 minutes</b>. 1 person were impressed by this recipe. It is a good option if you're following a <b>gluten free and dairy free</b> diet. It is perfect for <b>The Fourth Of July</b>. It is brought to you by Averie Cooks. With a spoonacular <b>score of 0%</b>, this dish is improvable. Users who liked this recipe also liked <a href="https://spoonacular.com/recipes/grilled-potato-salad-with-bacon-+-bacon-dijon-vinaigrette-577709">Grilled Potato Salad with Bacon + Bacon-Dijon Vinaigrette</a>, <a href="https://spoonacular.com/recipes/bacon-potato-salad-12658">Bacon Potato Salad</a>, and <a href="https://spoonacular.com/recipes/bacon-potato-salad-365904">Bacon Potato Salad</a>.	Potato Salad with Bacon
45	ES	47774	Si tienes aproximadamente <b>20 minutos</b> para pasar en la cocina, One Sheet Pan Chicken Fried Rice podría ser una receta súper <b>sin gluten y sin lácteos</b> para probar. Una porción de este plato contiene aproximadamente <b>23g de proteína</b>, <b>15g de grasa</b> y un total de <b>371 calorías</b>. Esta receta sirve para 4 personas y cuesta $1.48 por porción. Es una receta <b>con un precio razonable</b> para los amantes de la comida china. Una mezcla de sal y pimienta, salsa de soja, pechugas de pollo y un puñado de otros ingredientes son todo lo que se necesita para hacer esta receta tan sabrosa. Funciona bien como plato principal. Nos la trae Creme de la Crumb. 1 persona ha hecho esta receta y la volvería a hacer. Considerando todo, decidimos que esta receta <b>merece una puntuación spoonacular del 55%</b>. Esta puntuación es buena. Si te gusta esta receta, echa un vistazo a estas recetas similares: <a href="https://spoonacular.com/recipes/sheet-pan-fried-rice-953903">Sheet Pan Fried Rice</a>, <a href="https://spoonacular.com/recipes/sheet-pan-cauliflower-fried-rice-960706">Sheet Pan Cauliflower Fried Rice</a> y <a href="https://spoonacular.com/recipes/sheet-pan-sausage-and-veggies-with-spanish-rice-1183503">Sheet Pan Sausage and Veggies with Spanish Rice</a>.	One Sheet Pan Chicken Fried Rice
46	EN	47774	If you have approximately <b>20 minutes</b> to spend in the kitchen, One Sheet Pan Chicken Fried Rice might be a super <b>gluten free and dairy free</b> recipe to try. One portion of this dish contains about <b>23g of protein</b>, <b>15g of fat</b>, and a total of <b>371 calories</b>. This recipe serves 4 and costs $1.48 per serving. It is a <b>reasonably priced</b> recipe for fans of Chinese food. A mixture of salt and pepper, soy sauce, chicken breasts, and a handful of other ingredients are all it takes to make this recipe so tasty. It works well as a main course. It is brought to you by Creme de la Crumb. 1 person has made this recipe and would make it again. All things considered, we decided this recipe <b>deserves a spoonacular score of 55%</b>. This score is good. If you like this recipe, take a look at these similar recipes: <a href="https://spoonacular.com/recipes/sheet-pan-fried-rice-953903">Sheet Pan Fried Rice</a>, <a href="https://spoonacular.com/recipes/sheet-pan-cauliflower-fried-rice-960706">Sheet Pan Cauliflower Fried Rice</a>, and <a href="https://spoonacular.com/recipes/sheet-pan-sausage-and-veggies-with-spanish-rice-1183503">Sheet Pan Sausage and Veggies with Spanish Rice</a>.	One Sheet Pan Chicken Fried Rice
47	ES	47780	La receta de las Galletas de Brownie Rocky Road está lista en aproximadamente 25 minutos y definitivamente es una excelente opción sin lácteos para los amantes de la comida americana. Esta receta sirve para 24 personas. Una porción de este plato contiene aproximadamente 2g de proteína, 9g de grasa y un total de 177 calorías. Por 21 centavos por porción, esta receta cubre el 2% de tus necesidades diarias de vitaminas y minerales. Funciona bien como postre. Esta receta de Simply Whisked tiene 15 seguidores. Ve a la tienda y compra almendras, mezcla para brownie, huevos y algunas otras cosas para hacerlo hoy. En general, esta receta obtiene una puntuación spoonacular bastante baja del 10%. Prueba Rocky Road Brownie Sticks, Rocky Road Brownie Bites y Rocky Road Brownie Bites para recetas similares.	Galletas de Brownie Rocky Road
48	EN	47780	The recipe Rocky Road Brownie Cookies is ready <b>in approximately 25 minutes</b> and is definitely an excellent <b>dairy free</b> option for lovers of American food. This recipe serves 24. One portion of this dish contains about <b>2g of protein</b>, <b>9g of fat</b>, and a total of <b>177 calories</b>. For <b>21 cents per serving</b>, this recipe <b>covers 2%</b> of your daily requirements of vitamins and minerals. It works well as a dessert. This recipe from Simply Whisked has 15 fans. Head to the store and pick up almonds, brownie mix, eggs, and a few other things to make it today. Overall, this recipe earns a <b>rather bad spoonacular score of 10%</b>. Try <a href="https://spoonacular.com/recipes/rocky-road-brownie-sticks-174364">Rocky Road Brownie Sticks</a>, <a href="https://spoonacular.com/recipes/rocky-road-brownie-bites-478017">Rocky Road Brownie Bites</a>, and <a href="https://spoonacular.com/recipes/rocky-road-brownie-bites-753616">Rocky Road Brownie Bites</a> for similar recipes.	Rocky Road Brownie Cookies
49	ES	47789	El Roulade de pollo cremoso con espinacas y champiñones podría ser la receta europea que estás buscando. Esta receta sirve para 3 personas y cuesta $3.28 por porción. Este plato principal tiene 688 calorías, 44g de proteína y 38g de grasa por porción. 1 persona encontró esta receta deliciosa y satisfactoria. Ve a la tienda y compra queso parmesano, pimienta molida, espinacas bebé y algunas otras cosas para hacerla hoy. Desde la preparación hasta el plato, esta receta tarda aproximadamente 5 horas. Te la trae Ahead of Thyme. Con una puntuación de 0% en spoonacular, este plato es mejorable. Recetas similares son Roulade de huevo relleno de salchicha de pavo, champiñones y espinacas, Pasta de pollo cremoso con champiñones y espinacas, y Roulade de pollo relleno de prosciutto, espinacas y tomates secos al sol con papas trufadas blancas.	Roulade de pollo cremoso con espinacas y champiñones
50	EN	47789	Creamy Chicken Roulade with Spinach and Mushrooms might be just the <b>European</b> recipe you are searching for. This recipe serves 3 and costs $3.28 per serving. This main course has <b>688 calories</b>, <b>44g of protein</b>, and <b>38g of fat</b> per serving. 1 person found this recipe to be scrumptious and satisfying. Head to the store and pick up parmesan cheese, ground pepper, baby spinach, and a few other things to make it today. From preparation to the plate, this recipe takes approximately <b>5 hours</b>. It is brought to you by Ahead of Thyme. With a spoonacular <b>score of 0%</b>, this dish is improvable. Similar recipes are <a href="https://spoonacular.com/recipes/egg-roulade-stuffed-with-turkey-sausage-mushrooms-and-spinach-101442">Egg Roulade Stuffed with Turkey Sausage, Mushrooms, and Spinach</a>, <a href="https://spoonacular.com/recipes/creamy-chicken-pasta-with-mushrooms-and-spinach-19542">Creamy Chicken Pasta With Mushrooms And Spinach</a>, and <a href="https://spoonacular.com/recipes/chicken-roulade-stuffed-with-prosciutto-spinach-and-sun-dried-tomatoes-with-white-truffle-potatoes-383335">Chicken Roulade Stuffed with Prosciutto, Spinach and Sun-Dried Tomatoes with White Truffle Potatoes</a>.	Creamy Chicken Roulade with Spinach and Mushrooms
51	ES	47798	Las enchiladas de frijoles negros y batata son un plato principal <b>libre de gluten y vegetariano lacto-ovo</b>. Esta receta sirve para 4 personas y cuesta $2.53 por porción. Una porción contiene <b>653 calorías</b>, <b>24g de proteína</b> y <b>21g de grasa</b>. Esta receta de Inspiralized requiere batatas, salsa de enchilada, condimento para tacos, sal y pimienta. Esta receta es del agrado de 1 amante de la comida y cocineros. Desde la preparación hasta el plato, esta receta toma aproximadamente <b>30 minutos</b>. Considerando todo, decidimos que esta receta <b>merece una puntuación spoonacular de 0%</b>. Esta puntuación se puede mejorar. A los usuarios que les gustó esta receta también les gustaron las <a href="https://spoonacular.com/recipes/black-bean-sweet-potato-enchiladas-107107">Enchiladas de frijoles negros y batata</a>, las <a href="https://spoonacular.com/recipes/black-bean-and-sweet-potato-enchiladas-948970">Enchiladas de frijoles negros y batata</a> y las <a href="https://spoonacular.com/recipes/sweet-potato-black-bean-enchiladas-1221787">Enchiladas de batata y frijoles negros</a>.	Enchiladas de frijoles negros y batata
52	EN	47798	Black bean & sweet potato enchiladas is a <b>gluten free and lacto ovo vegetarian</b> main course. This recipe serves 4 and costs $2.53 per serving. One serving contains <b>653 calories</b>, <b>24g of protein</b>, and <b>21g of fat</b>. This recipe from Inspiralized requires sweet potatoes, enchilada sauce, taco seasoning, and salt and pepper. This recipe is liked by 1 foodies and cooks. From preparation to the plate, this recipe takes about <b>30 minutes</b>. All things considered, we decided this recipe <b>deserves a spoonacular score of 0%</b>. This score is improvable. Users who liked this recipe also liked <a href="https://spoonacular.com/recipes/black-bean-sweet-potato-enchiladas-107107">Black Bean & Sweet Potato Enchiladas</a>, <a href="https://spoonacular.com/recipes/black-bean-and-sweet-potato-enchiladas-948970">Black Bean and Sweet Potato Enchiladas</a>, and <a href="https://spoonacular.com/recipes/sweet-potato-black-bean-enchiladas-1221787">Sweet Potato Black Bean Enchiladas</a>.	black bean & sweet potato enchiladas
53	ES	47804	El pastel de queso, nabo y puerro tarda aproximadamente 1 hora y 20 minutos desde el principio hasta el final. Esta receta sirve para 6 personas y cuesta $1.34 por porción. Una porción de este plato contiene aproximadamente 17g de proteína, 38g de grasa y un total de 507 calorías. No mucha gente hizo esta receta y diría que cumplió con las expectativas. Esta receta de BBC Good Food requiere vino blanco, cheddar maduro, harina y mostaza de Dijon. Considerando todo, decidimos que esta receta merece una puntuación spoonacular del 32%. Esta puntuación no es tan tremenda. Si te gusta esta receta, echa un vistazo a estas recetas similares: Beef, leek & swede Cumberland pie, Potato, Swede And Leek Gratin y Leek & Cheese Pie.	Pastel de queso, nabo y puerro
54	EN	47804	Cheese, swede & leek pie takes about <b>1 hour and 20 minutes</b> from beginning to end. This recipe serves 6 and costs $1.34 per serving. One portion of this dish contains approximately <b>17g of protein</b>, <b>38g of fat</b>, and a total of <b>507 calories</b>. Not a lot of people made this recipe, and 1 would say it hit the spot. This recipe from BBC Good Food requires white wine, mature cheddar, flour, and dijon mustard. All things considered, we decided this recipe <b>deserves a spoonacular score of 32%</b>. This score is not so tremendous. If you like this recipe, take a look at these similar recipes: <a href="https://spoonacular.com/recipes/beef-leek-swede-cumberland-pie-1090976">Beef, leek & swede Cumberland pie</a>, <a href="https://spoonacular.com/recipes/potato-swede-and-leek-gratin-39103">Potato, Swede And Leek Gratin</a>, and <a href="https://spoonacular.com/recipes/leek-cheese-pie-116679">Leek & Cheese Pie</a>.	Cheese, swede & leek pie
55	ES	47819	Si quieres agregar más recetas <b>sin gluten y vegetarianas lacto-ovo</b> a tu recetario, el Chili Vegetariano podría ser una receta que debes probar. Una porción de este plato contiene aproximadamente <b>25g de proteína</b>, <b>24g de grasa</b> y un total de <b>589 calorías</b>. Esta receta sirve para 6 personas. Por <b>$1.96 por porción</b>, esta receta <b>cubre el 32%</b> de tus requerimientos diarios de vitaminas y minerales. Te la trae For the Love of Cooking. A no mucha gente le gustó este plato principal. Una mezcla de chile en polvo, crema, pimiento morrón y un puñado de otros ingredientes es todo lo que se necesita para hacer esta receta tan deliciosa. 1 persona ha probado y le ha gustado esta receta. <b>El Super Bowl</b> será aún más especial con esta receta. Es una receta <b>económica</b> para los fanáticos de la comida americana. Desde la preparación hasta el plato, esta receta lleva aproximadamente <b>1 hora y 55 minutos</b>. Considerando todo, decidimos que esta receta <b>merece una puntuación spoonacular del 71%</b>. Esta puntuación es bastante buena. A los usuarios a quienes les gustó esta receta también les gustaron <a href="https://spoonacular.com/recipes/5th-annual-chili-contest-entry-vegetarian-quinoa-chili-weekly-menu-1695725">Concurso Anual de Chili: Participación - Chili de Quinoa Vegetariano + Menú Semanal</a>, <a href="https://spoonacular.com/recipes/8th-annual-chili-contest-entry-three-bean-vegetarian-chili-weekly-menu-950624">Concurso Anual de Chili: Participación - Chili Vegetariano de Tres Frijoles + Menú Semanal</a> y <a href="https://spoonacular.com/recipes/5th-annual-chili-contest-entry-vegetarian-quinoa-chili-weekly-menu-615760">Concurso Anual de Chili: Participación - Chili de Quinoa Vegetariano + Menú Semanal</a>.	Chili Vegetariano
56	EN	47819	If you want to add more <b>gluten free and lacto ovo vegetarian</b> recipes to your recipe box, Vegetarian Chili might be a recipe you should try. One portion of this dish contains about <b>25g of protein</b>, <b>24g of fat</b>, and a total of <b>589 calories</b>. This recipe serves 6. For <b>$1.96 per serving</b>, this recipe <b>covers 32%</b> of your daily requirements of vitamins and minerals. It is brought to you by For the Love of Cooking. Not a lot of people really liked this main course. A mixture of chili powder, cream, bell pepper, and a handful of other ingredients are all it takes to make this recipe so scrumptious. 1 person has tried and liked this recipe. <b>The Super Bowl</b> will be even more special with this recipe. It is a <b>budget friendly</b> recipe for fans of American food. From preparation to the plate, this recipe takes around <b>1 hour and 55 minutes</b>. All things considered, we decided this recipe <b>deserves a spoonacular score of 71%</b>. This score is pretty good. Users who liked this recipe also liked <a href="https://spoonacular.com/recipes/5th-annual-chili-contest-entry-vegetarian-quinoa-chili-weekly-menu-1695725">5th Annual Chili Contest: Entry – Vegetarian Quinoa Chili + Weekly Menu</a>, <a href="https://spoonacular.com/recipes/8th-annual-chili-contest-entry-three-bean-vegetarian-chili-weekly-menu-950624">8th Annual Chili Contest: Entry – Three-Bean Vegetarian Chili + Weekly Menu</a>, and <a href="https://spoonacular.com/recipes/5th-annual-chili-contest-entry-vegetarian-quinoa-chili-weekly-menu-615760">5th Annual Chili Contest: Entry – Vegetarian Quinoa Chili + Weekly Menu</a>.	Vegetarian Chili
57	ES	47828	Los huevos en el Purgatorio podrían ser justo el plato principal que estás buscando. Por <b>$4.78 por porción</b>, esta receta <b>cubre el 42%</b> de tus requerimientos diarios de vitaminas y minerales. Una porción contiene <b>900 calorías</b>, <b>36g de proteína</b> y <b>40g de grasa</b>. Esta receta sirve para 4 personas. Desde la preparación hasta el plato, esta receta lleva aproximadamente <b>1 hora y 30 minutos</b>. 1 persona se alegró de haber probado esta receta. Te la trae greatbritishchefs.com. Teniendo todo en cuenta, hemos decidido que esta receta <b>merece una puntuación spoonacular del 0%</b>. Esta puntuación se puede mejorar. Recetas similares incluyen <a href="https://spoonacular.com/recipes/dinner-tonight-eggs-in-purgatory-eggs-baked-in-tomato-sauce-78722">Cena de esta noche: Huevos en el Purgatorio (Huevos horneados en salsa de tomate)</a>, <a href="https://spoonacular.com/recipes/eggs-in-purgatory-243895">Huevos en el Purgatorio</a> y <a href="https://spoonacular.com/recipes/eggs-in-purgatory-1220251">Huevos en el Purgatorio</a>.	Huevos en el Purgatorio
58	EN	47828	Eggs in Purgatory might be just the main course you are searching for. For <b>$4.78 per serving</b>, this recipe <b>covers 42%</b> of your daily requirements of vitamins and minerals. One serving contains <b>900 calories</b>, <b>36g of protein</b>, and <b>40g of fat</b>. This recipe serves 4. From preparation to the plate, this recipe takes roughly <b>1 hour and 30 minutes</b>. 1 person were glad they tried this recipe. It is brought to you by greatbritishchefs.com. All things considered, we decided this recipe <b>deserves a spoonacular score of 0%</b>. This score is improvable. Similar recipes include <a href="https://spoonacular.com/recipes/dinner-tonight-eggs-in-purgatory-eggs-baked-in-tomato-sauce-78722">Dinner Tonight: Eggs in Purgatory (Eggs Baked in Tomato Sauce)</a>, <a href="https://spoonacular.com/recipes/eggs-in-purgatory-243895">Eggs in Purgatory</a>, and <a href="https://spoonacular.com/recipes/eggs-in-purgatory-1220251">Eggs in Purgatory</a>.	Eggs in Purgatory
61	ES	47836	Niño pequeño: la pizza casera con caras de vegetales tarda aproximadamente <b>40 minutos</b> de principio a fin. Este plato principal tiene <b>789 calorías</b>, <b>30g de proteína</b> y <b>18g de grasa</b> por porción. Esta receta vegetariana lacto-ovo sirve para 4 personas y cuesta <b>$2.05 por porción</b>. 1 persona quedó impresionada con esta receta. Esta receta de BBC Good Food requiere harina de espelta integral, maíz dulce, levadura de acción rápida y aceitunas. Esta receta es típica de la cocina mediterránea. Considerando todo, decidimos que esta receta <b>merece una puntuación spoonacular del 85%</b>. Esta puntuación es increíble. <a href="https://spoonacular.com/recipes/gluten-free-grain-free-mini-pizza-faces-474282">Mini Pizzas Sin Gluten y Sin Granos con Caras</a>, <a href="https://spoonacular.com/recipes/homemade-baked-fish-sticks-kid-toddler-friendly-1658341">Palitos de Pescado al Horno Caseros (¡amigables para niños y niños pequeños!)</a> y <a href="https://spoonacular.com/recipes/go-jetters-biscuit-faces-1091025">Caras de Galletas Go Jetters</a> son muy similares a esta receta.	Niño pequeño: pizza casera con caras de vegetales
62	EN	47836	Toddler : homemade pizza with veggie faces takes about <b>40 minutes</b> from beginning to end. This main course has <b>789 calories</b>, <b>30g of protein</b>, and <b>18g of fat</b> per serving. This lacto ovo vegetarian recipe serves 4 and costs <b>$2.05 per serving</b>. 1 person were impressed by this recipe. This recipe from BBC Good Food requires wholemeal spelt flour, sweetcorn, fast action yeast, and olives. This recipe is typical of Mediterranean cuisine. All things considered, we decided this recipe <b>deserves a spoonacular score of 85%</b>. This score is awesome. <a href="https://spoonacular.com/recipes/gluten-free-grain-free-mini-pizza-faces-474282">Gluten-Free, Grain-Free Mini Pizza Faces</a>, <a href="https://spoonacular.com/recipes/homemade-baked-fish-sticks-kid-toddler-friendly-1658341">Homemade Baked Fish Sticks (kid & toddler-friendly!)</a>, and <a href="https://spoonacular.com/recipes/go-jetters-biscuit-faces-1091025">Go Jetters biscuit faces</a> are very similar to this recipe.	Toddler : homemade pizza with veggie faces
65	ES	47848	El helado de mango requiere aproximadamente 12 horas y 15 minutos desde el principio hasta el final. Una porción contiene 377 calorías, 5g de proteína y 26g de grasa. Por 90 centavos por porción, esta receta cubre el 7% de tus requerimientos diarios de vitaminas y minerales. Esta receta sirve para 8 personas. 1 persona se alegró de haber probado esta receta. Es perfecto para el verano. Si tienes leche condensada, crema espesa, mangos grandes y algunos otros ingredientes a mano, puedes hacerlo. Te lo trae Kawaling Pinoy. Es una buena opción si sigues una dieta sin gluten y vegetariana. Teniendo en cuenta todos los factores, esta receta obtiene una puntuación de spoonacular del 2%, que es mejorable. Strawberry Cookies and Cream Ice Cream, Avocado Ice Cream y How to Make No-Churn Ice Cream son muy similares a esta receta.	Helado de Mango
66	EN	47848	Mango Ice Cream requires approximately <b>12 hours and 15 minutes</b> from start to finish. One serving contains <b>377 calories</b>, <b>5g of protein</b>, and <b>26g of fat</b>. For <b>90 cents per serving</b>, this recipe <b>covers 7%</b> of your daily requirements of vitamins and minerals. This recipe serves 8. 1 person were glad they tried this recipe. It is perfect for <b>Summer</b>. If you have condensed milk, heavy cream, large mangoes, and a few other ingredients on hand, you can make it. It is brought to you by Kawaling Pinoy. It is a good option if you're following a <b>gluten free and vegetarian</b> diet. Taking all factors into account, this recipe <b>earns a spoonacular score of 2%</b>, which is improvable. <a href="https://spoonacular.com/recipes/strawberry-cookies-and-cream-ice-cream-917912">Strawberry Cookies and Cream Ice Cream</a>, <a href="https://spoonacular.com/recipes/avocado-ice-cream-913453">Avocado Ice Cream</a>, and <a href="https://spoonacular.com/recipes/how-to-make-no-churn-ice-cream-908753">How to Make No-Churn Ice Cream</a> are very similar to this recipe.	Mango Ice Cream
69	ES	47863	El pavo glaseado con arroz salvaje relleno podría ser justo el aperitivo que estás buscando. Por <b>$2.22 por porción</b>, esta receta <b>cubre el 40%</b> de tus requerimientos diarios de vitaminas y minerales. Una porción contiene <b>712 calorías</b>, <b>79g de proteína</b> y <b>28g de grasa</b>. Esta receta sirve para 16 personas. Solo unas pocas personas hicieron esta receta y 1 diría que fue un éxito. Es una buena opción si sigues una dieta <b>sin gluten y sin lácteos</b>. Es perfecto para el <b>Día de Acción de Gracias</b>. Una mezcla de jarabe con sabor a maple, ajo, zanahoria y un puñado de otros ingredientes son todo lo que se necesita para hacer esta receta tan deliciosa. Nos la trae Betty Crocker. Desde la preparación hasta el plato, esta receta lleva alrededor de <b>6 horas y 55 minutos</b>. Teniendo en cuenta todos los factores, esta receta <b>obtiene una puntuación de 72% en spoonacular</b>, lo cual es sólido. Si te gusta esta receta, echa un vistazo a estas recetas similares: <a href="https://spoonacular.com/recipes/maple-bacon-glazed-turkey-with-wild-rice-cornbread-stuffing-75456">Pavo glaseado con tocino y relleno de arroz salvaje y pan de maíz</a>, <a href="https://spoonacular.com/recipes/pomegranate-glazed-turkey-with-wild-rice-stuffing-296294">Pavo glaseado con granada y relleno de arroz salvaje</a> y <a href="https://spoonacular.com/recipes/wild-turkey-with-wild-rice-and-cherry-stuffing-82487">Pavo salvaje con arroz salvaje y relleno de cereza</a>.	Pavo glaseado con arroz salvaje relleno
70	EN	47863	Maple-Glazed Turkey with Wild Rice Stuffing might be just the hor d'oeuvre you are searching for. For <b>$2.22 per serving</b>, this recipe <b>covers 40%</b> of your daily requirements of vitamins and minerals. One serving contains <b>712 calories</b>, <b>79g of protein</b>, and <b>28g of fat</b>. This recipe serves 16. Only a few people made this recipe, and 1 would say it hit the spot. It is a good option if you're following a <b>gluten free and dairy free</b> diet. It is perfect for <b>Thanksgiving</b>. A mixture of maple-flavored syrup, garlic, carrot, and a handful of other ingredients are all it takes to make this recipe so scrumptious. It is brought to you by Betty Crocker. From preparation to the plate, this recipe takes around <b>6 hours and 55 minutes</b>. Taking all factors into account, this recipe <b>earns a spoonacular score of 72%</b>, which is solid. If you like this recipe, take a look at these similar recipes: <a href="https://spoonacular.com/recipes/maple-bacon-glazed-turkey-with-wild-rice-cornbread-stuffing-75456">Maple-bacon Glazed Turkey With Wild Rice & Cornbread Stuffing &</a>, <a href="https://spoonacular.com/recipes/pomegranate-glazed-turkey-with-wild-rice-stuffing-296294">Pomegranate-Glazed Turkey With Wild Rice Stuffing</a>, and <a href="https://spoonacular.com/recipes/wild-turkey-with-wild-rice-and-cherry-stuffing-82487">Wild Turkey with Wild Rice and Cherry Stuffing</a>.	Maple-Glazed Turkey with Wild Rice Stuffing
78	EN	47889	The recipe Roasted Duck can be made <b>in roughly 2 hours and 49 minutes</b>. For <b>$1.18 per serving</b>, you get a main course that serves 6. Watching your figure? This gluten free and dairy free recipe has <b>772 calories</b>, <b>15g of protein</b>, and <b>78g of fat</b> per serving. 69 people were impressed by this recipe. If you have duck 5 lb, mayonnaise, garlic cloves, and a few other ingredients on hand, you can make it. It is brought to you by Grabandgorecipes.com. With a spoonacular <b>score of 81%</b>, this dish is outstanding. Similar recipes are <a href="https://spoonacular.com/recipes/roasted-duck-with-roasted-fruit-compote-74806">Roasted Duck with Roasted Fruit Compote</a>, <a href="https://spoonacular.com/recipes/spiced-twice-roasted-duck-74798">Spiced Twice-roasted Duck</a>, and <a href="https://spoonacular.com/recipes/chinese-roasted-duck-74691">Chinese Roasted Duck</a>.	Roasted Duck
71	ES	47873	Si tienes aproximadamente <b>20 minutos</b> para pasar en la cocina, Chilli beef & pepper podría ser una tremenda receta <b>sin gluten, sin lácteos y cetogénica</b> para probar. Este plato principal tiene <b>497 calorías</b>, <b>23g de proteínas</b> y <b>40g de grasa</b> por porción. Por <b>$4.16 por porción</b>, esta receta cubre el <b>22%</b> de tus requerimientos diarios de vitaminas y minerales. Esta receta sirve para 2 personas. 1 persona quedó impresionada por esta receta. <b>El Super Bowl</b> será aún más especial con esta receta. Si tienes filete de ternera, salsa de soja, chile y algunos otros ingredientes a mano, puedes hacerla. Te la trae BBC Good Food. No a mucha gente le gustó realmente este plato americano. Con una puntuación de spoonacular del <b>64%</b>, este plato es sólido. Prueba <a href="https://spoonacular.com/recipes/chilli-salt-and-pepper-squid-99220">Chilli, Salt and Pepper Squid</a>, <a href="https://spoonacular.com/recipes/double-bean-roasted-pepper-chilli-878003">Double bean & roasted pepper chilli</a> y <a href="https://spoonacular.com/recipes/lentil-corn-and-sweet-pepper-chilli-ww-5-points-106805">Lentil, corn and Sweet Pepper Chilli (Ww 5 Points)</a> para recetas similares.	Chilli beef & pepper
72	EN	47873	If you have approximately <b>20 minutes</b> to spend in the kitchen, Chilli beef & pepper might be a tremendous <b>gluten free, dairy free, and ketogenic</b> recipe to try. This main course has <b>497 calories</b>, <b>23g of protein</b>, and <b>40g of fat</b> per serving. For <b>$4.16 per serving</b>, this recipe <b>covers 22%</b> of your daily requirements of vitamins and minerals. This recipe serves 2. 1 person were impressed by this recipe. <b>The Super Bowl</b> will be even more special with this recipe. If you have fillet beef, soy sauce, chilli, and a few other ingredients on hand, you can make it. It is brought to you by BBC Good Food. Not a lot of people really liked this American dish. With a spoonacular <b>score of 64%</b>, this dish is solid. Try <a href="https://spoonacular.com/recipes/chilli-salt-and-pepper-squid-99220">Chilli, Salt and Pepper Squid</a>, <a href="https://spoonacular.com/recipes/double-bean-roasted-pepper-chilli-878003">Double bean & roasted pepper chilli</a>, and <a href="https://spoonacular.com/recipes/lentil-corn-and-sweet-pepper-chilli-ww-5-points-106805">Lentil,corn and Sweet Pepper Chilli (Ww 5 Points)</a> for similar recipes.	Chilli beef & pepper
73	ES	47880	La pierna de cordero a la parrilla con romero y ajo es una receta sin gluten, sin lácteos y compatible con Whole30, con 8 porciones. Una porción de este plato contiene aproximadamente 37g de proteína, 12g de grasa y un total de 265 calorías. Por $3.22 por porción, esta receta cubre el 21% de tus requerimientos diarios de vitaminas y minerales. Esta receta de In Sock Monkey Slippers requiere romero, pierna de cordero, ralladura de limón y pimienta molida. Desde la preparación hasta el plato, esta receta lleva alrededor de 45 minutos. 751 personas quedaron impresionadas con esta receta. Funciona bien como un plato principal bastante caro para el Cuatro de Julio. Con una puntuación de Spoonacular del 96%, este plato es tremendo. A los usuarios que les gustó esta receta también les gustaron Pierna de cordero a la parrilla con ajo y romero, Pierna de cordero a la parrilla con ajo y romero y Pierna de cordero a la parrilla con romero, ajo y mostaza.	Pierna de cordero a la parrilla con romero y ajo
74	EN	47880	Rosemary and Garlic Grilled Leg of Lamb is a <b>gluten free, dairy free, and whole 30</b> recipe with 8 servings. One portion of this dish contains roughly <b>37g of protein</b>, <b>12g of fat</b>, and a total of <b>265 calories</b>. For <b>$3.22 per serving</b>, this recipe <b>covers 21%</b> of your daily requirements of vitamins and minerals. This recipe from In Sock Monkey Slippers requires rosemary, leg of lamb, lemon zest, and ground pepper. From preparation to the plate, this recipe takes around <b>45 minutes</b>. 751 person were impressed by this recipe. It works well as a rather expensive main course for <b>The Fourth Of July</b>. With a spoonacular <b>score of 96%</b>, this dish is tremendous. Users who liked this recipe also liked <a href="https://spoonacular.com/recipes/grilled-leg-of-lamb-with-garlic-and-rosemary-15881">Grilled Leg of Lamb with Garlic and Rosemary</a>, <a href="https://spoonacular.com/recipes/grilled-leg-of-lamb-with-garlic-and-rosemary-97098">Grilled Leg of Lamb With Garlic and Rosemary</a>, and <a href="https://spoonacular.com/recipes/grilled-leg-of-lamb-with-rosemary-garlic-and-mustard-241911">Grilled Leg of Lamb with Rosemary, Garlic, and Mustard</a>.	Rosemary and Garlic Grilled Leg of Lamb
75	ES	47883	La Ensalada de Remolacha con Limón y Chalotas encurtidas podría ser el acompañante que estás buscando. Una porción de este plato contiene aproximadamente <b>3g de proteínas</b>, <b>4g de grasa</b> y un total de <b>146 calorías</b>. Por <b>$3.72 por porción</b>, esta receta <b>cubre el 13%</b> de tus requerimientos diarios de vitaminas y minerales. Esta receta sirve para 4 personas. Solo unas pocas personas han hecho esta receta y 1 diría que le dio en el clavo. Desde la preparación hasta el plato, esta receta toma aproximadamente <b>6 horas y 15 minutos</b>. Si tienes remolachas doradas, chalotas, vinagre de sidra y algunos otros ingredientes a mano, puedes hacerla. Es una buena opción si sigues una dieta <b>sin gluten y vegana</b>. Te la trae My Recipes. Considerando todo, decidimos que esta receta <b>merece una puntuación de Spoonacular del 69%</b>. Esta puntuación es sólida. Prueba <a href="https://spoonacular.com/recipes/green-bean-salad-with-pickled-shallots-40376">Ensalada de Ejotes con Chalotas encurtidas</a>, <a href="https://spoonacular.com/recipes/grilled-broccoli-and-bread-salad-with-pickled-shallots-40591">Ensalada de Brócoli Asado y Pan con Chalotas encurtidas</a> y <a href="https://spoonacular.com/recipes/roasted-beet-frittata-with-beet-greens-shallots-and-goat-cheese-573231">Frittata de Remolacha Asada con Hojas de Remolacha, Chalotas y Queso de Cabra</a> para recetas similares.	Ensalada de Remolacha con Limón y Chalotas encurtidas
76	EN	47883	Beet Ribbon Salad with Lemon and Pickled Shallots might be just the side dish you are searching for. One portion of this dish contains roughly <b>3g of protein</b>, <b>4g of fat</b>, and a total of <b>146 calories</b>. For <b>$3.72 per serving</b>, this recipe <b>covers 13%</b> of your daily requirements of vitamins and minerals. This recipe serves 4. Only a few people made this recipe, and 1 would say it hit the spot. From preparation to the plate, this recipe takes approximately <b>6 hours and 15 minutes</b>. If you have golden beets, shallots, cider vinegar, and a few other ingredients on hand, you can make it. It is a good option if you're following a <b>gluten free and vegan</b> diet. It is brought to you by My Recipes. All things considered, we decided this recipe <b>deserves a spoonacular score of 69%</b>. This score is solid. Try <a href="https://spoonacular.com/recipes/green-bean-salad-with-pickled-shallots-40376">Green Bean Salad With Pickled Shallots</a>, <a href="https://spoonacular.com/recipes/grilled-broccoli-and-bread-salad-with-pickled-shallots-40591">Grilled Broccoli and Bread Salad with Pickled Shallots</a>, and <a href="https://spoonacular.com/recipes/roasted-beet-frittata-with-beet-greens-shallots-and-goat-cheese-573231">Roasted Beet Frittata with Beet Greens, Shallots, and Goat Cheese</a> for similar recipes.	Beet Ribbon Salad with Lemon and Pickled Shallots
81	ES	47900	Cheesecake Fluff - y necesitando la primavera en tu vida tarda aproximadamente <b>45 minutos</b> desde el principio hasta el final. Una porción de este plato contiene alrededor de <b>6g de proteína</b>, <b>18g de grasa</b> y un total de <b>397 calorías</b>. Esta receta sin gluten sirve para 5 personas y cuesta <b>$1.99 por porción</b>. Esta receta es del agrado de 776 amantes de la comida y cocineros. Ve a la tienda y compra relleno de tarta de cereza, crema batida, edulcorante granulado y algunas otras cosas para hacerlo hoy. Es perfecto para la <b>primavera</b>. Es presentado por Southern Plate. Teniendo en cuenta todos los factores, esta receta <b>obtiene una puntuación spoonacular del 39%</b>, lo cual no es tan sorprendente. A los usuarios que les gustó esta receta también les gustó <a href="https://spoonacular.com/recipes/strawberry-cheesecake-fluff-794347">Strawberry Cheesecake Fluff</a>, <a href="https://spoonacular.com/recipes/cherry-fluff-cheesecake-62111">Cherry Fluff Cheesecake</a> y <a href="https://spoonacular.com/recipes/cranberry-fluff-cheesecake-bites-834526">Cranberry Fluff Cheesecake Bites</a>.	Cheesecake Fluff - y necesitando la primavera en tu vida
82	EN	47900	Cheesecake Fluff – and needing Spring in your life takes approximately <b>45 minutes</b> from beginning to end. One portion of this dish contains about <b>6g of protein</b>, <b>18g of fat</b>, and a total of <b>397 calories</b>. This gluten free recipe serves 5 and costs <b>$1.99 per serving</b>. This recipe is liked by 776 foodies and cooks. Head to the store and pick up cherry pie filling, cool whip, granulated sweetener, and a few other things to make it today. It is perfect for <b>Spring</b>. It is brought to you by Southern Plate. Taking all factors into account, this recipe <b>earns a spoonacular score of 39%</b>, which is not so amazing. Users who liked this recipe also liked <a href="https://spoonacular.com/recipes/strawberry-cheesecake-fluff-794347">Strawberry Cheesecake Fluff</a>, <a href="https://spoonacular.com/recipes/cherry-fluff-cheesecake-62111">Cherry Fluff Cheesecake</a>, and <a href="https://spoonacular.com/recipes/cranberry-fluff-cheesecake-bites-834526">Cranberry Fluff Cheesecake Bites</a>.	Cheesecake Fluff – and needing Spring in your life
87	ES	47914	La receta Instant Pot Taco Pasta - Una nueva versión del Taco Tuesday podría satisfacer tu antojo mexicano en aproximadamente 15 minutos. Esta receta sirve para 4 personas y cuesta $2.68 por porción. Una porción contiene 668 calorías, 38g de proteína y 34g de grasa. Ve a la tienda y compra salsa suave, sazonador de tacos, queso y algunas otras cosas para hacerlo hoy. Te la trae All She Cooks. 1 persona ha hecho esta receta y la volvería a hacer. Funciona bien como plato principal a un precio razonable. En general, esta receta obtiene una puntuación sólida de spoonacular del 79%. Instant Pot Turkey Taco Pasta, Taco Tuesday: Easy Taco Soup y Instant Pot Taco Soup son muy similares a esta receta.	Instant Pot Taco Pasta - Una nueva versión del Taco Tuesday
88	EN	47914	The recipe Instant Pot Taco Pasta — A New Take on Taco Tuesday could satisfy your Mexican craving in about <b>15 minutes</b>. This recipe serves 4 and costs $2.68 per serving. One serving contains <b>668 calories</b>, <b>38g of protein</b>, and <b>34g of fat</b>. Head to the store and pick up mild salsa, taco seasoning, cheese, and a few other things to make it today. It is brought to you by All She Cooks. 1 person has made this recipe and would make it again. It works well as a reasonably priced main course. Overall, this recipe earns a <b>solid spoonacular score of 79%</b>. <a href="https://spoonacular.com/recipes/instant-pot-turkey-taco-pasta-920026">Instant Pot Turkey Taco Pasta</a>, <a href="https://spoonacular.com/recipes/taco-tuesday-easy-taco-soup-486617">Taco Tuesday: Easy Taco Soup</a>, and <a href="https://spoonacular.com/recipes/instant-pot-taco-soup-937475">Instant Pot Taco Soup</a> are very similar to this recipe.	Instant Pot Taco Pasta — A New Take on Taco Tuesday
89	ES	47924	El ponche de brunch de champagne puede ser una buena receta para ampliar tu colección de recetas de bebidas. Esta receta hace 15 porciones con 113 calorías, 0g de proteína y 0g de grasa cada una. Por $1.26 por porción, esta receta cubre el 3% de tus requerimientos diarios de vitaminas y minerales. 1 persona quedó impresionada por esta receta. Es perfecta para la víspera de Año Nuevo. Te la trae Family Food on the Table. Es una buena opción si sigues una dieta sin gluten y sin lácteos. Una mezcla de arándanos, licor de naranja, ginger ale y un puñado de otros ingredientes son todo lo que se necesita para hacer esta receta tan deliciosa. Desde la preparación hasta el plato, esta receta tarda aproximadamente 45 minutos. Teniendo en cuenta todos los factores, esta receta obtiene una puntuación de spoonacular del 4%, que es muy malo (pero aún se puede arreglar). Recetas similares incluyen Champagne Brunch, Brunch Punch y Cranberry Brunch Punch.	Champagne brunch punch
90	EN	47924	Champagne brunch punch might be a good recipe to expand your beverage recipe box. This recipe makes 15 servings with <b>113 calories</b>, <b>0g of protein</b>, and <b>0g of fat</b> each. For <b>$1.26 per serving</b>, this recipe <b>covers 3%</b> of your daily requirements of vitamins and minerals. 1 person were impressed by this recipe. It is perfect for <b>new year eve</b>. It is brought to you by Family Food on the Table. It is a good option if you're following a <b>gluten free and dairy free</b> diet. A mixture of blueberries, orange liqueur, ginger ale, and a handful of other ingredients are all it takes to make this recipe so tasty. From preparation to the plate, this recipe takes roughly <b>45 minutes</b>. Taking all factors into account, this recipe <b>earns a spoonacular score of 4%</b>, which is very bad (but still fixable). Similar recipes include <a href="https://spoonacular.com/recipes/champagne-brunch-88007">Champagne Brunch</a>, <a href="https://spoonacular.com/recipes/brunch-punch-366042">Brunch Punch</a>, and <a href="https://spoonacular.com/recipes/cranberry-brunch-punch-128567">Cranberry Brunch Punch</a>.	Champagne brunch punch
91	ES	47937	La ensalada de pollo tailandés podría ser el plato principal que estás buscando. Por <b>$3.6 por ración</b>, esta receta <b>cubre el 32%</b> de tus requerimientos diarios de vitaminas y minerales. ¿Cuidando tu figura? Esta receta sin gluten y sin lácteos tiene <b>438 calorías</b>, <b>27g de proteína</b> y <b>26g de grasa</b> por porción. Esta receta sirve para 2 personas. 301 personas encontraron esta receta sabrosa y satisfactoria. Es una receta <b>bastante cara</b> para los amantes de la comida asiática. Ve a la tienda y recoge tallos de cilantro/coriandro, salsa de ajo y chile, salsa de pescado y algunas otras cosas para hacerla hoy. Para aprovechar el azúcar blanco, podrías seguir este plato principal con las <a href="https://spoonacular.com/recipes/whole-wheat-refined-sugar-free-sugar-cookies-557184">Galletas de Azúcar Integral sin Azúcar Refinada</a> como postre. Desde la preparación hasta el plato, esta receta lleva aproximadamente <b>35 minutos</b>. Te la trae RecipeTin Eats. Con una puntuación de spoonacular de <b>0%</b>, este plato se puede mejorar. Si te gusta esta receta, echa un vistazo a estas recetas similares: <a href="https://spoonacular.com/recipes/thai-place-phad-thai-chicken-thai-hot-755833">Thai Place Phad Thai Chicken Thai Hot</a>, <a href="https://spoonacular.com/recipes/thai-chicken-salad-282615">Ensalada de Pollo Tailandés</a> y <a href="https://spoonacular.com/recipes/thai-chicken-salad-167412">Ensalada de Pollo Tailandés</a>.	Ensalada de pollo tailandés
117	ES	48015	El pastel de tomate y manzana es un postre que sirve para 24 personas. Una porción contiene 164 calorías, 4g de proteínas y 4g de grasa. Por 42 centavos por porción, esta receta cubre el 6% de tus requerimientos diarios de vitaminas y minerales. 3 personas estuvieron contentas de haber probado esta receta. Desde la preparación hasta el plato, esta receta toma aproximadamente 1 hora y 15 minutos. Esta receta de Cena con Julie requiere manzanas ácidas, azúcar moreno, pasta de tomate enlatada y vainilla. Es una buena opción si sigues una dieta sin lácteos y ovo-vegetariana. Con una puntuación de spoonacular del 36%, este plato es bastante malo. Recetas similares incluyen Pastel de Crema Agria de Calabaza y Manzana con Glasé de Sidra de Manzana, Pastel de Ron con Especias y Glasé de Caramelo de Sidra de Manzana, y Pastel de Ron con Especias y Glasé de Caramelo de Sidra de Manzana.	Pastel de Tomate y Manzana
92	EN	47937	Thai Chicken Salad might be just the main course you are searching for. For <b>$3.6 per serving</b>, this recipe <b>covers 32%</b> of your daily requirements of vitamins and minerals. Watching your figure? This gluten free and dairy free recipe has <b>438 calories</b>, <b>27g of protein</b>, and <b>26g of fat</b> per serving. This recipe serves 2. 301 person found this recipe to be flavorful and satisfying. It is a <b>pretty expensive</b> recipe for fans of Asian food. Head to the store and pick up coriander/cilantro stems, chilli garlic sauce, fish sauce, and a few other things to make it today. To use up the white sugar you could follow this main course with the <a href="https://spoonacular.com/recipes/whole-wheat-refined-sugar-free-sugar-cookies-557184">Whole Wheat Refined Sugar Free Sugar Cookies</a> as a dessert. From preparation to the plate, this recipe takes about <b>35 minutes</b>. It is brought to you by RecipeTin Eats. With a spoonacular <b>score of 0%</b>, this dish is improvable. If you like this recipe, take a look at these similar recipes: <a href="https://spoonacular.com/recipes/thai-place-phad-thai-chicken-thai-hot-755833">Thai Place Phad Thai Chicken Thai Hot</a>, <a href="https://spoonacular.com/recipes/thai-chicken-salad-282615">Thai Chicken Salad</a>, and <a href="https://spoonacular.com/recipes/thai-chicken-salad-167412">Thai Chicken Salad</a>.	Thai Chicken Salad
93	ES	47944	La charlotte de manzana al estilo Grand Vefour y los panes de miga requieren aproximadamente 45 minutos de principio a fin. Esta receta hace 1 porción con 454 calorías, 8g de proteína y 39g de grasa cada una. Por $2.64 por porción, esta receta cubre el 5% de tus requerimientos diarios de vitaminas y minerales. Es una buena opción si sigues una dieta sin gluten y lacto ovo vegetariana. Una mezcla de extracto de malta, cantidad necesaria de agua tibia, levadura y un puñado de otros ingredientes es todo lo que se necesita para hacer esta receta tan deliciosa. Te la trae el usuario de spoonacular willy. Recetas similares incluyen Tazas de Miga al Horno, Tazas de Miga al Horno y Bocaditos de Waffle de Miga.	Charlotte de manzana al estilo Grand Vefour y panes de miga
94	EN	47944	Charlotte de manzanan al estilo Grand Vefour y panes de miga requires approximately <b>45 minutes</b> from start to finish. This recipe makes 1 servings with <b>454 calories</b>, <b>8g of protein</b>, and <b>39g of fat</b> each. For <b>$2.64 per serving</b>, this recipe <b>covers 5%</b> of your daily requirements of vitamins and minerals. It is a good option if you're following a <b>gluten free and lacto ovo vegetarian</b> diet. A mixture of extracto de malta, agua tibia cantidad necesaria, levadura grs, and a handful of other ingredients are all it takes to make this recipe so delicious. It is brought to you by spoonacular user <a href="/profile/willy">willy</a>. Similar recipes include <a href="https://spoonacular.com/recipes/baked-miga-cups-568253">Baked Miga Cups</a>, <a href="https://spoonacular.com/recipes/baked-miga-cups-933666">Baked Miga Cups</a>, and <a href="https://spoonacular.com/recipes/miga-waffle-bites-621917">Miga waffle bites</a>.	Charlotte de manzana al estilo Grand Vefour y panes de miga
95	ES	47958	Si quieres agregar más recetas de Europa del Este a tu recetario, Savory Cheddar Pierogi podría ser una receta que debas probar. Esta receta proporciona 8 porciones con 430 calorías, 15g de proteína y 17g de grasa cada una. Por 74 centavos por porción, esta receta cubre el 15% de tus requisitos diarios de vitaminas y minerales. 1 persona encontró esta receta deliciosa y satisfactoria. Funciona bien como aperitivo. Desde la preparación hasta el plato, esta receta tarda aproximadamente 45 minutos. Una mezcla de sal, harina, sal y pimienta, y un puñado de otros ingredientes son todo lo que se necesita para hacer esta receta tan deliciosa. Es una buena opción si sigues una dieta lacto ovo vegetariana. Te la trae Home Grown and Healthy. Teniendo en cuenta todos los factores, esta receta obtiene una puntuación spoonacular del 51%, lo cual es bueno. Savory cheddar pierogi, hecho desde cero, Savory Cheddar Bread y Savory Cheddar Waffles son muy similares a esta receta.	Savory Cheddar Pierogi
96	EN	47958	If you want to add more <b>Eastern European</b> recipes to your recipe box, Savory Cheddar Pierogi might be a recipe you should try. This recipe makes 8 servings with <b>430 calories</b>, <b>15g of protein</b>, and <b>17g of fat</b> each. For <b>74 cents per serving</b>, this recipe <b>covers 15%</b> of your daily requirements of vitamins and minerals. 1 person found this recipe to be delicious and satisfying. It works well as a hor d'oeuvre. From preparation to the plate, this recipe takes roughly <b>45 minutes</b>. A mixture of salt, flour, salt and pepper, and a handful of other ingredients are all it takes to make this recipe so yummy. It is a good option if you're following a <b>lacto ovo vegetarian</b> diet. It is brought to you by Home Grown and Healthy. Taking all factors into account, this recipe <b>earns a spoonacular score of 51%</b>, which is good. <a href="https://spoonacular.com/recipes/savory-cheddar-pierogi-made-from-scratch-512998">Savory cheddar pierogi, made from scratch</a>, <a href="https://spoonacular.com/recipes/savory-cheddar-bread-430961">Savory Cheddar Bread</a>, and <a href="https://spoonacular.com/recipes/savory-cheddar-waffles-159365">Savory Cheddar Waffles</a> are very similar to this recipe.	Savory Cheddar Pierogi
97	ES	47963	Ramos Gin Fizz es una receta vegetariana lacto ovo con 1 porción. Esta bebida tiene 588 calorías, 4g de proteína y 21g de grasa por porción. Por $3.15 por porción, esta receta cubre el 6% de tus requerimientos diarios de vitaminas y minerales. 122 personas han hecho esta receta y la volverían a hacer. Te la trae la revista Imbibe Magazine. Si tienes crema espesa, herramientas: coctelera, vaso: collins y algunos otros ingredientes a mano, puedes hacerla. Desde la preparación hasta el plato, esta receta lleva aproximadamente unos 45 minutos. Teniendo en cuenta todos los factores, esta receta obtiene una puntuación spoonacular del 67%, que es sólida. Ramos Gin Fizz, Ramos Gin Fizz y Ramos Gin Fizz son muy similares a esta receta.	Ramos Gin Fizz
98	EN	47963	Ramos Gin Fizz is a <b>lacto ovo vegetarian</b> recipe with 1 servings. This beverage has <b>588 calories</b>, <b>4g of protein</b>, and <b>21g of fat</b> per serving. For <b>$3.15 per serving</b>, this recipe <b>covers 6%</b> of your daily requirements of vitamins and minerals. 122 people have made this recipe and would make it again. It is brought to you by Imbibe Magazine. If you have heavy cream, tools: shaker, glass: collins, and a few other ingredients on hand, you can make it. From preparation to the plate, this recipe takes about <b>about 45 minutes</b>. Taking all factors into account, this recipe <b>earns a spoonacular score of 67%</b>, which is solid. <a href="https://spoonacular.com/recipes/ramos-gin-fizz-185974">Ramos Gin Fizz</a>, <a href="https://spoonacular.com/recipes/ramos-gin-fizz-186093">Ramos Gin Fizz</a>, and <a href="https://spoonacular.com/recipes/ramos-gin-fizz-750072">Ramos Gin Fizz</a> are very similar to this recipe.	Ramos Gin Fizz
99	ES	47971	Nunca se tienen demasiadas recetas de condimentos, así que prueba la Jalea de Pimiento Habanero. ¿Cuidando tu figura? Esta receta sin gluten, lacto-ovo vegetariana tiene <b>69 calorías</b>, <b>0g de proteína</b> y <b>0g de grasa</b> por porción. Esta receta sirve 80 porciones y cuesta 18 centavos por porción. Es presentada por Allrecipes. Una mezcla de zanahoria, vinagre de sidra, pimiento morrón y un puñado de otros ingredientes es todo lo que se necesita para hacer esta receta tan deliciosa. 465 personas quedaron impresionadas por esta receta. Desde la preparación hasta el plato, esta receta tarda aproximadamente <b>4 horas y 50 minutos</b>. Teniendo en cuenta todos los factores, esta receta <b>obtiene una puntuación spoonacular del 30%</b>, lo cual no es tan excelente. A los usuarios que les gustó esta receta también les gustó <a href="https://spoonacular.com/recipes/habanero-gold-jelly-124127">Jalea de Oro de Habanero</a>, <a href="https://spoonacular.com/recipes/chilled-red-bell-pepper-and-habanero-soup-213420">Sopa de Pimiento Rojo y Habanero Fría</a>, y <a href="https://spoonacular.com/recipes/scallops-with-habanero-coconut-sauce-and-habanero-mango-salsa-756641">Vieiras con Salsa de Coco y Salsa de Mango de Habanero</a>.	Jalea de Pimiento Habanero
100	EN	47971	You can never have too many condiment recipes, so give Habanero Pepper Jelly a try. Watching your figure? This gluten free and lacto ovo vegetarian recipe has <b>69 calories</b>, <b>0g of protein</b>, and <b>0g of fat</b> per serving. This recipe serves 80 and costs 18 cents per serving. It is brought to you by Allrecipes. A mixture of carrot, cider vinegar, bell pepper, and a handful of other ingredients are all it takes to make this recipe so yummy. 465 people were impressed by this recipe. From preparation to the plate, this recipe takes roughly <b>4 hours and 50 minutes</b>. Taking all factors into account, this recipe <b>earns a spoonacular score of 30%</b>, which is not so excellent. Users who liked this recipe also liked <a href="https://spoonacular.com/recipes/habanero-gold-jelly-124127">Habanero Gold Jelly</a>, <a href="https://spoonacular.com/recipes/chilled-red-bell-pepper-and-habanero-soup-213420">Chilled Red Bell Pepper and Habanero Soup</a>, and <a href="https://spoonacular.com/recipes/scallops-with-habanero-coconut-sauce-and-habanero-mango-salsa-756641">Scallops with Habanero Coconut Sauce and Habanero Mango Salsa</a>.	Habanero Pepper Jelly
101	ES	47981	Si tienes aproximadamente <b>45 minutos</b> para pasar en la cocina, Walnut Dacquoise con Crema de Mantequilla de Café (Baja en Carbohidratos y sin Gluten) podría ser una increíble receta <b>sin gluten y vegetariana lacto-ovo</b> para probar. Por <b>31 centavos por porción</b>, obtienes un plato que sirve para 10 personas. Una porción de este plato contiene alrededor de <b>1g de proteína</b>, <b>9g de grasa</b>, y un total de <b>85 calorías</b>. Esta receta es apreciada por 1 amantes de la comida y cocineros. Esta receta de All Day I Dream About Food requiere mantequilla, extracto de vainilla, eritritol en polvo, y extracto de stevia. Tomando en cuenta todos los factores, esta receta <b>obtiene una puntuación spoonacular de 12%</b>, lo cual es bastante malo. Recetas similares incluyen <a href="https://spoonacular.com/recipes/coffee-walnut-muffins-with-coffee-glaze-low-carb-and-gluten-free-768112">Muffins de Café y Nuez con Glaseado de Café (Baja en Carbohidratos y sin Gluten)</a>, <a href="https://spoonacular.com/recipes/walnut-torte-with-coffee-whipped-cream-low-carb-and-gluten-free-767884">Torta de Nuez con Crema Batida de Café (Baja en Carbohidratos y sin Gluten)</a>, y <a href="https://spoonacular.com/recipes/coconut-flour-cupcakes-with-chocolate-buttercream-low-carb-and-gluten-free-767795">Cupcakes de Harina de Coco con Crema de Mantequilla de Chocolate (Baja en Carbohidratos y sin Gluten)</a>.	Walnut Dacquoise con Crema de Mantequilla de Café (Baja en Carbohidratos y sin Gluten)
102	EN	47981	If you have approximately <b>45 minutes</b> to spend in the kitchen, Walnut Dacquoise with Coffee Buttercream (Low Carb and Gluten-Free) might be an awesome <b>gluten free and lacto ovo vegetarian</b> recipe to try. For <b>31 cents per serving</b>, you get a side dish that serves 10. One portion of this dish contains around <b>1g of protein</b>, <b>9g of fat</b>, and a total of <b>85 calories</b>. This recipe is liked by 1 foodies and cooks. This recipe from All Day I Dream About Food requires butter, vanillan extract, powdered erythritol, and stevian extract. Taking all factors into account, this recipe <b>earns a spoonacular score of 12%</b>, which is rather bad. Similar recipes include <a href="https://spoonacular.com/recipes/coffee-walnut-muffins-with-coffee-glaze-low-carb-and-gluten-free-768112">Coffee Walnut Muffins with Coffee Glaze (Low Carb and Gluten Free)</a>, <a href="https://spoonacular.com/recipes/walnut-torte-with-coffee-whipped-cream-low-carb-and-gluten-free-767884">Walnut Torte with Coffee Whipped Cream (Low Carb and Gluten Free)</a>, and <a href="https://spoonacular.com/recipes/coconut-flour-cupcakes-with-chocolate-buttercream-low-carb-and-gluten-free-767795">Coconut Flour Cupcakes with Chocolate Buttercream (Low Carb and Gluten Free)</a>.	Walnut Dacquoise with Coffee Buttercream (Low Carb and Gluten-Free)
103	ES	47985	El Pudín de Pan del Caribe podría ser la receta centroamericana que estás buscando. Esta receta hace 12 porciones con 313 calorías, 5g de proteína y 16g de grasa cada una. Por 59 centavos por porción, esta receta cubre el 6% de tus requerimientos diarios de vitaminas y minerales. Funciona bien como postre. Si tienes canela molida, nuez moscada molida, ron y algunos otros ingredientes a mano, puedes hacerlo. 1 persona quedó impresionada con esta receta. Desde la preparación hasta el plato, esta receta toma aproximadamente 1 hora y 30 minutos. Te lo trae bluechipcookbook.com. Es una buena opción si sigues una dieta lacto-ovo vegetariana. Considerando todo, decidimos que esta receta merece una puntuación spoonacular del 16%. Esta puntuación es bastante mala. A los usuarios que les gustó esta receta también les gustaron el pudín de pan sin huevo y caramelo, el pudín de pan al vapor sin hornear y el pudín de pan y mantequilla, cómo hacer pudín de pan y mantequilla.	Pudín de Pan del Caribe
104	EN	47985	Caribbean Bread Pudding might be just the <b>Central American</b> recipe you are searching for. This recipe makes 12 servings with <b>313 calories</b>, <b>5g of protein</b>, and <b>16g of fat</b> each. For <b>59 cents per serving</b>, this recipe <b>covers 6%</b> of your daily requirements of vitamins and minerals. It works well as a dessert. If you have ground cinnamon, ground nutmeg, rum, and a few other ingredients on hand, you can make it. 1 person were impressed by this recipe. From preparation to the plate, this recipe takes approximately <b>1 hour and 30 minutes</b>. It is brought to you by bluechipcookbook.com. It is a good option if you're following a <b>lacto ovo vegetarian</b> diet. All things considered, we decided this recipe <b>deserves a spoonacular score of 16%</b>. This score is rather bad. Users who liked this recipe also liked <a href="https://spoonacular.com/recipes/eggless-caramel-bread-pudding-steamed-no-bake-bread-pudding-622377">eggless caramel bread pudding , steamed no bake bread pudding</a>, <a href="https://spoonacular.com/recipes/clean-eating-bread-pudding-made-with-apple-bread-1079266">Clean Eating Bread Pudding (Made With Apple Bread!)</a>, and <a href="https://spoonacular.com/recipes/bread-butter-pudding-how-to-make-bread-butter-pudding-488153">bread butter pudding , how to make bread butter pudding</a>.	Caribbean Bread Pudding
105	ES	47993	¿Qué hay para el almuerzo en las negociaciones sobre el clima de París dura aproximadamente 45 minutos de principio a fin. Esta receta sirve para 1 persona. ¿Cuidando tu figura? Esta receta sin gluten, amigable con el fodmap, Whole 30 y vegana tiene 0 calorías, 0g de proteína y 0g de grasa por porción. Esta receta de Food Republic requiere estar al tanto de las últimas noticias, viajes, videos y política. Un par de personas hicieron esta receta y 55 dirían que les gustó. Con un precio de 96 centavos por porción, esta receta se considera muy razonable. Con una puntuación spoonacular del 7%, este plato es mejorable. Recetas similares incluyen <a href="https://spoonacular.com/recipes/jjs-boulangerie-pan-bagnat-sandwich-in-las-vegas-you-can-get-a-taste-of-paris-at-the-paris-hotel-599274">JJ's Boulangerie Pan Bagnat Sandwich - En Las Vegas, puedes probar un pedazo de París en el hotel París</a>, <a href="https://spoonacular.com/recipes/paris-village-tilapia-filet-located-in-las-vegas-the-paris-makes-a-special-tilapia-filet-599278">Paris Village Tilapia Filet - Ubicado en Las Vegas, el París ofrece un filete de tilapia especial</a> y <a href="https://spoonacular.com/recipes/oh-paris-592925">Oh, París</a>.	¿Qué hay para el almuerzo en las negociaciones sobre el clima de París?
106	EN	47993	What’s For Lunch At The Paris Climate Talks takes approximately <b>45 minutes</b> from beginning to end. This recipe serves 1. Watching your figure? This gluten free, fodmap friendly, whole 30, and vegan recipe has <b>0 calories</b>, <b>0g of protein</b>, and <b>0g of fat</b> per serving. This recipe from Food Republic requires get the latest, travel, video, and politics. A couple people made this recipe, and 55 would say it hit the spot. With a price of <b>96 cents per serving</b>, this recipe can be considered very reasonably priced. With a spoonacular <b>score of 7%</b>, this dish is improvable. Similar recipes include <a href="https://spoonacular.com/recipes/jjs-boulangerie-pan-bagnat-sandwich-in-las-vegas-you-can-get-a-taste-of-paris-at-the-paris-hotel-599274">JJ’s Boulangerie Pan Bagnat Sandwich – In Las Vegas, you can get a taste of Paris, at the Paris hotel</a>, <a href="https://spoonacular.com/recipes/paris-village-tilapia-filet-located-in-las-vegas-the-paris-makes-a-special-tilapia-filet-599278">Paris Village Tilapia Filet – Located in Las Vegas the Paris makes a special Tilapia Filet</a>, and <a href="https://spoonacular.com/recipes/oh-paris-592925">Oh, Paris</a>.	What’s For Lunch At The Paris Climate Talks
107	ES	47999	Piña y Artesanía podría ser el plato principal que estás buscando. Esta receta sirve para 4 personas y cuesta $3.55 por porción. Una porción contiene 1109 calorías, 21g de proteína y 23g de grasa. 1 persona se alegró de haber probado esta receta. Si tienes arroz frito de piña sin gluten de strength and sunshine, avena durante la noche de piña colada de the bewitchin kitchen, ensalada de piña de cooking in stilettos y algunos otros ingredientes a mano, puedes hacerlo. Para aprovechar la avena, podrías seguir este plato principal con las Barras de Desayuno de Avena como postre. Esto te lo trae Pint Sized Baker. Desde la preparación hasta el plato, esta receta tarda aproximadamente 45 minutos. Con una puntuación spoonacular del 4%, este plato es muy malo (pero aún se puede arreglar). Recetas similares incluyen 15 Manualidades y Actividades de Maíz para Niños, Cookies y Manualidades para Sandy Hook y Pineapple Kesari - Pineapple Sheera - Pineapple Semolina Halwa - Paso a Paso.	Piña y Artesanía
108	EN	47999	Pineapple and Crafts might be just the main course you are searching for. This recipe serves 4 and costs $3.55 per serving. One serving contains <b>1109 calories</b>, <b>21g of protein</b>, and <b>23g of fat</b>. 1 person were glad they tried this recipe. If you have gf pineapple fried rice from strength and sunshine, pina coladan overnight oats from the bewitchin kitchen, pineapple slaw from cooking in stilettos, and a few other ingredients on hand, you can make it. To use up the oats you could follow this main course with the <a href="https://spoonacular.com/recipes/oatmeal-breakfast-bars-708932">Oatmeal Breakfast Bars</a> as a dessert. It is brought to you by Pint Sized Baker. From preparation to the plate, this recipe takes approximately <b>45 minutes</b>. With a spoonacular <b>score of 4%</b>, this dish is very bad (but still fixable). Similar recipes include <a href="https://spoonacular.com/recipes/15-corn-crafts-and-activities-for-kids-682025">15 Corn Crafts and Activities for Kids</a>, <a href="https://spoonacular.com/recipes/cookies-crafts-for-sandy-hook-534829">Cookies & Crafts for Sandy Hook</a>, and <a href="https://spoonacular.com/recipes/pineapple-kesari-pineapple-sheera-pineapple-semolina-halwa-step-by-step-579857">Pineapple Kesari - Pineapple Sheera - Pineapple Semolina Halwa - Step by Step</a>.	Pineapple and Crafts
109	ES	48002	La receta de tortitas sin lácteos de avena y plátano se puede hacer en aproximadamente 25 minutos. Este desayuno tiene 515 calorías, 14g de proteína y 20g de grasa por ración. Esta receta sirve para 4 personas y cuesta 90 centavos por ración. Es una buena opción si sigues una dieta sin lácteos y ovo vegetariana. Si tienes leche de avena, plátano, harina y algunos otros ingredientes a mano, puedes hacerlo. Esta receta de Go Dairy Free tiene 1 fanático. Teniendo en cuenta todos los factores, esta receta obtiene una puntuación spoonacular del 69%, lo cual es bastante bueno. Oatmeal and Banana Dairy-Free Pancakes, Oatmeal-Raisin Pancakes {Gluten Free, Dairy Free} y 2-Ingredient Bananan Egg Pancakes (Gluten-Free, Dairy-Free, Paleo) son muy similares a esta receta.	Tortitas sin lácteos de avena y plátano
110	EN	48002	The recipe Oatmeal and Banana Dairy-Free Pancakes can be made <b>in approximately 25 minutes</b>. This breakfast has <b>515 calories</b>, <b>14g of protein</b>, and <b>20g of fat</b> per serving. This recipe serves 4 and costs 90 cents per serving. It is a good option if you're following a <b>dairy free and lacto ovo vegetarian</b> diet. If you have oat milk, banana —, flour, and a few other ingredients on hand, you can make it. This recipe from Go Dairy Free has 1 fans. Taking all factors into account, this recipe <b>earns a spoonacular score of 69%</b>, which is pretty good. <a href="https://spoonacular.com/recipes/oatmeal-and-banana-dairy-free-pancakes-249489">Oatmeal and Banana Dairy-Free Pancakes</a>, <a href="https://spoonacular.com/recipes/oatmeal-raisin-pancakes-gluten-free-dairy-free-626119">Oatmeal-Raisin Pancakes {Gluten Free, Dairy Free}</a>, and <a href="https://spoonacular.com/recipes/2-ingredient-banana-egg-pancakes-gluten-free-dairy-free-paleo-1457027">2-Ingredient Bananan Egg Pancakes (Gluten-Free, Dairy-Free, Paleo)</a> are very similar to this recipe.	Oatmeal and Banana Dairy-Free Pancakes
111	ES	48006	La Virgen María (Bebidas de Fiesta) requiere alrededor de <b>10 minutos</b> desde el principio hasta el final. Este plato tiene <b>57 calorías</b>, <b>2g de proteína</b> y <b>0g de grasa</b> por porción. Esta receta sirve para 4 y cuesta 58 centavos por porción. 77 personas quedaron impresionadas con esta receta. Si tienes jugo de tomate, salsa tabasco, salsa worcestershire y algunos otros ingredientes a mano, puedes hacerlo. Te lo trae tarladalal.com. Es una buena opción si sigues una dieta <b>libre de gluten, libre de lácteos, amigable con fodmap y whole 30</b>. En general, esta receta obtiene una <b>puntuación espectacular de spoonacular del 92%</b>. Prueba <a href="https://spoonacular.com/recipes/virgin-garden-fresh-bloody-mary-27138">Virgin Garden-fresh Bloody Mary</a>, <a href="https://spoonacular.com/recipes/virgin-mary-soup-sorted-food-for-the-52-diet-666719">Virgin Mary Soup - Sorted Food for the 5:2 Diet</a> y <a href="https://spoonacular.com/recipes/raspberry-rhubarb-bellini-smoothie-w-blueberries-virginor-not-so-virgin-video-549949">Raspberry-Rhubarb Bellini Smoothie w/ Blueberries (Virgin…or not so Virgin) (VIDEO)</a> para recetas similares.	Virgen María (Bebidas de Fiesta)
112	EN	48006	Virgin Mary ( Party Drinks ) requires around <b>10 minutes</b> from start to finish. This side dish has <b>57 calories</b>, <b>2g of protein</b>, and <b>0g of fat</b> per serving. This recipe serves 4 and costs 58 cents per serving. 77 people were impressed by this recipe. If you have tomato juice, tabasco sauce, worcestershire sauce, and a few other ingredients on hand, you can make it. It is brought to you by tarladalal.com. It is a good option if you're following a <b>gluten free, dairy free, fodmap friendly, and whole 30</b> diet. Overall, this recipe earns a <b>spectacular spoonacular score of 92%</b>. Try <a href="https://spoonacular.com/recipes/virgin-garden-fresh-bloody-mary-27138">Virgin Garden-fresh Bloody Mary</a>, <a href="https://spoonacular.com/recipes/virgin-mary-soup-sorted-food-for-the-52-diet-666719">Virgin Mary Soup – Sorted Food for the 5:2 Diet</a>, and <a href="https://spoonacular.com/recipes/raspberry-rhubarb-bellini-smoothie-w-blueberries-virginor-not-so-virgin-video-549949">Raspberry-Rhubarb Bellini Smoothie w/ Blueberries (Virgin…or not so Virgin) (VIDEO)</a> for similar recipes.	Virgin Mary ( Party Drinks )
113	ES	48013	La receta de Waffles de Calabaza Vegana (sin gluten) se puede hacer en alrededor de 25 minutos. Una porción contiene 1885 calorías, 50g de proteína y 61g de grasa. Esta receta sirve para 3 personas y cuesta $3.01 por porción. 1 persona encontró esta receta deliciosa y satisfactoria. Funciona bien como desayuno. Una mezcla de mantequilla de almendra tostada cremosa/escurridiza, uso esta balanza, uso esta máquina de waffles y un puñado de otros ingredientes son todo lo que se necesita para hacer esta receta tan deliciosa. Es una buena opción si sigues una dieta sin gluten, sin lácteos y amigable con el FODMAP. Es presentado por The Vegan 8. Teniendo en cuenta todos los factores, esta receta obtiene una puntuación spoonacular del 0%, lo cual es muy malo (pero aún se puede arreglar). Prueba los <a href="https://spoonacular.com/recipes/healthy-pumpkin-buckwheat-waffles-sugar-free-low-fat-high-fiber-high-protein-gluten-free-vegan-1193793">Waffles Saludables de Calabaza y Trigo Sarraceno (sin azúcar, bajo en grasa, alto en fibra, alto en proteínas, sin gluten y vegano)</a>, <a href="https://spoonacular.com/recipes/healthy-pumpkin-buckwheat-waffles-sugar-free-low-fat-high-fiber-high-protein-gluten-free-vegan-611542">Waffles Saludables de Calabaza y Trigo Sarraceno (sin azúcar, bajo en grasa, alto en fibra, alto en proteínas, sin gluten y vegano)</a>, y <a href="https://spoonacular.com/recipes/wholegrain-waffles-gluten-free-vegan-aka-wowwy-waffles-543164">Waffles de Grano Entero - Sin Gluten y Vegano también conocidos como Wowwy Waffles</a> para recetas similares.	Waffles de Calabaza Vegana (sin gluten)
114	EN	48013	The recipe Vegan Pumpkin Waffles (Gluten-Free) can be made <b>in around 25 minutes</b>. One serving contains <b>1885 calories</b>, <b>50g of protein</b>, and <b>61g of fat</b>. This recipe serves 3 and costs $3.01 per serving. 1 person found this recipe to be delicious and satisfying. It works well as a morn meal. A mixture of creamy/drippy roasted almond butter, i use this scale, i use this waffle maker, and a handful of other ingredients are all it takes to make this recipe so scrumptious. It is a good option if you're following a <b>gluten free, dairy free, and fodmap friendly</b> diet. It is brought to you by The Vegan 8. Taking all factors into account, this recipe <b>earns a spoonacular score of 0%</b>, which is very bad (but still fixable). Try <a href="https://spoonacular.com/recipes/healthy-pumpkin-buckwheat-waffles-sugar-free-low-fat-high-fiber-high-protein-gluten-free-vegan-1193793">Healthy Pumpkin Buckwheat Waffles (sugar free, low fat, high fiber, high protein, gluten free & vegan!)</a>, <a href="https://spoonacular.com/recipes/healthy-pumpkin-buckwheat-waffles-sugar-free-low-fat-high-fiber-high-protein-gluten-free-vegan-611542">Healthy Pumpkin Buckwheat Waffles (sugar free, low fat, high fiber, high protein, gluten free & vegan!)</a>, and <a href="https://spoonacular.com/recipes/wholegrain-waffles-gluten-free-vegan-aka-wowwy-waffles-543164">Wholegrain Waffles - Gluten Free & Vegan aka Wowwy Waffles</a> for similar recipes.	Vegan Pumpkin Waffles (Gluten-Free)
115	ES	48014	Si tienes alrededor de <b>50 minutos</b> para pasar en la cocina, la Ensalada de pollo Veronique podría ser una espectacular receta <b>sin gluten, sin lácteos, Whole30 y cetogénica</b> para probar. Esta receta sirve para 4 personas y cuesta $1.75 por porción. Una porción contiene <b>481 calorías</b>, <b>25g de proteína</b> y <b>38g de grasa</b>. 12 personas encontraron esta receta sabrosa y satisfactoria. Esta receta de Foodnetwork requiere apio cortado en cubitos pequeños, aceite de oliva, hojas de estragón y uvas. A un par de personas realmente les gustó este plato principal. Considerando todo, decidimos que esta receta <b>merece una puntuación de 63% en Spoonacular</b>. Esta puntuación es buena. Recetas similares son <a href="https://spoonacular.com/recipes/chicken-salad-veronique-with-nectarines-95418">Ensalada de pollo Veronique con nectarinas</a>, <a href="https://spoonacular.com/recipes/chicken-veronique-416923">Pollo Veronique</a> y <a href="https://spoonacular.com/recipes/chicken-veronique-1300207">Pollo Veronique</a>.	Ensalada de pollo Veronique
116	EN	48014	If you have about <b>50 minutes</b> to spend in the kitchen, Chicken Salad Veronique might be a spectacular <b>gluten free, dairy free, whole 30, and ketogenic</b> recipe to try. This recipe serves 4 and costs $1.75 per serving. One serving contains <b>481 calories</b>, <b>25g of protein</b>, and <b>38g of fat</b>. 12 people found this recipe to be flavorful and satisfying. This recipe from Foodnetwork requires small-diced celery, olive oil, tarragon leaves, and grapes. A couple people really liked this main course. All things considered, we decided this recipe <b>deserves a spoonacular score of 63%</b>. This score is good. Similar recipes are <a href="https://spoonacular.com/recipes/chicken-salad-veronique-with-nectarines-95418">Chicken Salad Veronique With Nectarines</a>, <a href="https://spoonacular.com/recipes/chicken-veronique-416923">Chicken Veronique</a>, and <a href="https://spoonacular.com/recipes/chicken-veronique-1300207">Chicken Veronique</a>.	Chicken Salad Veronique
118	EN	48015	Tomato Apple Cake is a dessert that serves 24. One serving contains <b>164 calories</b>, <b>4g of protein</b>, and <b>4g of fat</b>. For <b>42 cents per serving</b>, this recipe <b>covers 6%</b> of your daily requirements of vitamins and minerals. 3 people were glad they tried this recipe. From preparation to the plate, this recipe takes about <b>1 hour and 15 minutes</b>. This recipe from Dinner With Julie requires tart apples, brown sugar, can tomato paste, and vanilla. It is a good option if you're following a <b>dairy free and lacto ovo vegetarian</b> diet. With a spoonacular <b>score of 36%</b>, this dish is rather bad. Similar recipes include <a href="https://spoonacular.com/recipes/apple-pumpkin-sour-cream-coffee-cake-with-apple-cider-glaze-63159">Apple Pumpkin Sour Cream Coffee Cake With Apple Cider Glaze</a>, <a href="https://spoonacular.com/recipes/spiced-rum-apple-cake-with-apple-cider-caramel-glaze-1242767">Spiced Rum Apple Cake with Apple Cider Caramel Glaze</a>, and <a href="https://spoonacular.com/recipes/spiced-rum-apple-cake-with-apple-cider-caramel-glaze-588384">Spiced Rum Apple Cake with Apple Cider Caramel Glaze</a>.	Tomato Apple Cake
119	ES	48016	Las Barras de Cheesecake de Arándano y Limón con Limón Acaramelado requieren aproximadamente <b>50 minutos</b> desde el inicio hasta el final. Una porción contiene <b>4088 calorías</b>, <b>38g de proteína</b> y <b>192g de grasa</b>. Esta receta sirve para 1 persona. Por <b>$11.24 por porción</b>, esta receta <b>cubre el 45%</b> de tus requerimientos diarios de vitaminas y minerales. 17 personas encontraron esta receta deliciosa y satisfactoria. Es una buena opción si sigues una dieta <b>vegetariana lacto-ovo</b>. Ve a la tienda y compra jugo de limón, mantequilla, jugo de limón y algunas otras cosas para hacerlo hoy mismo. Es presentado por Half Baked Harvest. Con una puntuación de Spoonacular de <b>91%</b>, este plato es tremendo. Si te gusta esta receta, echa un vistazo a estas recetas similares: <a href="https://spoonacular.com/recipes/lemon-blueberry-cheesecake-bars-508098">Barras de Cheesecake de Limón y Arándano</a>, <a href="https://spoonacular.com/recipes/lemon-blueberry-cheesecake-bars-557909">Barras de Cheesecake de Limón y Arándano</a> y <a href="https://spoonacular.com/recipes/lemon-blueberry-cheesecake-bars-590941">Barras de Cheesecake de Limón y Arándano</a>.	Barras de Cheesecake de Arándano y Limón con Limón Acaramelado
120	EN	48016	Blueberry Lemon Cheesecake Bars with Candied Lemon requires roughly <b>50 minutes</b> from start to finish. One serving contains <b>4088 calories</b>, <b>38g of protein</b>, and <b>192g of fat</b>. This recipe serves 1. For <b>$11.24 per serving</b>, this recipe <b>covers 45%</b> of your daily requirements of vitamins and minerals. 17 people found this recipe to be yummy and satisfying. It is a good option if you're following a <b>lacto ovo vegetarian</b> diet. Head to the store and pick up juice of lemon, land o butter, lemon juice, and a few other things to make it today. It is brought to you by Half Baked Harvest. With a spoonacular <b>score of 91%</b>, this dish is tremendous. If you like this recipe, take a look at these similar recipes: <a href="https://spoonacular.com/recipes/lemon-blueberry-cheesecake-bars-508098">Lemon Blueberry Cheesecake Bars</a>, <a href="https://spoonacular.com/recipes/lemon-blueberry-cheesecake-bars-557909">Lemon Blueberry Cheesecake Bars</a>, and <a href="https://spoonacular.com/recipes/lemon-blueberry-cheesecake-bars-590941">Lemon Blueberry Cheesecake Bars</a>.	Blueberry Lemon Cheesecake Bars with Candied Lemon
121	ES	48017	Nunca puedes tener demasiadas recetas de acompañamientos, así que prueba el pollo a la parrilla relleno de queso mozzarella. Esta receta sin gluten sirve para 4 personas y cuesta $1.15 por porción. Una porción contiene 159 calorías, 26g de proteínas y 6g de grasa. Una persona encontró esta receta sabrosa y satisfactoria. Te la trae buzzinherald.com. Será un éxito en tu evento del Cuatro de Julio. Desde la preparación hasta el plato, esta receta lleva aproximadamente 30 minutos. Considerando todo, decidimos que esta receta merece una puntuación spoonacular del 0%. Esta puntuación se puede mejorar. Recetas similares incluyen <a href="https://spoonacular.com/recipes/grilled-chicken-caprese-with-buffalo-mozzarella-908065">Pollo a la Parrilla Caprese con Mozzarella Buffalo</a>, <a href="https://spoonacular.com/recipes/game-day-bites-mozzarella-stuffed-buffalo-chicken-meatballs-551379">Bocados del Día del Juego - Albóndigas de Pollo Rellenas de Mozzarella Buffalo</a> y <a href="https://spoonacular.com/recipes/buffalo-chicken-grilled-cheese-and-how-to-take-an-epic-grilled-cheese-photo-1267581">Sándwich de Pollo Buffalo a la Parrilla y Cómo Tomar una Foto Épica de Sándwich de Queso a la Parrilla</a>.	Pollo a la parrilla relleno de queso mozzarella
122	EN	48017	You can never have too many side dish recipes, so give Grilled buffalo chicken stuffed with mozzarella cheese a try. This gluten free recipe serves 4 and costs <b>$1.15 per serving</b>. One serving contains <b>159 calories</b>, <b>26g of protein</b>, and <b>6g of fat</b>. 1 person found this recipe to be tasty and satisfying. It is brought to you by buzzinherald.com. It will be a hit at your <b>The Fourth Of July</b> event. From preparation to the plate, this recipe takes roughly <b>30 minutes</b>. All things considered, we decided this recipe <b>deserves a spoonacular score of 0%</b>. This score is improvable. Similar recipes include <a href="https://spoonacular.com/recipes/grilled-chicken-caprese-with-buffalo-mozzarella-908065">Grilled Chicken Caprese With Buffalo Mozzarella</a>, <a href="https://spoonacular.com/recipes/game-day-bites-mozzarella-stuffed-buffalo-chicken-meatballs-551379">Game Day Bites – Mozzarella Stuffed Buffalo Chicken Meatballs</a>, and <a href="https://spoonacular.com/recipes/buffalo-chicken-grilled-cheese-and-how-to-take-an-epic-grilled-cheese-photo-1267581">Buffalo Chicken Grilled Cheese and How to Take an Epic Grilled Cheese Photo</a>.	Grilled buffalo chicken stuffed with mozzarella cheese
123	ES	48018	Las galletas de bola de nieve de almendra podrían ser una buena receta para ampliar tu colección de recetas de postres. Esta receta lacto ovo vegetariana sirve para 30 personas y cuesta <b>13 centavos por porción</b>. Una porción de este plato contiene aproximadamente <b>2g de proteína</b>, <b>7g de grasa</b> y un total de <b>119 calorías</b>. Esta receta es del agrado de 125 amantes de la comida y cocineros. Desde la preparación hasta el plato, esta receta lleva aproximadamente <b>45 minutos</b>. Una mezcla de mantequilla, extracto de vainilla, azúcar en polvo y un puñado de otros ingredientes son todo lo que se necesita para hacer esta receta tan sabrosa. Te la trae Lemon Sugar. En general, esta receta obtiene una puntuación spoonacular <b>bastante baja del 14%</b>. Si te gusta esta receta, es posible que también te gusten recetas como <a href="https://spoonacular.com/recipes/almond-snowball-cookies-632186">Almond Snowball Cookies</a>, <a href="https://spoonacular.com/recipes/almond-snowball-cookies-336850">Almond Snowball Cookies</a> y <a href="https://spoonacular.com/recipes/chocolate-almond-snowball-cookies-563437">Chocolate Almond Snowball Cookies</a>.	Almond Snowball Cookies
124	EN	48018	Almond Snowball Cookies might be a good recipe to expand your dessert recipe box. This lacto ovo vegetarian recipe serves 30 and costs <b>13 cents per serving</b>. One portion of this dish contains approximately <b>2g of protein</b>, <b>7g of fat</b>, and a total of <b>119 calories</b>. This recipe is liked by 125 foodies and cooks. From preparation to the plate, this recipe takes approximately <b>45 minutes</b>. A mixture of butter, vanillan extract, powdered sugar, and a handful of other ingredients are all it takes to make this recipe so tasty. It is brought to you by Lemon Sugar. Overall, this recipe earns a <b>rather bad spoonacular score of 14%</b>. If you like this recipe, you might also like recipes such as <a href="https://spoonacular.com/recipes/almond-snowball-cookies-632186">Almond Snowball Cookies</a>, <a href="https://spoonacular.com/recipes/almond-snowball-cookies-336850">Almond Snowball Cookies</a>, and <a href="https://spoonacular.com/recipes/chocolate-almond-snowball-cookies-563437">Chocolate Almond Snowball Cookies</a>.	Almond Snowball Cookies
125	ES	48019	BBQ cordero con ajo mentolado es un plato principal <b>sin gluten, sin lácteos, paleolítico y primario</b>. Esta receta sirve para 4 personas y cuesta $24.04 por porción. Una porción contiene <b>1899 calorías</b>, <b>294g de proteína</b> y <b>71g de grasa</b>. Esta receta de BBC Good Food requiere filetes de pierna de cordero, dientes de ajo, vinagre balsámico y menta en paquete. Varias personas han hecho esta receta y 31 dirían que es perfecta. Desde la preparación hasta el plato, esta receta tarda aproximadamente <b>20 minutos</b>. Con una puntuación de spoonacular del <b>94%</b>, este plato es excepcional. Si te gusta esta receta, echa un vistazo a estas recetas similares: <a href="https://spoonacular.com/recipes/bbq-hinty-minty-lamb-chops-97856">Chuletas de cordero BBQ Hinty Minty</a>, <a href="https://spoonacular.com/recipes/minty-lamb-flatbreads-213451">Flatbreads de cordero mentolado</a> y <a href="https://spoonacular.com/recipes/lamb-feta-burgers-with-minty-yogurt-225225">Hamburguesas de cordero y feta con yogur mentolado</a>.	BBQ cordero con ajo mentolado
126	EN	48019	BBQ minty garlic lamb is a <b>gluten free, dairy free, paleolithic, and primal</b> main course. This recipe serves 4 and costs $24.04 per serving. One serving contains <b>1899 calories</b>, <b>294g of protein</b>, and <b>71g of fat</b>. This recipe from BBC Good Food requires lamb leg steaks, garlic cloves, balsamic vinegar, and pack mint. A few people made this recipe, and 31 would say it hit the spot. From preparation to the plate, this recipe takes roughly <b>20 minutes</b>. With a spoonacular <b>score of 94%</b>, this dish is outstanding. If you like this recipe, take a look at these similar recipes: <a href="https://spoonacular.com/recipes/bbq-hinty-minty-lamb-chops-97856">BBQ Hinty Minty Lamb Chops</a>, <a href="https://spoonacular.com/recipes/minty-lamb-flatbreads-213451">Minty lamb flatbreads</a>, and <a href="https://spoonacular.com/recipes/lamb-feta-burgers-with-minty-yogurt-225225">Lamb & feta burgers with minty yogurt</a>.	BBQ minty garlic lamb
127	ES	48027	¿Necesitas un plato principal sin lácteos? El Salisbury Steak Instant Pot podría ser una receta tremenda para probar. Una porción contiene 232 calorías, 28g de proteína y 7g de grasa. Por $1.74 por porción, esta receta cubre el 16% de tus requerimientos diarios de vitaminas y minerales. Esta receta sirve 6 personas. 1 persona quedó impresionada con esta receta. El día de San Valentín será aún más especial con esta receta. Esta receta te es presentada por Eating on a Dime. Ve a la tienda y compra caldo de res, agua, huevo y algunas otras cosas para hacerlo hoy. Desde la preparación hasta el plato, esta receta toma alrededor de 35 minutos. Con una puntuación spoonacular del 0%, este plato es muy malo (pero aún reparable). Prueba INSTANT POT SWISS STEAK, Instant Pot Steak and Potato Soup y Instant Pot Steak and Potato Soup para recetas similares.	Salisbury Steak Instant Pot
128	EN	48027	Need a <b>dairy free main course</b>? Instant Pot Salisbury Steak could be a tremendous recipe to try. One serving contains <b>232 calories</b>, <b>28g of protein</b>, and <b>7g of fat</b>. For <b>$1.74 per serving</b>, this recipe <b>covers 16%</b> of your daily requirements of vitamins and minerals. This recipe serves 6. 1 person were impressed by this recipe. <b>valentin day</b> will be even more special with this recipe. It is brought to you by Eating on a Dime. Head to the store and pick up beef broth, water, egg, and a few other things to make it today. From preparation to the plate, this recipe takes around <b>35 minutes</b>. With a spoonacular <b>score of 0%</b>, this dish is very bad (but still fixable). Try <a href="https://spoonacular.com/recipes/instant-pot-swiss-steak-1538333">INSTANT POT SWISS STEAK</a>, <a href="https://spoonacular.com/recipes/instant-pot-steak-and-potato-soup-1141264">Instant Pot Steak and Potato Soup</a>, and <a href="https://spoonacular.com/recipes/instant-pot-steak-and-potato-soup-1761151">Instant Pot Steak and Potato Soup</a> for similar recipes.	Instant Pot Salisbury Steak
129	ES	48032	One Pot Wonder-Sopa de pollo y arroz saludable podría ser una buena receta para ampliar tu repertorio de platos principales. ¿Cuidando tu figura? Esta receta sin gluten, sin lácteos, paleolítica y primal tiene <b>1146 calorías</b>, <b>157 g de proteína</b> y <b>35 g de grasa</b> por porción. Esta receta sirve para 2 personas y cuesta $6.15 por porción. 1 persona encontró esta receta sabrosa y satisfactoria. Si tienes pechugas de pollo, perejil, tomillo y algunos otros ingredientes a mano, puedes hacerla. Se puede disfrutar en cualquier momento, pero es especialmente buena para <b>invierno</b>. Te la trae The Laundry Moms. Desde la preparación hasta el plato, esta receta lleva alrededor de <b>unos 45 minutos</b>. Con una puntuación de cuchara <b>0%</b>, este plato es mejorable. Si te gusta esta receta, es posible que también te gusten recetas como <a href="https://spoonacular.com/recipes/healthy-crock-pot-chicken-vegetable-soup-574069">Sopa saludable de pollo y verduras en olla de cocción lenta</a>, <a href="https://spoonacular.com/recipes/healthy-chicken-pot-pie-soup-whole-30-dairy-free-1395345">Sopa saludable de pastel de pollo (whole 30, sin lácteos)</a> y <a href="https://spoonacular.com/recipes/healthy-chicken-pot-pie-soup-whole-30-dairy-free-1137582">Sopa saludable de pastel de pollo (whole 30, sin lácteos)</a>.	One Pot Wonder-Sopa de pollo y arroz saludable
143	ES	48075	La receta de la espesa y cremosa sopa de almejas estilo Nueva Inglaterra se puede hacer en aproximadamente 1 hora y 15 minutos. Esta receta sirve para 4 personas y cuesta $2.47 por porción. Este plato principal tiene 776 calorías, 18g de proteína y 46g de grasa por porción. Es una receta de precio razonable para los fanáticos de la comida americana. 202 personas han probado y les ha gustado esta receta. Si tienes tocino, papas, almejas pequeñas y algunos otros ingredientes a mano, puedes hacerlo. Te lo trae Food.com. Es una buena opción si sigues una dieta sin gluten. Con una puntuación de Spoonacular del 90%, este plato es excelente. La sopa cremosa de almejas estilo Nueva Inglaterra, la sopa de almejas estilo Nueva Inglaterra y la sopa de almejas estilo Nueva Inglaterra son muy similares a esta receta.	Espesa y cremosa sopa de almejas estilo Nueva Inglaterra
130	EN	48032	One Pot Wonder-Healthy Chicken and Rice Soup might be a good recipe to expand your main course repertoire. Watching your figure? This gluten free, dairy free, paleolithic, and primal recipe has <b>1146 calories</b>, <b>157g of protein</b>, and <b>35g of fat</b> per serving. This recipe serves 2 and costs $6.15 per serving. 1 person found this recipe to be flavorful and satisfying. If you have chicken breasts, parsley, thyme, and a few other ingredients on hand, you can make it. It can be enjoyed any time, but it is especially good for <b>Winter</b>. It is brought to you by The Laundry Moms. From preparation to the plate, this recipe takes around <b>around 45 minutes</b>. With a spoonacular <b>score of 0%</b>, this dish is improvable. If you like this recipe, you might also like recipes such as <a href="https://spoonacular.com/recipes/healthy-crock-pot-chicken-vegetable-soup-574069">Healthy Crock Pot Chicken Vegetable Soup</a>, <a href="https://spoonacular.com/recipes/healthy-chicken-pot-pie-soup-whole-30-dairy-free-1395345">Healthy Chicken Pot Pie Soup (whole 30, dairy free)</a>, and <a href="https://spoonacular.com/recipes/healthy-chicken-pot-pie-soup-whole-30-dairy-free-1137582">Healthy Chicken Pot Pie Soup (whole 30, dairy free)</a>.	One Pot Wonder-Healthy Chicken and Rice Soup
131	ES	48037	Nunca puedes tener demasiadas recetas de platos principales, así que prueba los Espaguetis al Vino Tinto. Una porción contiene <b>897 calorías</b>, <b>23g de proteínas</b> y <b>37g de grasa</b>. Esta receta sirve para 4 personas. Por <b>$4.98 por porción</b>, esta receta <b>cubre el 25%</b> de tus necesidades diarias de vitaminas y minerales. Ve a la tienda y compra aceite de oliva, dientes de ajo, queso parmigiano-reggiano y algunas otras cosas para prepararla hoy mismo. Esta receta es apreciada por 610 amantes de la comida y cocineros. Te la trae el blog The Novice Chef. Desde la preparación hasta el plato, esta receta tarda aproximadamente <b>20 minutos</b>. Teniendo en cuenta todos los factores, esta receta <b>obtiene una puntuación de 96% en spoonacular</b>, lo cual es genial. Prueba <a href="https://spoonacular.com/recipes/red-wine-spaghetti-with-broccoli-110695">Espaguetis al Vino Tinto con Brócoli</a>, <a href="https://spoonacular.com/recipes/rustic-red-wine-spaghetti-1220613">Espaguetis Rústicos al Vino Tinto</a> y <a href="https://spoonacular.com/recipes/spicy-red-wine-spaghetti-326950">Espaguetis al Vino Tinto Picantes</a> para recetas similares.	Espaguetis al vino tinto
132	EN	48037	You can never have too many main course recipes, so give Red Wine Spaghetti a try. One serving contains <b>897 calories</b>, <b>23g of protein</b>, and <b>37g of fat</b>. This recipe serves 4. For <b>$4.98 per serving</b>, this recipe <b>covers 25%</b> of your daily requirements of vitamins and minerals. Head to the store and pick up olive oil, garlic cloves, parmigiano-reggiano cheese, and a few other things to make it today. This recipe is liked by 610 foodies and cooks. It is brought to you by The Novice Chef Blog. From preparation to the plate, this recipe takes approximately <b>20 minutes</b>. Taking all factors into account, this recipe <b>earns a spoonacular score of 96%</b>, which is super. Try <a href="https://spoonacular.com/recipes/red-wine-spaghetti-with-broccoli-110695">Red-Wine Spaghetti with Broccoli</a>, <a href="https://spoonacular.com/recipes/rustic-red-wine-spaghetti-1220613">Rustic Red Wine Spaghetti</a>, and <a href="https://spoonacular.com/recipes/spicy-red-wine-spaghetti-326950">Spicy Red-Wine Spaghetti</a> for similar recipes.	Red Wine Spaghetti
135	ES	48051	Si quieres añadir más recetas sin lácteos, vegetarianas lacto ovo y veganas a tu recetario, la Sopa de Pimiento Rojo y Tomate podría ser una receta que debas probar. Esta receta hace 3 porciones con 887 calorías, 32g de proteína y 12g de grasa cada una. Por $3.56 por porción, esta receta cubre el 41% de tus requerimientos diarios de vitaminas y minerales. Esta receta es apreciada por 1 amantes de la comida y cocineros. Funciona bien como plato principal. Será un éxito en tu evento de Otoño. Te la trae My Recipes. Desde la preparación hasta el plato, esta receta toma alrededor de 45 minutos. Una mezcla de caldo de verduras, albahaca, pan y un puñado de otros ingredientes es todo lo que se necesita para hacer esta receta tan sabrosa. En general, esta receta obtiene una increíble puntuación spoonacular del 83%. A los usuarios que les gustó esta receta también les gustaron Sopa de Pimiento Tomate, Sopa de Pimiento Rojo y Tomate Picante y Sopa de Tomate y Pimiento Rojo Asado.	Sopa de pimiento rojo y tomate
144	EN	48075	The recipe Thick and Creamy New England Clam Chowder can be made <b>in around 1 hour and 15 minutes</b>. This recipe serves 4 and costs $2.47 per serving. This main course has <b>776 calories</b>, <b>18g of protein</b>, and <b>46g of fat</b> per serving. It is a <b>reasonably priced</b> recipe for fans of American food. 202 people have tried and liked this recipe. If you have bacon, potatoes, baby clams, and a few other ingredients on hand, you can make it. It is brought to you by Food.com. It is a good option if you're following a <b>gluten free</b> diet. With a spoonacular <b>score of 90%</b>, this dish is excellent. <a href="https://spoonacular.com/recipes/creamy-new-england-clam-chowder-623192">Creamy New England Clam Chowder</a>, <a href="https://spoonacular.com/recipes/new-england-clam-chowder-1771987">New England Clam Chowder</a>, and <a href="https://spoonacular.com/recipes/new-england-clam-chowder-388118">New England Clam Chowder</a> are very similar to this recipe.	Thick and Creamy New England Clam Chowder
136	EN	48051	If you want to add more <b>dairy free, lacto ovo vegetarian, and vegan</b> recipes to your recipe box, Red Pepper-Tomato Soup might be a recipe you should try. This recipe makes 3 servings with <b>887 calories</b>, <b>32g of protein</b>, and <b>12g of fat</b> each. For <b>$3.56 per serving</b>, this recipe <b>covers 41%</b> of your daily requirements of vitamins and minerals. This recipe is liked by 1 foodies and cooks. It works well as a main course. It will be a hit at your <b>Autumn</b> event. It is brought to you by My Recipes. From preparation to the plate, this recipe takes around <b>45 minutes</b>. A mixture of vegetable broth, basil, bread, and a handful of other ingredients are all it takes to make this recipe so flavorful. Overall, this recipe earns an <b>awesome spoonacular score of 83%</b>. Users who liked this recipe also liked <a href="https://spoonacular.com/recipes/red-pepper-tomato-soup-382826">Red Pepper Tomato Soup</a>, <a href="https://spoonacular.com/recipes/fiery-red-pepper-and-tomato-soup-563531">Fiery Red Pepper and Tomato Soup</a>, and <a href="https://spoonacular.com/recipes/roasted-tomato-and-red-pepper-soup-1687603">Roasted Tomato and Red Pepper Soup</a>.	Red Pepper-Tomato Soup
137	ES	48054	Las brochetas de carne de res en Air Fryer podrían ser una buena receta para ampliar tu repertorio de recetas de aperitivos. Esta receta sin gluten y sin lácteos sirve para 12 personas y cuesta <b>$1.2 por porción</b>. Una porción de este plato contiene aproximadamente <b>9g de proteína</b>, <b>11g de grasa</b> y un total de <b>174 calorías</b>. 1 persona se alegró de haber probado esta receta. Nos la trae Growing Up Gabel. Es perfecta para el <b>día de San Valentín</b>. Desde la preparación hasta el plato, esta receta lleva alrededor de <b>3 horas y 10 minutos</b>. Una mezcla de carne de res, salsa Worcestershire, azúcar moreno y un puñado de otros ingredientes son todo lo que se necesita para hacer esta receta tan deliciosa. Con una puntuación de spoonacular de <b>0%</b>, este plato es mejorable. Recetas similares incluyen <a href="https://spoonacular.com/recipes/air-fryer-chicken-tenders-1001021">Tiras de pollo en Air Fryer</a>, <a href="https://spoonacular.com/recipes/air-fryer-roasted-potatoes-1070167">Papas asadas en Air Fryer</a> y <a href="https://spoonacular.com/recipes/air-fryer-fried-chicken-1084494">Pollo frito en Air Fryer</a>.	Brochetas de carne de res en Air Fryer
138	EN	48054	Air Fryer Steak Kebabs might be a good recipe to expand your hor d'oeuvre recipe box. This gluten free and dairy free recipe serves 12 and costs <b>$1.2 per serving</b>. One portion of this dish contains roughly <b>9g of protein</b>, <b>11g of fat</b>, and a total of <b>174 calories</b>. 1 person were glad they tried this recipe. It is brought to you by Growing Up Gabel. It is perfect for <b>valentin day</b>. From preparation to the plate, this recipe takes around <b>3 hours and 10 minutes</b>. A mixture of steak, worcestershire sauce, brown sugar, and a handful of other ingredients are all it takes to make this recipe so delicious. With a spoonacular <b>score of 0%</b>, this dish is improvable. Similar recipes include <a href="https://spoonacular.com/recipes/air-fryer-chicken-tenders-1001021">Air Fryer Chicken Tenders</a>, <a href="https://spoonacular.com/recipes/air-fryer-roasted-potatoes-1070167">Air Fryer Roasted Potatoes</a>, and <a href="https://spoonacular.com/recipes/air-fryer-fried-chicken-1084494">Air Fryer Fried Chicken</a>.	Air Fryer Steak Kebabs
139	ES	48059	La receta de Veggie Pot Stickers está lista en aproximadamente 45 minutos y es definitivamente una tremenda opción sin lácteos para los amantes de la comida china. Una porción contiene 49 calorías, 1g de proteína y 2g de grasa. Esta receta sirve para 24 personas y cuesta 26 centavos por porción. Solo a unas pocas personas realmente les gustó este aperitivo. 1 persona se alegró de haber probado esta receta. Esta receta de Food.com requiere envolturas de wonton, repollo napa, jengibre y champiñones. Con una puntuación de spoonacular del 45%, este plato es sólido. A los usuarios que les gustó esta receta también les gustaron Pot Stickers, Pot Stickers y Pot Stickers.	Veggie Pot Stickers
140	EN	48059	The recipe Veggie Pot Stickers is ready <b>in about 45 minutes</b> and is definitely a tremendous <b>dairy free</b> option for lovers of Chinese food. One serving contains <b>49 calories</b>, <b>1g of protein</b>, and <b>2g of fat</b>. This recipe serves 24 and costs 26 cents per serving. Only a few people really liked this hor d'oeuvre. 1 person were glad they tried this recipe. This recipe from Food.com requires wonton wrappers, napa cabbage, ginger, and mushroom. With a spoonacular <b>score of 45%</b>, this dish is solid. Users who liked this recipe also liked <a href="https://spoonacular.com/recipes/pot-stickers-17637">Pot Stickers</a>, <a href="https://spoonacular.com/recipes/pot-stickers-1009109">Pot Stickers</a>, and <a href="https://spoonacular.com/recipes/pot-stickers-10085">Pot Stickers</a>.	Veggie  Pot Stickers
141	ES	48067	La receta del pollo asado fácil de Marian se puede hacer en alrededor de 1 hora y 40 minutos. Esta receta sin gluten, sin lácteos, paleolítica y primal sirve para 8 personas y cuesta $2.24 por porción. Este plato principal tiene 722 calorías, 57g de proteína y 53g de grasa por porción. Esta receta de My Recipes requiere pollos, sal kosher, aceite de oliva y pimienta. 1 persona se alegró de haber probado esta receta. Teniendo en cuenta todos los factores, esta receta obtiene una puntuación de spoonacular del 58%, lo cual es bastante bueno. A los usuarios que les gustó esta receta también les gustaron <a href="https://spoonacular.com/recipes/marians-hash-browns-casserole-super-easy-120834">la cazuela de hash browns de Marian (¡súper fácil!)</a>, <a href="https://spoonacular.com/recipes/marians-iced-tea-249120">el té helado de Marian</a> y <a href="https://spoonacular.com/recipes/marians-apple-fennel-salad-208698">la ensalada de manzana y hinojo de Marian</a>.	Pollo asado fácil de Marian
142	EN	48067	The recipe Marian's Easy Roast Chicken can be made <b>in around 1 hour and 40 minutes</b>. This gluten free, dairy free, paleolithic, and primal recipe serves 8 and costs <b>$2.24 per serving</b>. This main course has <b>722 calories</b>, <b>57g of protein</b>, and <b>53g of fat</b> per serving. This recipe from My Recipes requires chickens, kosher salt, olive oil, and pepper. 1 person were glad they tried this recipe. Taking all factors into account, this recipe <b>earns a spoonacular score of 58%</b>, which is pretty good. Users who liked this recipe also liked <a href="https://spoonacular.com/recipes/marians-hash-browns-casserole-super-easy-120834">Marian's Hash Browns Casserole (Super Easy!)</a>, <a href="https://spoonacular.com/recipes/marians-iced-tea-249120">Marian's Iced Tea</a>, and <a href="https://spoonacular.com/recipes/marians-apple-fennel-salad-208698">Marian's Apple-Fennel Salad</a>.	Marian's Easy Roast Chicken
145	ES	48080	La ensalada de frutas con canela podría ser justo la receta sin gluten, sin lácteos, paleolítica y lacto-ovo vegetariana que has estado buscando. Esta receta hace 2 porciones con 250 calorías, 3g de proteína y 18g de grasa cada una. Por $1.24 por porción, esta receta cubre el 10% de tus requerimientos diarios de vitaminas y minerales. Solo unas pocas personas hicieron esta receta, y 1 diría que fue un éxito. Funciona mejor como plato acompañante, y se hace en aproximadamente 15 minutos. Una mezcla de canela, manzanas, nueces pecanas y un puñado de otros ingredientes es todo lo que se necesita para hacer esta receta tan deliciosa. Te la trae Paleo Plan. Con una puntuación spoonacular del 86%, este plato es increíble. La Ensalada de Frutas con Canela, la Ensalada de Frutas con Canela y Albahaca y la Ensalada Cremosa de Manzana y Nuez con Canela son muy similares a esta receta.	Ensalada de frutas con canela
146	EN	48080	Fruit Salad with Cinnamon could be just the <b>gluten free, dairy free, paleolithic, and lacto ovo vegetarian</b> recipe you've been looking for. This recipe makes 2 servings with <b>250 calories</b>, <b>3g of protein</b>, and <b>18g of fat</b> each. For <b>$1.24 per serving</b>, this recipe <b>covers 10%</b> of your daily requirements of vitamins and minerals. Only a few people made this recipe, and 1 would say it hit the spot. It works best as a side dish, and is done in approximately <b>15 minutes</b>. A mixture of cinnamon, apples, pecans, and a handful of other ingredients are all it takes to make this recipe so yummy. It is brought to you by Paleo Plan. With a spoonacular <b>score of 86%</b>, this dish is amazing. <a href="https://spoonacular.com/recipes/cinnamon-fruit-salad-446689">Cinnamon Fruit Salad</a>, <a href="https://spoonacular.com/recipes/cinnamon-basil-fruit-salad-408292">Cinnamon-Basil Fruit Salad</a>, and <a href="https://spoonacular.com/recipes/creamy-cinnamon-apple-and-walnut-fruit-salad-796598">Creamy Cinnamon Apple and Walnut Fruit Salad</a> are very similar to this recipe.	Fruit Salad with Cinnamon
147	ES	48088	El pan plano suave y sencillo podría ser una buena receta para ampliar tu repertorio de recetas de pan. ¿Cuidando tu figura? Esta receta vegetariana tiene 720 calorías, 16g de proteína y 28g de grasa por porción. Por 51 centavos por porción, esta receta cubre el 21% de tus requerimientos diarios de vitaminas y minerales. Esta receta sirve para 2 personas. Si tienes mantequilla, sal, aceite y algunos otros ingredientes a mano, puedes hacerlo. Desde la preparación hasta el plato, esta receta lleva aproximadamente 45 minutos. Te la trae 5BoysBaker. Solo unas pocas personas han hecho esta receta, y 1 diría que es satisfactoria. Con una puntuación de 0% en Spoonacular, este plato es mejorable. Prueba Naan, un pan plano indio suave y masticable, Pan plano sencillo y Pan plano para el desayuno sencillo para recetas similares.	Pan plano suave y sencillo
148	EN	48088	Simple Soft Flatbread might be a good recipe to expand your bread recipe box. Watching your figure? This vegetarian recipe has <b>720 calories</b>, <b>16g of protein</b>, and <b>28g of fat</b> per serving. For <b>51 cents per serving</b>, this recipe <b>covers 21%</b> of your daily requirements of vitamins and minerals. This recipe serves 2. If you have butter, salt, oil, and a few other ingredients on hand, you can make it. From preparation to the plate, this recipe takes roughly <b>45 minutes</b>. It is brought to you by 5BoysBaker. Only a few people made this recipe, and 1 would say it hit the spot. With a spoonacular <b>score of 0%</b>, this dish is improvable. Try <a href="https://spoonacular.com/recipes/naan-a-soft-chewy-indian-flatbread-77709">Naan, A Soft, Chewy Indian Flatbread</a>, <a href="https://spoonacular.com/recipes/simple-flatbread-493283">Simple Flatbread</a>, and <a href="https://spoonacular.com/recipes/simple-breakfast-flatbread-543393">Simple Breakfast Flatbread</a> for similar recipes.	Simple Soft Flatbread
149	ES	48091	La receta de galletas Snickerdoodle gigantes de mamá es un postre vegetariano lacto ovo. Esta receta sirve para 18 personas. Una porción contiene 248 calorías, 3g de proteína y 11g de grasa. Por 24 centavos por porción, esta receta cubre el 4% de tus requerimientos diarios de vitaminas y minerales. Desde la preparación hasta el plato, esta receta toma aproximadamente 28 minutos. Esta receta de All She Cooks tiene 1 seguidor. Una mezcla de azúcar, canela, azúcar y un puñado de otros ingredientes es todo lo que se necesita para hacer esta receta tan deliciosa. Teniendo en cuenta todos los factores, esta receta obtiene una puntuación spoonacular del 0%, que se puede mejorar. Recetas similares incluyen la Receta de Cóctel Bahama Mama, la Receta de Salsa de Arándanos de Mama Stamberg y las Galletas Gigantes.	Receta de galletas Snickerdoodle gigantes de mamá
150	EN	48091	Mama's Jumbo Snickerdoodle Cookies Recipe is a <b>lacto ovo vegetarian</b> dessert. This recipe serves 18. One serving contains <b>248 calories</b>, <b>3g of protein</b>, and <b>11g of fat</b>. For <b>24 cents per serving</b>, this recipe <b>covers 4%</b> of your daily requirements of vitamins and minerals. From preparation to the plate, this recipe takes approximately <b>28 minutes</b>. This recipe from All She Cooks has 1 fans. A mixture of sugar, cinnamon, sugar, and a handful of other ingredients are all it takes to make this recipe so delicious. Taking all factors into account, this recipe <b>earns a spoonacular score of 0%</b>, which is improvable. Similar recipes include <a href="https://spoonacular.com/recipes/bahama-mama-cocktail-recipe-80845">Bahama Mama Cocktail Recipe</a>, <a href="https://spoonacular.com/recipes/mama-stambergs-cranberry-relish-recipe-120049">Mama Stamberg's Cranberry Relish Recipe</a>, and <a href="https://spoonacular.com/recipes/jumbo-cookies-123342">Jumbo Cookies</a>.	Mama's Jumbo Snickerdoodle Cookies Recipe
151	ES	48095	El Chili de Frijoles Mixtos Picante podría ser la receta <b>americana</b> que estás buscando. Esta receta tiene 4 porciones con <b>212 calorías</b>, <b>15g de proteína</b>, y <b>1g de grasa</b> cada una. Por <b>66 centavos por porción</b>, esta receta <b>cubre el 18%</b> de tus requerimientos diarios de vitaminas y minerales. Desde la preparación hasta el plato, esta receta toma aproximadamente <b>1 hora y 15 minutos</b>. Será un éxito en tu evento de <b>El Super Bowl</b>. Solo unas pocas personas hicieron esta receta, y 2 dirían que fue un acierto. Funciona bien como plato principal. Te lo trae Food.com. Ve a la tienda y compra frijoles ojo de pájaro, frijoles mungo, tomates ciruela y algunas otras cosas para hacerlo hoy. Es una buena opción si sigues una dieta <b>sin gluten y sin lácteos</b>. Teniendo en cuenta todos los factores, esta receta <b>obtiene una puntuación spoonacular del 88%</b>, lo cual es genial. Si te gusta esta receta, echa un vistazo a estas recetas similares: <a href="https://spoonacular.com/recipes/mixed-bean-chili-with-tofu-259888">Chili de Frijoles Mixtos con Tofu</a>, <a href="https://spoonacular.com/recipes/pork-mixed-bean-chili-144528">Chili de Frijoles Mixtos con Cerdo</a> y <a href="https://spoonacular.com/recipes/spicy-three-bean-chili-375250">Chili Picante de Tres Frijoles</a>.	Spicy Mixed Bean Chili
152	EN	48095	Spicy Mixed Bean Chili might be just the <b>American</b> recipe you are searching for. This recipe makes 4 servings with <b>212 calories</b>, <b>15g of protein</b>, and <b>1g of fat</b> each. For <b>66 cents per serving</b>, this recipe <b>covers 18%</b> of your daily requirements of vitamins and minerals. From preparation to the plate, this recipe takes about <b>1 hour and 15 minutes</b>. It will be a hit at your <b>The Super Bowl</b> event. Only a few people made this recipe, and 2 would say it hit the spot. It works well as a main course. It is brought to you by Food.com. Head to the store and pick up black-eyed peas, mung beans, plum tomatoes, and a few other things to make it today. It is a good option if you're following a <b>gluten free and dairy free</b> diet. Taking all factors into account, this recipe <b>earns a spoonacular score of 88%</b>, which is great. If you like this recipe, take a look at these similar recipes: <a href="https://spoonacular.com/recipes/mixed-bean-chili-with-tofu-259888">Mixed-Bean Chili with Tofu</a>, <a href="https://spoonacular.com/recipes/pork-mixed-bean-chili-144528">Pork Mixed Bean Chili</a>, and <a href="https://spoonacular.com/recipes/spicy-three-bean-chili-375250">Spicy Three-Bean Chili</a>.	Spicy Mixed Bean Chili
153	ES	48098	El Ponche de Piña con Ron fácil es una bebida sin gluten, sin lácteos, vegetariana lacto ovo y vegana. Esta receta hace 12 porciones con 176 calorías, 1g de proteína y 0g de grasa cada una. Por $1.3 por porción, esta receta cubre el 5% de tus requerimientos diarios de vitaminas y minerales. Algunas personas han hecho esta receta, y 20 dirían que fue un éxito. Ve a la tienda y compra jugo de piña, ron, jugo de naranja durazno mango y algunas otras cosas para hacerlo hoy. Desde la preparación hasta el plato, esta receta toma aproximadamente 5 minutos. Es traída a ti por Deliciously Sprinkled. Considerando todo, decidimos que esta receta merece una puntuación spoonacular de 68%. Esta puntuación es sólida. Recetas similares son Ponche de Piña con Ron, Ponche de Piña con Ron y Ponche de Piña con Té y Ron.	Fácil Ponche de Piña con Ron
154	EN	48098	Easy Pineapple Rum Punch is a <b>gluten free, dairy free, lacto ovo vegetarian, and vegan</b> beverage. This recipe makes 12 servings with <b>176 calories</b>, <b>1g of protein</b>, and <b>0g of fat</b> each. For <b>$1.3 per serving</b>, this recipe <b>covers 5%</b> of your daily requirements of vitamins and minerals. A few people made this recipe, and 20 would say it hit the spot. Head to the store and pick up pineapple juice, rum, orange peach mango juice, and a few other things to make it today. From preparation to the plate, this recipe takes about <b>5 minutes</b>. It is brought to you by Deliciously Sprinkled. All things considered, we decided this recipe <b>deserves a spoonacular score of 68%</b>. This score is solid. Similar recipes are <a href="https://spoonacular.com/recipes/pineapple-rum-punch-391835">Pineapple Rum Punch</a>, <a href="https://spoonacular.com/recipes/pineapple-rum-punch-139702">Pineapple Rum Punch</a>, and <a href="https://spoonacular.com/recipes/pineapple-rum-tea-punch-199276">Pineapple-Rum-Tea Punch</a>.	Easy Pineapple Rum Punch
155	ES	48105	Nunca se tienen demasiadas recetas de postres, así que prueba los Pumpkin Snickerdoodles. Por <b>$1.05 por porción</b>, esta receta <b>cubre el 54%</b> de tus requerimientos diarios de vitaminas y minerales. Esta receta sirve para 6 personas. ¿Cuidando tu figura? Esta receta lacto ovo vegetariana tiene <b>4204 calorías</b>, <b>40g de proteína</b> y <b>189g de grasa</b> por porción. 1 persona ha hecho esta receta y la haría de nuevo. Te la trae Creme de la Crumb. Ve a la tienda y compra clavo molido, nuez moscada, azúcar y algunas otras cosas para hacerla hoy. Desde la preparación hasta el plato, esta receta lleva aproximadamente <b>alrededor de 45 minutos</b>. En general, esta receta obtiene una <b>puntuación spoonacular mejorable del 0%</b>. <a href="https://spoonacular.com/recipes/pumpkin-snickerdoodles-496076">Pumpkin Snickerdoodles</a>, <a href="https://spoonacular.com/recipes/pumpkin-snickerdoodles-104571">Pumpkin Snickerdoodles</a> y <a href="https://spoonacular.com/recipes/pumpkin-snickerdoodles-228730">Pumpkin Snickerdoodles</a> son muy similares a esta receta.	Pumpkin Snickerdoodles
156	EN	48105	You can never have too many dessert recipes, so give Pumpkin Snickerdoodles a try. For <b>$1.05 per serving</b>, this recipe <b>covers 54%</b> of your daily requirements of vitamins and minerals. This recipe serves 6. Watching your figure? This lacto ovo vegetarian recipe has <b>4204 calories</b>, <b>40g of protein</b>, and <b>189g of fat</b> per serving. 1 person has made this recipe and would make it again. It is brought to you by Creme de la Crumb. Head to the store and pick up ground cloves, nutmeg, sugar, and a few other things to make it today. From preparation to the plate, this recipe takes around <b>around 45 minutes</b>. Overall, this recipe earns an <b>improvable spoonacular score of 0%</b>. <a href="https://spoonacular.com/recipes/pumpkin-snickerdoodles-496076">Pumpkin Snickerdoodles</a>, <a href="https://spoonacular.com/recipes/pumpkin-snickerdoodles-104571">Pumpkin Snickerdoodles</a>, and <a href="https://spoonacular.com/recipes/pumpkin-snickerdoodles-228730">Pumpkin Snickerdoodles</a> are very similar to this recipe.	Pumpkin Snickerdoodles
159	ES	48115	La receta de la tarta de canela picante de Paula Deen se puede hacer en aproximadamente 1 hora y 7 minutos. Por 53 centavos por porción, obtienes un postre que sirve para 15 personas. Una porción contiene 275 calorías, 4g de proteína y 13g de grasa. Ve a la tienda y compra aceite de maíz, mezcla para pastel de especias, canela molida y algunas otras cosas para hacerlo hoy. 5 personas encontraron esta receta sabrosa y satisfactoria. Te la trae Food.com. En general, esta receta obtiene una puntuación no tan impresionante de 22% según Spoonacular. Recetas similares incluyen <a href="https://spoonacular.com/recipes/paula-deens-applesauce-cake-133473">Tarta de puré de manzana de Paula Deen</a>, <a href="https://spoonacular.com/recipes/paula-deen-coffee-cake-579790">Tarta de café de Paula Deen</a> y <a href="https://spoonacular.com/recipes/paula-deens-jamies-coconut-cake-127936">Tarta de coco de Jamie de Paula Deen</a>.	La tarta de canela picante de Paula Deen
160	EN	48115	The recipe Paula Deen's Spicy Cinnamon Cake can be made <b>in approximately 1 hour and 7 minutes</b>. For <b>53 cents per serving</b>, you get a dessert that serves 15. One serving contains <b>275 calories</b>, <b>4g of protein</b>, and <b>13g of fat</b>. Head to the store and pick up corn oil, spice cake mix, ground cinnamon, and a few other things to make it today. 5 people found this recipe to be flavorful and satisfying. It is brought to you by Food.com. Overall, this recipe earns a <b>not so awesome spoonacular score of 22%</b>. Similar recipes include <a href="https://spoonacular.com/recipes/paula-deens-applesauce-cake-133473">Paula Deen's Applesauce Cake</a>, <a href="https://spoonacular.com/recipes/paula-deen-coffee-cake-579790">Paula Deen Coffee Cake</a>, and <a href="https://spoonacular.com/recipes/paula-deens-jamies-coconut-cake-127936">Paula Deen's Jamie's Coconut Cake</a>.	Paula Deen's Spicy Cinnamon Cake
161	ES	48123	Si tienes aproximadamente <b>35 minutos</b> para pasar en la cocina, los muffins de eneldo y cheddar podrían ser una excelente receta <b>lacto-ovo vegetariana</b> para probar. Una porción de este plato contiene aproximadamente <b>8g de proteína</b>, <b>9g de grasa</b> y un total de <b>250 calorías</b>. Esta receta sirve para 12 personas y cuesta 30 centavos por porción. Funciona bien como un desayuno económico. Ve a la tienda y compra queso cheddar, azúcar, huevos y algunas otras cosas para hacerlo hoy. 1 persona ha probado y le ha gustado esta receta. Te la trae Taste of Home. En general, esta receta obtiene una puntuación de <b>spoonacular bastante baja del 28%</b>. Recetas similares incluyen <a href="https://spoonacular.com/recipes/cheddar-dill-muffins-369900">Muffins de cheddar y eneldo</a>, <a href="https://spoonacular.com/recipes/dill-and-cheddar-muffins-422883">Muffins de eneldo y cheddar</a> y <a href="https://spoonacular.com/recipes/cheddar-dill-bread-281037">Pan de cheddar y eneldo</a>.	Muffins de eneldo y cheddar
162	EN	48123	If you have approximately <b>35 minutes</b> to spend in the kitchen, Dill and Cheddar Muffins might be an excellent <b>lacto ovo vegetarian</b> recipe to try. One portion of this dish contains roughly <b>8g of protein</b>, <b>9g of fat</b>, and a total of <b>250 calories</b>. This recipe serves 12 and costs 30 cents per serving. It works well as an inexpensive breakfast. Head to the store and pick up cheddar cheese, sugar, eggs, and a few other things to make it today. 1 person has tried and liked this recipe. It is brought to you by Taste of Home. Overall, this recipe earns a <b>rather bad spoonacular score of 28%</b>. Similar recipes include <a href="https://spoonacular.com/recipes/cheddar-dill-muffins-369900">Cheddar Dill Muffins</a>, <a href="https://spoonacular.com/recipes/dill-and-cheddar-muffins-422883">Dill and Cheddar Muffins</a>, and <a href="https://spoonacular.com/recipes/cheddar-dill-bread-281037">Cheddar-Dill Bread</a>.	Dill and Cheddar Muffins
163	ES	48134	Terriyaki Beef and Broccoli Stir Fry podría ser la receta <b>sin gluten y sin lácteos</b> que has estado buscando. Una porción contiene <b>457 calorías</b>, <b>44g de proteína</b> y <b>14g de grasa</b>. Esta receta sirve para 4 personas. Por <b>$3.33 por porción</b>, esta receta <b>cubre el 34%</b> de tus requerimientos diarios de vitaminas y minerales. Esta receta es del agrado de 1445 amantes de la comida y cocineros. Funciona bien como plato principal. Dirígete a la tienda y recoge azúcar, brócoli, aceite de sésamo y algunas otras cosas para hacerla hoy. Te la trae el usuario de spoonacular <a href="/profile/meganf">meganf</a>. Desde la preparación hasta el plato, esta receta toma aproximadamente <b>45 minutos</b>. Tomando en cuenta todos los factores, esta receta <b>obtiene una puntuación de spoonacular del 89%</b>, lo cual es tremendo. Si te gusta esta receta, también podrías disfrutar de recetas como <a href="https://spoonacular.com/recipes/terriyaki-beef-and-broccoli-stir-fry-1365369">Terriyaki Beef and Broccoli Stir Fry</a>, <a href="https://spoonacular.com/recipes/terriyaki-beef-and-broccoli-stir-fry-512364">Terriyaki Beef and Broccoli Stir Fry</a> y <a href="https://spoonacular.com/recipes/stir-fry-beef-and-broccoli-1398979">Stir-Fry Beef and Broccoli</a>.	Terriyaki Beef and Broccoli Stir Fry
164	EN	48134	Terriyaki Beef and Broccoli Stir Fry could be just the <b>gluten free and dairy free</b> recipe you've been looking for. One serving contains <b>457 calories</b>, <b>44g of protein</b>, and <b>14g of fat</b>. This recipe serves 4. For <b>$3.33 per serving</b>, this recipe <b>covers 34%</b> of your daily requirements of vitamins and minerals. This recipe is liked by 1445 foodies and cooks. It works well as a main course. Head to the store and pick up sugar, broccoli, sesame oil, and a few other things to make it today. It is brought to you by spoonacular user <a href="/profile/meganf">meganf</a>. From preparation to the plate, this recipe takes around <b>45 minutes</b>. Taking all factors into account, this recipe <b>earns a spoonacular score of 89%</b>, which is tremendous. If you like this recipe, you might also like recipes such as <a href="https://spoonacular.com/recipes/terriyaki-beef-and-broccoli-stir-fry-1365369">Terriyaki Beef and Broccoli Stir Fry</a>, <a href="https://spoonacular.com/recipes/terriyaki-beef-and-broccoli-stir-fry-512364">Terriyaki Beef and Broccoli Stir Fry</a>, and <a href="https://spoonacular.com/recipes/stir-fry-beef-and-broccoli-1398979">Stir-Fry Beef and Broccoli</a>.	Terriyaki Beef and Broccoli Stir Fry
170	EN	48139	You can never have too many main course recipes, so give Spiced Lamb Kebabs a try. This recipe serves 4. One portion of this dish contains approximately <b>21g of protein</b>, <b>4g of fat</b>, and a total of <b>133 calories</b>. For <b>$1.7 per serving</b>, this recipe <b>covers 11%</b> of your daily requirements of vitamins and minerals. Not a lot of people made this recipe, and 1 would say it hit the spot. A mixture of leg of lamb, greek yogurt, paprika, and a handful of other ingredients are all it takes to make this recipe so yummy. From preparation to the plate, this recipe takes around <b>1 hour and 20 minutes</b>. It is brought to you by My Recipes. It is a good option if you're following a <b>gluten free and primal</b> diet. With a spoonacular <b>score of 53%</b>, this dish is good. Try <a href="https://spoonacular.com/recipes/spiced-lamb-kebabs-98143">Spiced Lamb Kebabs</a>, <a href="https://spoonacular.com/recipes/moroccan-spiced-lamb-kebabs-97538">Moroccan-Spiced Lamb Kebabs</a>, and <a href="https://spoonacular.com/recipes/spiced-lamb-kebabs-with-pea-herb-couscous-1086399">Spiced lamb kebabs with pea & herb couscous</a> for similar recipes.	Spiced Lamb Kebabs
165	ES	48135	La salsa de Rebozuelos Vegana sin Gluten [Baja en Grasa] podría ser justo la salsa que estás buscando. Esta receta sirve para 3 personas. Una porción contiene 119 calorías, 4g de proteína y 3g de grasa. Por $3.35 por porción, esta receta cubre el 9% de tus requerimientos diarios de vitaminas y minerales. Esta receta es apreciada por 1 amante de la comida y cocinero. Te la trae nutriplanet.org. Desde la preparación hasta el plato, esta receta toma aproximadamente 30 minutos. Es una buena opción si sigues una dieta libre de gluten, lacto-ovo vegetariana y primal. En general, esta receta obtiene una puntuación de cuchara muy baja (pero aún reparable) del 0%. Si te gusta esta receta, echa un vistazo a estas recetas similares: [Vegan & Gluten-Free Gravy](https://spoonacular.com/recipes/vegan-gluten-free-gravy-944446), [Gluten-Free Vegan Walnut and Oat Brownies (Vegan, Gluten-Free, Grain-Free, Flourless, Dairy-Free, No Refined Sugar)](https://spoonacular.com/recipes/gluten-free-vegan-walnut-and-oat-brownies-vegan-gluten-free-grain-free-flourless-dairy-free-no-refined-sugar-617963) y [Baked Chipotle Sweet Potato and Zucchini Fritters (vegan, gluten-free) with Homemade Spicy Honey Mustard (gluten-free with vegan option)](https://spoonacular.com/recipes/baked-chipotle-sweet-potato-and-zucchini-fritters-vegan-gluten-free-with-homemade-spicy-honey-mustard-gluten-free-with-vegan-option-520625).	Salsa de Rebozuelos Vegana sin Gluten [Baja en Grasa]
166	EN	48135	Gluten-Free Vegan Chanterelle Gravy [Low-Fat] might be just the sauce you are searching for. This recipe serves 3. One serving contains <b>119 calories</b>, <b>4g of protein</b>, and <b>3g of fat</b>. For <b>$3.35 per serving</b>, this recipe <b>covers 9%</b> of your daily requirements of vitamins and minerals. This recipe is liked by 1 foodies and cooks. It is brought to you by nutriplanet.org. From preparation to the plate, this recipe takes roughly <b>30 minutes</b>. It is a good option if you're following a <b>gluten free, lacto ovo vegetarian, and primal</b> diet. Overall, this recipe earns a <b>very bad (but still fixable) spoonacular score of 0%</b>. If you like this recipe, take a look at these similar recipes: <a href="https://spoonacular.com/recipes/vegan-gluten-free-gravy-944446">Vegan & Gluten-Free Gravy</a>, <a href="https://spoonacular.com/recipes/gluten-free-vegan-walnut-and-oat-brownies-vegan-gluten-free-grain-free-flourless-dairy-free-no-refined-sugar-617963">Gluten-Free Vegan Walnut and Oat Brownies (Vegan, Gluten-Free, Grain-Free, Flourless, Dairy-Free, No Refined Sugar)</a>, and <a href="https://spoonacular.com/recipes/baked-chipotle-sweet-potato-and-zucchini-fritters-vegan-gluten-free-with-homemade-spicy-honey-mustard-gluten-free-with-vegan-option-520625">Baked Chipotle Sweet Potato and Zucchini Fritters (vegan, gluten-free) with Homemade Spicy Honey Mustard (gluten-free with vegan option)</a>.	Gluten-Free Vegan Chanterelle Gravy [Low-Fat]
167	ES	48136	¿Necesitas un plato principal sin gluten y sin lácteos? El solomillo de ternera con chutney de pera y arándanos podría ser una receta espectacular para probar. Esta receta sirve para 4 personas. Por <b>$3.9 por porción</b>, esta receta cubre el <b>15%</b> de tus necesidades diarias de vitaminas y minerales. Una porción de este plato contiene aproximadamente <b>26g de proteínas</b>, <b>7g de grasa</b> y un total de <b>262 calorías</b>. Ve a la tienda y compra solomillos de ternera, azúcar moreno, ajo y algunas otras cosas para hacerlo hoy. 1 persona se alegró de haber probado esta receta. Esta receta te la trae Betty Crocker. Desde la preparación hasta el plato, esta receta lleva aproximadamente <b>40 minutos</b>. Con una puntuación de spoonacular del <b>65%</b>, este plato es sólido. Recetas similares incluyen <a href="https://spoonacular.com/recipes/beef-tenderloin-with-pear-cranberry-chutney-161856">Solomillo de Ternera con Chutney de Pera y Arándanos</a>, <a href="https://spoonacular.com/recipes/pork-tenderloin-with-cranberry-pear-chutney-402493">Solomillo de Cerdo con Chutney de Arándanos y Peras</a>, y <a href="https://spoonacular.com/recipes/spiked-pork-tenderloin-with-sunny-pear-chutney-123849">Solomillo de Cerdo con Chutney de Peras Picante</a>.	Solomillo de ternera con Chutney de Pera y Arándanos
168	EN	48136	Need a <b>gluten free and dairy free main course</b>? Beef Tenderloin with Pear-Cranberry Chutney could be a spectacular recipe to try. This recipe serves 4. For <b>$3.9 per serving</b>, this recipe <b>covers 15%</b> of your daily requirements of vitamins and minerals. One portion of this dish contains about <b>26g of protein</b>, <b>7g of fat</b>, and a total of <b>262 calories</b>. Head to the store and pick up beef tenderloin steaks, brown sugar, garlic, and a few other things to make it today. 1 person were glad they tried this recipe. It is brought to you by Betty Crocker. From preparation to the plate, this recipe takes around <b>40 minutes</b>. With a spoonacular <b>score of 65%</b>, this dish is solid. Similar recipes include <a href="https://spoonacular.com/recipes/beef-tenderloin-with-pear-cranberry-chutney-161856">Beef Tenderloin with Pear-Cranberry Chutney</a>, <a href="https://spoonacular.com/recipes/pork-tenderloin-with-cranberry-pear-chutney-402493">Pork Tenderloin with Cranberry-Pear Chutney</a>, and <a href="https://spoonacular.com/recipes/spiked-pork-tenderloin-with-sunny-pear-chutney-123849">Spiked Pork Tenderloin with Sunny Pear Chutney</a>.	Beef Tenderloin with Pear-Cranberry Chutney
169	ES	48139	Nunca se tienen demasiadas recetas de plato principal, así que prueba los pinchos de cordero especiados. Esta receta sirve para 4 personas. Una porción de este plato contiene aproximadamente <b>21g de proteína</b>, <b>4g de grasa</b> y un total de <b>133 calorías</b>. Por <b>$1.7 por porción</b>, esta receta <b>cubre el 11%</b> de tus requerimientos diarios de vitaminas y minerales. No muchas personas hicieron esta receta y 1 diría que fue un acierto. Una mezcla de pierna de cordero, yogur griego, pimentón y un puñado de otros ingredientes son todo lo que se necesita para hacer esta receta tan deliciosa. Desde la preparación hasta el plato, esta receta tarda aproximadamente <b>1 hora y 20 minutos</b>. Te la trae My Recipes. Es una buena opción si sigues una dieta <b>libre de gluten y primal</b>. Con una puntuación de spoonacular del <b>53%</b>, este plato es bueno. Prueba <a href="https://spoonacular.com/recipes/spiced-lamb-kebabs-98143">Pinchos de Cordero Especiados</a>, <a href="https://spoonacular.com/recipes/moroccan-spiced-lamb-kebabs-97538">Pinchos de Cordero Especiados Marroquíes</a> y <a href="https://spoonacular.com/recipes/spiced-lamb-kebabs-with-pea-herb-couscous-1086399">Pinchos de cordero especiados con cuscús de guisantes y hierbas</a> para recetas similares.	Pinchos de Cordero Especiados
171	ES	48143	La ensalada tibia de pollo, tocino y huevo con aderezo de mayonesa es una receta sin gluten y cetogénica con 2 porciones. Por $3.82 por porción, esta receta cubre el 38% de tus requerimientos diarios de vitaminas y minerales. Una porción contiene 706 calorías, 44g de proteína y 52g de grasa. 4 personas estuvieron contentas de probar esta receta. Solo a algunas personas realmente les gustó este plato principal. Si tienes sal, pimienta molida, lechuga iceberg rasgada, huevos y algunos otros ingredientes a mano, puedes hacerlo. Desde la preparación hasta el plato, esta receta lleva alrededor de 45 minutos. Te la trae Allrecipes. Con una puntuación de 80% en spoonacular, este plato es bastante bueno. Recetas similares incluyen Ensalada de pollo y espinacas con aderezo tibio de tocino, Ensalada de pollo y espinacas con aderezo tibio de tocino y Pechuga de pollo balsámica sobre ensalada de espinacas con champiñones, tocino y aderezo tibio de chalota.	Ensalada tibia de pollo, tocino y huevo con aderezo de mayonesa
172	EN	48143	Warm Chicken, Bacon, and Egg Salad with Mayonnaise Dressing is a <b>gluten free and ketogenic</b> recipe with 2 servings. For <b>$3.82 per serving</b>, this recipe <b>covers 38%</b> of your daily requirements of vitamins and minerals. One serving contains <b>706 calories</b>, <b>44g of protein</b>, and <b>52g of fat</b>. 4 people were glad they tried this recipe. Only a few people really liked this main course. If you have salt and ground pepper, torn iceberg lettuce, eggs, and a few other ingredients on hand, you can make it. From preparation to the plate, this recipe takes around <b>45 minutes</b>. It is brought to you by Allrecipes. With a spoonacular <b>score of 80%</b>, this dish is pretty good. Similar recipes include <a href="https://spoonacular.com/recipes/chicken-spinach-salad-with-warm-bacon-dressing-275248">Chicken-Spinach Salad with Warm Bacon Dressing</a>, <a href="https://spoonacular.com/recipes/chicken-spinach-salad-with-warm-bacon-dressing-19919">Chicken-Spinach Salad with Warm Bacon Dressing</a>, and <a href="https://spoonacular.com/recipes/balsamic-chicken-cutlet-over-spinach-salad-with-mushrooms-bacon-and-warm-shallot-dressing-301522">Balsamic Chicken Cutlet over Spinach Salad with Mushrooms, Bacon and Warm Shallot Dressing</a>.	Warm Chicken, Bacon, and Egg Salad with Mayonnaise Dressing
173	ES	48146	Las galletas de remolino de chocolate y mantequilla de maní sin harina es un postre que sirve para 24 personas. Una porción de este plato contiene aproximadamente <b>3g de proteína</b>, <b>6g de grasa</b> y un total de <b>96 calorías</b>. Por <b>45 centavos por porción</b>, esta receta cubre el <b>3%</b> de tus requerimientos diarios de vitaminas y minerales. Si tienes bicarbonato de sodio, bolsa para hornear, mantequilla de maní cremosa y algunos otros ingredientes a mano, puedes hacerlo. Es presentado por The Gunny Sack. 1 persona encontró esta receta deliciosa y satisfactoria. Es una buena opción si sigues una dieta <b>sin gluten, sin lácteos y amigable con el fodmap</b>. Desde la preparación hasta el plato, esta receta lleva aproximadamente <b>21 minutos</b>. Considerando todo, decidimos que esta receta <b>merece una puntuación spoonacular del 19%</b>. Esta puntuación no es tan sorprendente. <a href="https://spoonacular.com/recipes/flourless-chocolate-peanut-butter-swirl-cookies-920697">Galletas de remolino de chocolate y mantequilla de maní sin harina</a>, <a href="https://spoonacular.com/recipes/flourless-brownie-peanut-butter-swirl-cookies-608391">Galletas de remolino de brownie y mantequilla de maní sin harina</a> y <a href="https://spoonacular.com/recipes/flourless-peanut-butter-chocolate-cookies-623436">Galletas de mantequilla de maní y chocolate sin harina</a> son muy similares a esta receta.	Galletas de remolino de chocolate y mantequilla de maní sin harina
174	EN	48146	Flourless Chocolate Peanut Butter Swirl Cookies is a dessert that serves 24. One portion of this dish contains approximately <b>3g of protein</b>, <b>6g of fat</b>, and a total of <b>96 calories</b>. For <b>45 cents per serving</b>, this recipe <b>covers 3%</b> of your daily requirements of vitamins and minerals. If you have baking soda, baker's bag, creamy peanut butter, and a few other ingredients on hand, you can make it. It is brought to you by The Gunny Sack. 1 person found this recipe to be delicious and satisfying. It is a good option if you're following a <b>gluten free, dairy free, and fodmap friendly</b> diet. From preparation to the plate, this recipe takes roughly <b>21 minutes</b>. All things considered, we decided this recipe <b>deserves a spoonacular score of 19%</b>. This score is not so amazing. <a href="https://spoonacular.com/recipes/flourless-chocolate-peanut-butter-swirl-cookies-920697">Flourless Chocolate Peanut Butter Swirl Cookies</a>, <a href="https://spoonacular.com/recipes/flourless-brownie-peanut-butter-swirl-cookies-608391">Flourless Brownie Peanut Butter Swirl Cookies</a>, and <a href="https://spoonacular.com/recipes/flourless-peanut-butter-chocolate-cookies-623436">Flourless Peanut Butter Chocolate Cookies</a> are very similar to this recipe.	Flourless Chocolate Peanut Butter Swirl Cookies
177	ES	48153	La ensalada de espaguetis con aderezo cremoso de parmesano tarda aproximadamente <b>30 minutos</b> de principio a fin. Esta receta sirve 8 porciones. Este plato principal tiene <b>455 calorías</b>, <b>12g de proteína</b> y <b>28g de grasa</b> por porción. Por <b>$1.1 por porción</b>, esta receta <b>cubre el 11%</b> de tus necesidades diarias de vitaminas y minerales. Una mezcla de sal gruesa y pimienta, tomates ciruela, condimentos y un puñado de otros ingredientes son todo lo que se necesita para hacer esta receta tan sabrosa. 1 persona ha probado y le ha gustado esta receta. Te la trae Cinnamon Spice and Everything Nice. Teniendo en cuenta todos los factores, esta receta <b>obtiene una puntuación spoonacular del 69%</b>, lo cual es bueno. <a href="https://spoonacular.com/recipes/the-old-spaghetti-factory-creamy-pesto-dressing-fresh-tasting-salad-dressing-is-hard-to-be-beat-599162">El aderezo cremoso de pesto de The Old Spaghetti Factory: un aderezo de ensalada de sabor fresco difícil de superar</a>, <a href="https://spoonacular.com/recipes/the-old-spaghetti-factorys-creamy-pesto-salad-dressing-543758">El aderezo cremoso de pesto de The Old Spaghetti Factory</a> y <a href="https://spoonacular.com/recipes/chicken-salad-with-creamy-pepper-parmesan-dressing-79509">Ensalada de pollo con aderezo cremoso de pimienta y parmesano</a> son muy similares a esta receta.	Ensalada de espaguetis con aderezo cremoso de parmesano
178	EN	48153	Spaghetti Salad with Creamy Parmesan Dressing takes about <b>30 minutes</b> from beginning to end. This recipe serves 8. This main course has <b>455 calories</b>, <b>12g of protein</b>, and <b>28g of fat</b> per serving. For <b>$1.1 per serving</b>, this recipe <b>covers 11%</b> of your daily requirements of vitamins and minerals. A mixture of coarse salt and pepper, plum tomatoes, seasoning, and a handful of other ingredients are all it takes to make this recipe so tasty. 1 person has tried and liked this recipe. It is brought to you by Cinnamon Spice and Everything Nice. Taking all factors into account, this recipe <b>earns a spoonacular score of 69%</b>, which is good. <a href="https://spoonacular.com/recipes/the-old-spaghetti-factory-creamy-pesto-dressing-fresh-tasting-salad-dressing-is-hard-to-be-beat-599162">The Old Spaghetti Factory Creamy Pesto Dressing – fresh tasting salad dressing is hard to be beat</a>, <a href="https://spoonacular.com/recipes/the-old-spaghetti-factorys-creamy-pesto-salad-dressing-543758">The Old Spaghetti Factory’s Creamy Pesto Salad Dressing</a>, and <a href="https://spoonacular.com/recipes/chicken-salad-with-creamy-pepper-parmesan-dressing-79509">Chicken Salad With Creamy Pepper Parmesan Dressing</a> are very similar to this recipe.	Spaghetti Salad with Creamy Parmesan Dressing
179	ES	48155	El sorbete de mango y lima podría ser la receta sin gluten, sin lácteos, paleolítica y lacto-ovo vegetariana que has estado buscando. Por $3.92 por porción, esta receta cubre el 21% de tus requerimientos diarios de vitaminas y minerales. Una porción de este plato contiene alrededor de 4g de proteína, 2g de grasa y un total de 305 calorías. Esta receta sirve para 1 persona. Desde la preparación hasta el plato, esta receta toma aproximadamente 20 minutos. Ve a la tienda y compra mangos, jugo de lima, ralladura de lima y algunas otras cosas para hacerlo hoy. No muchas personas han hecho esta receta y 1 diría que es perfecta. Es presentada por Ai Made it For You. Teniendo en cuenta todos los factores, esta receta obtiene una puntuación spoonacular del 52%, lo cual es sólido. Recetas similares incluyen Sorbete de Mango-Lima, Sorbete de Mango y Lima, y Sorbete de Mango y Lima.	Mango Lime Sorbet
180	EN	48155	Mango Lime Sorbet could be just the <b>gluten free, dairy free, paleolithic, and lacto ovo vegetarian</b> recipe you've been looking for. For <b>$3.92 per serving</b>, this recipe <b>covers 21%</b> of your daily requirements of vitamins and minerals. One portion of this dish contains around <b>4g of protein</b>, <b>2g of fat</b>, and a total of <b>305 calories</b>. This recipe serves 1. From preparation to the plate, this recipe takes roughly <b>20 minutes</b>. Head to the store and pick up mangoes, juice of lime, lime zest, and a few other things to make it today. Not a lot of people made this recipe, and 1 would say it hit the spot. It is brought to you by Ai Made it For You. Taking all factors into account, this recipe <b>earns a spoonacular score of 52%</b>, which is solid. Similar recipes include <a href="https://spoonacular.com/recipes/mango-lime-sorbet-758644">Mango-Lime Sorbet</a>, <a href="https://spoonacular.com/recipes/mango-and-lime-sorbet-148841">Mango and Lime Sorbet</a>, and <a href="https://spoonacular.com/recipes/mango-lime-sorbet-58809">Mango Lime Sorbet</a>.	Mango Lime Sorbet
181	ES	48158	La sopa de salchicha de pollo y batata con puntos de tostadas de mantequilla de hierbas podría ser el plato principal que estás buscando. Una porción de este plato contiene alrededor de <b>41g de proteína</b>, <b>42g de grasa</b> y un total de <b>952 calorías</b>. Esta receta sirve 2. Por <b>$4.18 por porción</b>, esta receta <b>cubre el 44%</b> de tus requerimientos diarios de vitaminas y minerales. Esta receta del usuario de spoonacular <a href="/profile/mxmurray">mxmurray</a> requiere aceite de oliva, cebolla picada, queso parmesano y mezcla de salchicha de pollo. El <b>otoño</b> será aún más especial con esta receta. Desde la preparación hasta el plato, esta receta toma alrededor de <b>35 minutos</b>. Recetas similares son <a href="https://spoonacular.com/recipes/roasted-sweet-potato-soup-3-points-548671">Sopa de batata asada - 3 puntos</a>, <a href="https://spoonacular.com/recipes/roasted-sweet-potato-soup-3-points-1292577">Sopa de batata asada - 3 puntos</a> y <a href="https://spoonacular.com/recipes/kale-and-roasted-sweet-potato-soup-with-chicken-sausage-1434113">Sopa de kale y batata asada con salchicha de pollo</a>.	Sopa de salchicha de pollo y batata con puntos de tostadas de mantequilla de hierbas
182	EN	48158	Chicken Sausage & Sweet Potato Soup with Herb Butter Toast Points might be just the main course you are searching for. One portion of this dish contains around <b>41g of protein</b>, <b>42g of fat</b>, and a total of <b>952 calories</b>. This recipe serves 2. For <b>$4.18 per serving</b>, this recipe <b>covers 44%</b> of your daily requirements of vitamins and minerals. This recipe from spoonacular user <a href="/profile/mxmurray">mxmurray</a> requires olive oil, unit onion, parmesan cheese, and chicken sausage mix. <b>Autumn</b> will be even more special with this recipe. From preparation to the plate, this recipe takes about <b>35 minutes</b>. Similar recipes are <a href="https://spoonacular.com/recipes/roasted-sweet-potato-soup-3-points-548671">Roasted Sweet Potato Soup – 3 Points</a>, <a href="https://spoonacular.com/recipes/roasted-sweet-potato-soup-3-points-1292577">Roasted Sweet Potato Soup – 3 Points</a>, and <a href="https://spoonacular.com/recipes/kale-and-roasted-sweet-potato-soup-with-chicken-sausage-1434113">Kale and Roasted Sweet Potato Soup with Chicken Sausage</a>.	Chicken Sausage & Sweet Potato Soup with Herb Butter Toast Points
183	ES	48161	¿Necesitas un acompañamiento sin gluten y vegetariano? El puré de patata de Hokkaido podría ser una gran receta para probar. Por $1.41 por ración, esta receta cubre el 28% de tus requerimientos diarios de vitaminas y minerales. Una ración contiene 409 calorías, 13g de proteína y 17g de grasa. Esta receta sirve para 2 personas. 1 persona quedó impresionada por esta receta. Te lo trae I am a Food Blog. Es perfecto para Acción de Gracias. Una mezcla de mantequilla, sal y pimienta, verduras y un puñado de otros ingredientes es todo lo que se necesita para que esta receta tenga tanto sabor. Desde la preparación hasta el plato, esta receta tarda aproximadamente 30 minutos. Teniendo en cuenta todos los factores, esta receta obtiene una puntuación spoonacular del 72%, lo cual es sólido. Prueba Hokkaido Milk Loaf (hokkaido Soft Bread), Hokkaido Pomegranate Risotto y Hokkaido Squash And Celeriac Tart para recetas similares.	Puré de patata de Hokkaido
184	EN	48161	Need a <b>gluten free and vegetarian side dish</b>? Hokkaido Mashed Potato could be a great recipe to try. For <b>$1.41 per serving</b>, this recipe <b>covers 28%</b> of your daily requirements of vitamins and minerals. One serving contains <b>409 calories</b>, <b>13g of protein</b>, and <b>17g of fat</b>. This recipe serves 2. 1 person were impressed by this recipe. It is brought to you by I am a Food Blog. It is perfect for <b>Thanksgiving</b>. A mixture of butter, salt and pepper, greens, and a handful of other ingredients are all it takes to make this recipe so flavorful. From preparation to the plate, this recipe takes approximately <b>30 minutes</b>. Taking all factors into account, this recipe <b>earns a spoonacular score of 72%</b>, which is solid. Try <a href="https://spoonacular.com/recipes/hokkaido-milk-loaf-hokkaido-soft-bread-78923">Hokkaido Milk Loaf (hokkaido Soft Bread)</a>, <a href="https://spoonacular.com/recipes/hokkaido-pomegranate-risotto-646817">Hokkaido Pomegranate Risotto</a>, and <a href="https://spoonacular.com/recipes/hokkaido-squash-and-celeriac-tart-12039">Hokkaido Squash And Celeriac Tart</a> for similar recipes.	Hokkaido Mashed Potato
185	ES	48164	Si tienes aproximadamente <b>unos 45 minutos</b> para pasar en la cocina, el Pan de Muffin Inglés Tostado podría ser una receta super <b>libre de lácteos, vegetariana lacto-ovo y vegana</b> para probar. Una porción contiene <b>2619 calorías</b>, <b>87g de proteína</b> y <b>12g de grasa</b>. Esta receta sirve para 4 personas. Por <b>36 centavos por porción</b>, esta receta <b>cubre el 39%</b> de tus requerimientos diarios de vitaminas y minerales. Te lo trae Barbara Bakes. 1 persona se alegró de haber probado esta receta. Si tienes levadura, sal kosher, azúcar y algunos otros ingredientes a mano, puedes hacerla. Considerando todo, decidimos que esta receta <b>merece una puntuación spoonacular de 0%</b>. Esta puntuación es muy mala (pero aún se puede arreglar). Si te gusta esta receta, es posible que también te gusten recetas como <a href="https://spoonacular.com/recipes/english-muffin-bread-579621">Pan de Muffin Inglés</a>, <a href="https://spoonacular.com/recipes/english-muffin-bread-1454669">Pan de Muffin Inglés</a> y <a href="https://spoonacular.com/recipes/english-muffin-bread-507551">Pan de Muffin Inglés</a>.	Pan de Muffin Inglés Tostado
186	EN	48164	If you have roughly <b>roughly 45 minutes</b> to spend in the kitchen, Toasted English Muffin Bread might be a super <b>dairy free, lacto ovo vegetarian, and vegan</b> recipe to try. One serving contains <b>2619 calories</b>, <b>87g of protein</b>, and <b>12g of fat</b>. This recipe serves 4. For <b>36 cents per serving</b>, this recipe <b>covers 39%</b> of your daily requirements of vitamins and minerals. It is brought to you by Barbara Bakes. 1 person were glad they tried this recipe. If you have yeast or, kosher salt, sugar, and a few other ingredients on hand, you can make it. All things considered, we decided this recipe <b>deserves a spoonacular score of 0%</b>. This score is very bad (but still fixable). If you like this recipe, you might also like recipes such as <a href="https://spoonacular.com/recipes/english-muffin-bread-579621">English Muffin Bread</a>, <a href="https://spoonacular.com/recipes/english-muffin-bread-1454669">English Muffin Bread</a>, and <a href="https://spoonacular.com/recipes/english-muffin-bread-507551">English Muffin Bread</a>.	Toasted English Muffin Bread
187	ES	48167	¿Necesitas un plato principal sin gluten, sin lácteos, paleolítico y primal? Halibut con Charmoula podría ser una receta excepcional para probar. Esta receta hace 4 porciones con 202 calorías, 33g de proteína y 6g de grasa cada una. Por $6.86 por porción, esta receta cubre el 28% de tus requerimientos diarios de vitaminas y minerales. Una mezcla de comino molido, dientes de ajo, hojas de cilantro y un puñado de otros ingredientes es todo lo que se necesita para hacer esta receta tan sabrosa. Nos la trae My Recipes. Desde la preparación hasta el plato, esta receta tarda aproximadamente 45 minutos. 1 persona ha hecho esta receta y la haría de nuevo. En general, esta receta obtiene una increíble puntuación de spoonacular del 88%. A los usuarios que les gustó esta receta también les gustó Halibut with Charmoula, Lemony Halibut Skewers with Charmoula y Charmoula.	Halibut con Charmoula
188	EN	48167	Need a <b>gluten free, dairy free, paleolithic, and primal main course</b>? Halibut with Charmoula could be an outstanding recipe to try. This recipe makes 4 servings with <b>202 calories</b>, <b>33g of protein</b>, and <b>6g of fat</b> each. For <b>$6.86 per serving</b>, this recipe <b>covers 28%</b> of your daily requirements of vitamins and minerals. A mixture of ground cumin, garlic cloves, cilantro leaves, and a handful of other ingredients are all it takes to make this recipe so flavorful. It is brought to you by My Recipes. From preparation to the plate, this recipe takes about <b>45 minutes</b>. 1 person has made this recipe and would make it again. Overall, this recipe earns an <b>amazing spoonacular score of 88%</b>. Users who liked this recipe also liked <a href="https://spoonacular.com/recipes/halibut-with-charmoula-1244451">Halibut with Charmoula</a>, <a href="https://spoonacular.com/recipes/lemony-halibut-skewers-with-charmoula-3598">Lemony Halibut Skewers with Charmoula</a>, and <a href="https://spoonacular.com/recipes/charmoula-40455">Charmoula</a>.	Halibut with Charmoula
189	ES	48170	Los CARAMELOS DE SIDRA DE MANZANA SUAVES Y MASTICABLES podrían ser una buena receta para ampliar tu colección de recetas de bebidas. ¿Cuidando tu figura? Esta receta sin gluten y vegetariana tiene 72 calorías, 0g de proteína y 3g de grasa por porción. Esta receta sirve para 120 personas. Por 10 centavos por porción, esta receta cubre el 0% de tus requerimientos diarios de vitaminas y minerales. 94 personas han hecho esta receta y la volverían a hacer. Ve a la tienda y compra especia de clavo de olor, azúcar granulada Dixie Crystals, mantequilla y algunas otras cosas para hacerla hoy. Desde la preparación hasta el plato, esta receta tarda aproximadamente 2 horas y 45 minutos. Te la trae Serena Bakes Simple from Scratch. Teniendo en cuenta todos los factores, esta receta obtiene una puntuación spoonacular del 7%, que es mejorable. Recetas similares son Soft Apple-Cider Caramels, Apple Cider Caramels y Apple Cider Caramels.	CARAMELOS DE SIDRA DE MANZANA SUAVES Y MASTICABLES
190	EN	48170	SOFT AND CHEWY APPLE CIDER CARAMELS might be a good recipe to expand your beverage recipe box. Watching your figure? This gluten free and vegetarian recipe has <b>72 calories</b>, <b>0g of protein</b>, and <b>3g of fat</b> per serving. This recipe serves 120. For <b>10 cents per serving</b>, this recipe <b>covers 0%</b> of your daily requirements of vitamins and minerals. 94 people have made this recipe and would make it again. Head to the store and pick up allspice, dixie crystals granulated sugar, butter, and a few other things to make it today. From preparation to the plate, this recipe takes roughly <b>2 hours and 45 minutes</b>. It is brought to you by Serena Bakes Simple from Scratch. Taking all factors into account, this recipe <b>earns a spoonacular score of 7%</b>, which is improvable. Similar recipes are <a href="https://spoonacular.com/recipes/soft-apple-cider-caramels-197221">Soft Apple-Cider Caramels</a>, <a href="https://spoonacular.com/recipes/apple-cider-caramels-593904">Apple Cider Caramels</a>, and <a href="https://spoonacular.com/recipes/apple-cider-caramels-48103">Apple Cider Caramels</a>.	SOFT AND CHEWY APPLE CIDER CARAMELS
191	ES	48172	Los Muffins de plátano y chocolate con streusel podrían ser justo el desayuno que estás buscando. Esta receta sirve para 8 personas. Una porción contiene 168 calorías, 3g de proteína y 8g de grasa. Por 28 centavos por porción, esta receta cubre el 4% de tus requerimientos diarios de vitaminas y minerales. Varias personas han hecho esta receta y 727 dirían que es perfecta. Esta receta de Baked by Rachel requiere harina de todo uso, yema de huevo, leche y spreads de Hershey's. Desde la preparación hasta el plato, esta receta toma aproximadamente 35 minutos. Teniendo en cuenta todos los factores, esta receta obtiene una puntuación de spoonacular del 28%, lo cual es bastante malo. Recetas similares son Muffins de plátano y chocolate con streusel, Muffins de plátano y chocolate con streusel y Muffins de plátano y chocolate marmolados con streusel de galleta de chocolate Graham.	Muffins de plátano y chocolate con streusel
192	EN	48172	Chocolate Banana Streusel Muffins might be just the breakfast you are searching for. This recipe serves 8. One serving contains <b>168 calories</b>, <b>3g of protein</b>, and <b>8g of fat</b>. For <b>28 cents per serving</b>, this recipe <b>covers 4%</b> of your daily requirements of vitamins and minerals. Several people made this recipe, and 727 would say it hit the spot. This recipe from Baked by Rachel requires all purpose flour, egg yolk, milk, and hershey's spreads. From preparation to the plate, this recipe takes approximately <b>35 minutes</b>. Taking all factors into account, this recipe <b>earns a spoonacular score of 28%</b>, which is rather bad. Similar recipes are <a href="https://spoonacular.com/recipes/chocolate-banana-streusel-muffins-578882">Chocolate Banana Streusel Muffins</a>, <a href="https://spoonacular.com/recipes/chocolate-banana-streusel-muffins-606966">Chocolate Banana Streusel Muffins</a>, and <a href="https://spoonacular.com/recipes/marbled-chocolate-banana-muffins-with-chocolate-graham-cracker-streusel-483970">Marbled Chocolate Banana Muffins with Chocolate Graham Cracker Streusel</a>.	Chocolate Banana Streusel Muffins
193	ES	48173	La ensalada de pasta con tomate seco al sol es un plato principal que sirve para 8 personas. Por <b>$2.12 por porción</b>, esta receta <b>cubre el 17%</b> de tus requerimientos diarios de vitaminas y minerales. Una porción de este plato contiene aproximadamente <b>24g de proteína</b>, <b>27g de grasa</b> y un total de <b>488 calorías</b>. Esta receta del blog Cook Like a Champion tiene 184 seguidores. Ve a la tienda y compra chalota, pimienta, parmesano y algunas otras cosas para hacerla hoy. Desde la preparación hasta el plato, esta receta tarda aproximadamente <b>45 minutos</b>. Con una puntuación de spoonacular de <b>78%</b>, este plato es sólido. Recetas similares incluyen <a href="https://spoonacular.com/recipes/sun-dried-tomato-pasta-salad-756864">Ensalada de pasta con tomate seco al sol</a>, <a href="https://spoonacular.com/recipes/sun-dried-tomato-pasta-salad-1244653">Ensalada de pasta con tomate seco al sol</a> y <a href="https://spoonacular.com/recipes/pasta-sun-dried-tomato-salad-443469">Ensalada de pasta y tomate seco al sol</a>.	Ensalada de pasta con tomate seco al sol
194	EN	48173	Sun-Dried Tomato Pasta Salad is a main course that serves 8. For <b>$2.12 per serving</b>, this recipe <b>covers 17%</b> of your daily requirements of vitamins and minerals. One portion of this dish contains about <b>24g of protein</b>, <b>27g of fat</b>, and a total of <b>488 calories</b>. This recipe from Cook Like a Champion Blog has 184 fans. Head to the store and pick up shallot, pepper, parmesan, and a few other things to make it today. From preparation to the plate, this recipe takes roughly <b>45 minutes</b>. With a spoonacular <b>score of 78%</b>, this dish is solid. Similar recipes include <a href="https://spoonacular.com/recipes/sun-dried-tomato-pasta-salad-756864">Sun-Dried Tomato Pasta Salad</a>, <a href="https://spoonacular.com/recipes/sun-dried-tomato-pasta-salad-1244653">Sun-Dried Tomato Pasta Salad</a>, and <a href="https://spoonacular.com/recipes/pasta-sun-dried-tomato-salad-443469">Pasta & Sun-Dried Tomato Salad</a>.	Sun-Dried Tomato Pasta Salad
195	ES	48176	Nunca puedes tener demasiadas recetas de acompañamientos, así que prueba Reciente. Por <b>79 centavos por porción</b>, esta receta <b>cubre el 3%</b> de tus requerimientos diarios de vitaminas y minerales. ¿Cuidando tu figura? Esta receta sin gluten y primitiva tiene <b>165 calorías</b>, <b>3g de proteína</b> y <b>16g de grasa</b> por porción. Esta receta sirve para 12 personas. 3 personas quedaron impresionadas con esta receta. Si tienes champiñones enoki, tocino, un cuarto de barra de mantequilla y algunos otros ingredientes a mano, puedes hacerla. Es presentada por Magic Skillet. Desde la preparación hasta el plato, esta receta toma aproximadamente <b>15 minutos</b>. Tomando todos los factores en cuenta, esta receta <b>obtiene una puntuación de spoonacular de 79%</b>, lo cual es bastante bueno. Recetas similares incluyen .	Reciente
196	EN	48176	You can never have too many side dish recipes, so give Recent a try. For <b>79 cents per serving</b>, this recipe <b>covers 3%</b> of your daily requirements of vitamins and minerals. Watching your figure? This gluten free and primal recipe has <b>165 calories</b>, <b>3g of protein</b>, and <b>16g of fat</b> per serving. This recipe serves 12. 3 people were impressed by this recipe. If you have enoki mushrooms, bacon, a quarter stick of butter, and a few other ingredients on hand, you can make it. It is brought to you by Magic Skillet. From preparation to the plate, this recipe takes around <b>15 minutes</b>. Taking all factors into account, this recipe <b>earns a spoonacular score of 79%</b>, which is pretty good. Similar recipes include .	Recent
197	ES	48181	La barrita de granola tarda aproximadamente <b>50 minutos</b> desde el principio hasta el final. Por <b>39 centavos por porción</b>, esta receta <b>cubre el 4%</b> de tus requerimientos diarios de vitaminas y minerales. Esta receta sirve para 32 personas. Una porción de este plato contiene aproximadamente <b>2g de proteína</b>, <b>6g de grasa</b> y un total de <b>136 calorías</b>. Funciona bien como desayuno. Ve a la tienda y compra mantequilla, copos de salvado, esencia de vainilla y algunas otras cosas para hacerla hoy. Es presentada por el usuario de spoonacular <a href="/profile/activenetworkuser6949">activenetworkuser6949</a>. Prueba <a href="https://spoonacular.com/recipes/granola-bar-ii-1230107">Granola Bar II</a>, <a href="https://spoonacular.com/recipes/granola-bar-ii-593997">Granola Bar II</a> y <a href="https://spoonacular.com/recipes/granola-bar-cupcakes-63685">Granola Bar Cupcakes</a> para recetas similares.	Barrita de granola
198	EN	48181	Granola bar takes about <b>50 minutes</b> from beginning to end. For <b>39 cents per serving</b>, this recipe <b>covers 4%</b> of your daily requirements of vitamins and minerals. This recipe serves 32. One portion of this dish contains approximately <b>2g of protein</b>, <b>6g of fat</b>, and a total of <b>136 calories</b>. It works well as a breakfast. Head to the store and pick up butter, bran flakes, vanillan essence, and a few other things to make it today. It is brought to you by spoonacular user <a href="/profile/activenetworkuser6949">activenetworkuser6949</a>. Try <a href="https://spoonacular.com/recipes/granola-bar-ii-1230107">Granola Bar II</a>, <a href="https://spoonacular.com/recipes/granola-bar-ii-593997">Granola Bar II</a>, and <a href="https://spoonacular.com/recipes/granola-bar-cupcakes-63685">Granola Bar Cupcakes</a> for similar recipes.	Granola bar
199	ES	48184	La receta de Crock-Pot Spaghetti And “Eyeballs” se puede hacer en aproximadamente 20 minutos. Una porción contiene 610 calorías, 66g de proteína y 10g de grasa. Esta receta sin lácteos sirve para 6 personas y cuesta $4.14 por porción. 1 persona se alegró de haber probado esta receta. Funciona bien como plato principal. Una mezcla de pavo molido, pasta de espagueti, salsa equivalente y un puñado de otros ingredientes son todo lo que se necesita para hacer esta receta tan sabrosa. Es presentada por Crock Pot Ladies. Considerando todo, decidimos que esta receta merece una puntuación spoonacular del 73%. Esta puntuación es bastante buena. A los usuarios que les gustó esta receta también les gustaron Spaghetti and 'Eyeballs, Crock-Pot Spaghetti y Crock Pot Spaghetti.	Crock-Pot Spaghetti And “Eyeballs”
200	EN	48184	The recipe Crock-Pot Spaghetti And “Eyeballs” can be made <b>in roughly 20 minutes</b>. One serving contains <b>610 calories</b>, <b>66g of protein</b>, and <b>10g of fat</b>. This dairy free recipe serves 6 and costs <b>$4.14 per serving</b>. 1 person were glad they tried this recipe. It works well as a main course. A mixture of ground turkey, spaghetti pasta, equivalent of sauce, and a handful of other ingredients are all it takes to make this recipe so flavorful. It is brought to you by Crock Pot Ladies. All things considered, we decided this recipe <b>deserves a spoonacular score of 73%</b>. This score is pretty good. Users who liked this recipe also liked <a href="https://spoonacular.com/recipes/spaghetti-and-eyeballs-273672">Spaghetti and 'Eyeballs</a>, <a href="https://spoonacular.com/recipes/crock-pot-spaghetti-484363">Crock-Pot Spaghetti</a>, and <a href="https://spoonacular.com/recipes/crock-pot-spaghetti-1079155">Crock Pot Spaghetti</a>.	Crock-Pot Spaghetti And “Eyeballs”
201	ES	48186	La receta de pizza de jamón canadiense y piña podría satisfacer tu antojo mediterráneo en aproximadamente <b>30 minutos</b>. Este plato principal tiene <b>272 calorías</b>, <b>15g de proteína</b> y <b>11g de grasa</b> por porción. Por <b>$1.12 por porción</b>, esta receta <b>cubre el 8%</b> de tus requerimientos diarios de vitaminas y minerales. Esta receta sirve para 8 personas. Esta receta del usuario de spoonacular <a href="/profile/dherm22">dherm22</a> tiene 190 seguidores. Una mezcla de queso cheddar rallado, queso provolone, masa de pizza clásica refrigerada y un puñado de otros ingredientes es todo lo que se necesita para hacer esta receta tan sabrosa. Teniendo en cuenta todos los factores, esta receta <b>obtiene una puntuación de spoonacular del 50%</b>, lo cual es sólido. Recetas similares incluyen <a href="https://spoonacular.com/recipes/grilled-canadian-bacon-and-pineapple-pizza-164578">Pizza a la parrilla de jamón canadiense y piña</a>, <a href="https://spoonacular.com/recipes/canadian-bacon-pineapple-pinwheels-164582">Rollos de jamón canadiense y piña</a> y <a href="https://spoonacular.com/recipes/canadian-bacon-and-pineapple-mini-pizzas-83678">Mini pizzas de jamón canadiense y piña</a>.	Pizza de jamón canadiense y piña
202	EN	48186	The recipe Canadian Bacon and Pineapple Pizza could satisfy your Mediterranean craving in roughly <b>30 minutes</b>. This main course has <b>272 calories</b>, <b>15g of protein</b>, and <b>11g of fat</b> per serving. For <b>$1.12 per serving</b>, this recipe <b>covers 8%</b> of your daily requirements of vitamins and minerals. This recipe serves 8. This recipe from spoonacular user <a href="/profile/dherm22">dherm22</a> has 190 fans. A mixture of shredded cheddar cheese, provolone cheese, refrigerated classic pizza crust, and a handful of other ingredients are all it takes to make this recipe so tasty. Taking all factors into account, this recipe <b>earns a spoonacular score of 50%</b>, which is solid. Similar recipes include <a href="https://spoonacular.com/recipes/grilled-canadian-bacon-and-pineapple-pizza-164578">Grilled Canadian Bacon and Pineapple Pizza</a>, <a href="https://spoonacular.com/recipes/canadian-bacon-pineapple-pinwheels-164582">Canadian Bacon-Pineapple Pinwheels</a>, and <a href="https://spoonacular.com/recipes/canadian-bacon-and-pineapple-mini-pizzas-83678">Canadian Bacon and Pineapple Mini Pizzas</a>.	Canadian Bacon and Pineapple Pizza
203	ES	48189	Los barcos de calabacín con pollo Buffalo son un plato principal sin gluten. Esta receta sirve para 4 personas. Una porción de este plato contiene aproximadamente 18g de proteína, 15g de grasa y un total de 233 calorías. Por $1.52 por porción, esta receta cubre el 17% de tus requerimientos diarios de vitaminas y minerales. Esta receta del usuario de spoonacular lsaewitz requiere queso crema, salsa picante, queso monterey jack y pechugas de pollo sin piel ni hueso. Desde la preparación hasta el plato, esta receta lleva aproximadamente 35 minutos. Si te gusta esta receta, es posible que también te gusten recetas como barcos de calabacín con pollo enchilada, barcos de calabacín con pollo enchilada y barcos de calabacín con pollo enchilada.	Barcos de calabacín con pollo Buffalo
204	EN	48189	Buffalo Chicken Zucchini Boats is a <b>gluten free</b> main course. This recipe serves 4. One portion of this dish contains around <b>18g of protein</b>, <b>15g of fat</b>, and a total of <b>233 calories</b>. For <b>$1.52 per serving</b>, this recipe <b>covers 17%</b> of your daily requirements of vitamins and minerals. This recipe from spoonacular user <a href="/profile/lsaewitz">lsaewitz</a> requires cream cheese, hot sauce, monterey jack cheese, and skinless boneless chicken breasts. From preparation to the plate, this recipe takes approximately <b>35 minutes</b>. If you like this recipe, you might also like recipes such as <a href="https://spoonacular.com/recipes/chicken-enchilada-zucchini-boats-667632">Chicken Enchilada Zucchini Boats</a>, <a href="https://spoonacular.com/recipes/chicken-enchilada-zucchini-boats-1372169">Chicken Enchilada Zucchini Boats</a>, and <a href="https://spoonacular.com/recipes/chicken-enchilada-zucchini-boats-1021237">Chicken Enchilada Zucchini Boats</a>.	Buffalo Chicken Zucchini Boats
205	ES	48192	Los huevos a la sartén con espárragos, panceta y parmesano requieren aproximadamente <b>20 minutos</b> desde el inicio hasta el final. Una porción contiene <b>412 calorías</b>, <b>17g de proteína</b> y <b>36g de grasa</b>. Esta receta sirve para 4 personas. Por <b>$3.34 por porción</b>, esta receta <b>cubre el 22%</b> de tus requerimientos diarios de vitaminas y minerales. 152 personas encontraron esta receta deliciosa y satisfactoria. Ve a la tienda y compra jugo de 1 limón, aceite de oliva, hojas de perejil y algunas otras cosas para hacerla hoy. Es una buena opción si sigues una dieta <b>sin gluten, primal y cetogénica</b>. Funciona bien como un plato principal bastante caro. Te la trae Serious Eats. Considerando todo, decidimos que esta receta <b>merece una puntuación de Spoonacular del 73%</b>. Esta puntuación es bastante buena. Prueba <a href="https://spoonacular.com/recipes/grilled-asparagus-with-fried-eggs-and-pancetta-706282">Espárragos a la parrilla con huevos fritos y panceta</a>, <a href="https://spoonacular.com/recipes/fried-eggs-with-asparagus-pancetta-and-bread-crumbs-38162">Huevos fritos con espárragos, pancetta y pan rallado</a> y <a href="https://spoonacular.com/recipes/walnut-and-pancetta-pansoti-with-asparagus-in-parmesan-broth-115703">Pansoti de nueces y pancetta con espárragos en caldo de parmesano</a> para recetas similares.	Huevos a la sartén con espárragos, panceta y parmesano
206	EN	48192	Skillet Eggs with Asparagus, Pancetta, and Parmesan requires approximately <b>20 minutes</b> from start to finish. One serving contains <b>412 calories</b>, <b>17g of protein</b>, and <b>36g of fat</b>. This recipe serves 4. For <b>$3.34 per serving</b>, this recipe <b>covers 22%</b> of your daily requirements of vitamins and minerals. 152 people found this recipe to be yummy and satisfying. Head to the store and pick up juice from 1 lemon, olive oil, parsley leaves, and a few other things to make it today. It is a good option if you're following a <b>gluten free, primal, and ketogenic</b> diet. It works well as a pretty expensive main course. It is brought to you by Serious Eats. All things considered, we decided this recipe <b>deserves a spoonacular score of 73%</b>. This score is pretty good. Try <a href="https://spoonacular.com/recipes/grilled-asparagus-with-fried-eggs-and-pancetta-706282">Grilled Asparagus with Fried Eggs and Pancetta</a>, <a href="https://spoonacular.com/recipes/fried-eggs-with-asparagus-pancetta-and-bread-crumbs-38162">Fried Eggs With Asparagus, Pancettan And Bread Crumbs</a>, and <a href="https://spoonacular.com/recipes/walnut-and-pancetta-pansoti-with-asparagus-in-parmesan-broth-115703">Walnut and Pancetta Pansoti with Asparagus in Parmesan Broth</a> for similar recipes.	Skillet Eggs with Asparagus, Pancetta, and Parmesan
207	ES	48198	Crunchy Pecan Drops es una receta sin gluten con 84 porciones. Este aperitivo tiene 142 calorías, 1g de proteína y 7g de grasa por porción. Por 81 centavos por porción, esta receta cubre el 2% de tus requerimientos diarios de vitaminas y minerales. Si tienes mantequilla, azúcar, nueces pecanas y algunos otros ingredientes a mano, puedes hacerlo. 1 persona ha probado y le ha gustado esta receta. Desde la preparación hasta el plato, esta receta tarda aproximadamente 25 minutos. Te la trae Taste of Home. Considerando todo, hemos decidido que esta receta merece una puntuación de 9% en Spoonacular. Esta puntuación es mejorable. Crunchy Fudge Drops, Chewy Pecan Drops y Maple Pecan Drops son muy similares a esta receta.	Crunchy Pecan Drops
208	EN	48198	Crunchy Pecan Drops is a <b>gluten free</b> recipe with 84 servings. This hor d'oeuvre has <b>142 calories</b>, <b>1g of protein</b>, and <b>7g of fat</b> per serving. For <b>81 cents per serving</b>, this recipe <b>covers 2%</b> of your daily requirements of vitamins and minerals. If you have butter, sugar, pecans, and a few other ingredients on hand, you can make it. 1 person has tried and liked this recipe. From preparation to the plate, this recipe takes about <b>25 minutes</b>. It is brought to you by Taste of Home. All things considered, we decided this recipe <b>deserves a spoonacular score of 9%</b>. This score is improvable. <a href="https://spoonacular.com/recipes/crunchy-fudge-drops-448801">Crunchy Fudge Drops</a>, <a href="https://spoonacular.com/recipes/chewy-pecan-drops-410625">Chewy Pecan Drops</a>, and <a href="https://spoonacular.com/recipes/maple-pecan-drops-672281">Maple Pecan Drops</a> are very similar to this recipe.	Crunchy Pecan Drops
209	ES	48201	La sopa de pollo con espárragos, guisantes y eneldo podría ser el aperitivo que estás buscando. Una porción contiene <b>131 calorías</b>, <b>9g de proteína</b> y <b>3g de grasa</b>. Esta receta sin gluten, sin lácteos, paleolítica y vegetariana lacto-ovo sirve para 13 personas y cuesta <b>$1.51 por porción</b>. <b>El otoño</b> será aún más especial con esta receta. 6 personas han probado y les ha gustado esta receta. Una mezcla de tallos de eneldo más 3 cucharadas de hojas de eneldo, guisantes bebé, caldo de pollo y un puñado de otros ingredientes son todo lo que se necesita para hacer que esta receta sea tan sabrosa. Desde la preparación hasta el plato, esta receta tarda aproximadamente <b>45 minutos</b>. Es presentada por Epicurious. Teniendo en cuenta todos los factores, esta receta <b>obtiene una puntuación spoonacular del 86%</b>, lo cual es tremendo. Prueba <a href="https://spoonacular.com/recipes/chicken-soup-with-asparagus-peas-and-dill-154835">Sopa de pollo con espárragos, guisantes y eneldo</a>, <a href="https://spoonacular.com/recipes/asparagus-soup-with-dill-oil-512839">Sopa de espárragos con aceite de eneldo</a> y <a href="https://spoonacular.com/recipes/lemon-and-dill-butter-garlic-chicken-and-asparagus-1472863">Pollo con mantequilla de limón, ajo y eneldo y espárragos</a> para recetas similares.	Sopa de pollo con espárragos, guisantes y eneldo
210	EN	48201	Chicken Soup with Asparagus, Peas, and Dill might be just the hor d'oeuvre you are searching for. One serving contains <b>131 calories</b>, <b>9g of protein</b>, and <b>3g of fat</b>. This gluten free, dairy free, paleolithic, and lacto ovo vegetarian recipe serves 13 and costs <b>$1.51 per serving</b>. <b>Autumn</b> will be even more special with this recipe. 6 people have tried and liked this recipe. A mixture of dill stems plus 3 tablespoons dill leaves, baby peas, chicken stock, and a handful of other ingredients are all it takes to make this recipe so flavorful. From preparation to the plate, this recipe takes approximately <b>45 minutes</b>. It is brought to you by Epicurious. Taking all factors into account, this recipe <b>earns a spoonacular score of 86%</b>, which is tremendous. Try <a href="https://spoonacular.com/recipes/chicken-soup-with-asparagus-peas-and-dill-154835">Chicken Soup with Asparagus, Peas, and Dill</a>, <a href="https://spoonacular.com/recipes/asparagus-soup-with-dill-oil-512839">Asparagus Soup with Dill Oil</a>, and <a href="https://spoonacular.com/recipes/lemon-and-dill-butter-garlic-chicken-and-asparagus-1472863">Lemon and Dill Butter Garlic Chicken and Asparagus</a> for similar recipes.	Chicken Soup with Asparagus, Peas, and Dill
211	ES	48203	Chuletas de cordero asadas y vegetales mixtos es una receta sin lácteos con 2 porciones. Una porción contiene 739 calorías, 50g de proteína y 42g de grasa. Por $4.77 por porción, esta receta cubre el 50% de tus requerimientos diarios de vitaminas y minerales. Desde la preparación hasta el plato, esta receta toma aproximadamente 45 minutos. 1 persona se alegró de haber probado esta receta. Esta receta de Jovina Cooks Italian requiere ajo, zanahorias arcoíris, pan rallado sazonado y alcaparras. Funciona bien como plato principal bastante caro. Considerando todo, decidimos que esta receta merece una puntuación spoonacular del 0%. Esta puntuación es muy mala (pero aún se puede arreglar). A los usuarios que les gustó esta receta también les gustaron Chuletas de Cordero con Vegetales Asados y Risotto de Guisantes de Primavera, Estofado de Cordero con Vegetales Mixtos y Vegetales Mixtos Asados.	Chuletas de cordero asadas y vegetales mixtos
212	EN	48203	Roasted Lamb Chops & Mixed Vegetables is a <b>dairy free</b> recipe with 2 servings. One serving contains <b>739 calories</b>, <b>50g of protein</b>, and <b>42g of fat</b>. For <b>$4.77 per serving</b>, this recipe <b>covers 50%</b> of your daily requirements of vitamins and minerals. From preparation to the plate, this recipe takes approximately <b>approximately 45 minutes</b>. 1 person were glad they tried this recipe. This recipe from Jovina Cooks Italian requires garlic, rainbow carrots, seasoned panko crumbs, and capers. It works well as a rather expensive main course. All things considered, we decided this recipe <b>deserves a spoonacular score of 0%</b>. This score is very bad (but still fixable). Users who liked this recipe also liked <a href="https://spoonacular.com/recipes/lamb-chops-with-roasted-vegetables-and-spring-pea-risotto-16103">Lamb Chops With Roasted Vegetables And Spring Pea Risotto</a>, <a href="https://spoonacular.com/recipes/lamb-stew-with-mixed-vegetables-16090">Lamb Stew with Mixed Vegetables</a>, and <a href="https://spoonacular.com/recipes/roasted-mixed-vegetables-92353">Roasted Mixed Vegetables</a>.	Roasted Lamb Chops & Mixed Vegetables
213	ES	48209	Las galletas de avena y pasas saludables tardan aproximadamente <b>40 minutos</b> desde el principio hasta el final. Una porción contiene <b>150 calorías</b>, <b>4g de proteína</b> y <b>3g de grasa</b>. Esta receta sirve para 15 personas y cuesta 27 centavos por porción. Funciona bien como postre. Esta receta de Allrecipes requiere nuez moscada molida, pasas, germen de trigo y sal. 1 persona se alegró de haber probado esta receta. Es una buena opción si sigues una dieta <b>sin lácteos</b>. Con una puntuación de spoonacular de <b>49%</b>, este plato es bastante bueno. Si te gusta esta receta, echa un vistazo a estas recetas similares: <a href="https://spoonacular.com/recipes/healthy-oatmeal-raisin-cookies-144311">Galletas de avena y pasas saludables</a>, <a href="https://spoonacular.com/recipes/healthy-oatmeal-raisin-cookies-1780189">Galletas de avena y pasas saludables</a> y <a href="https://spoonacular.com/recipes/healthy-vegan-oatmeal-raisin-cookies-1701205">Galletas de avena y pasas saludables veganas</a>.	Galletas de avena y pasas saludables
214	EN	48209	Healthy Oatmeal Raisin Cookies takes approximately <b>40 minutes</b> from beginning to end. One serving contains <b>150 calories</b>, <b>4g of protein</b>, and <b>3g of fat</b>. This recipe serves 15 and costs 27 cents per serving. It works well as a dessert. This recipe from Allrecipes requires ground nutmeg, raisins, wheat germ, and salt. 1 person were glad they tried this recipe. It is a good option if you're following a <b>dairy free</b> diet. With a spoonacular <b>score of 49%</b>, this dish is pretty good. If you like this recipe, take a look at these similar recipes: <a href="https://spoonacular.com/recipes/healthy-oatmeal-raisin-cookies-144311">Healthy Oatmeal/Raisin Cookies</a>, <a href="https://spoonacular.com/recipes/healthy-oatmeal-raisin-cookies-1780189">Healthy Oatmeal Raisin Cookies</a>, and <a href="https://spoonacular.com/recipes/healthy-vegan-oatmeal-raisin-cookies-1701205">Healthy Vegan Oatmeal Raisin Cookies</a>.	Healthy Oatmeal Raisin Cookies
215	ES	48213	Las Papas a la Parrilla Saladas de Leslie es un plato acompañante <b>sin gluten y vegetariano lacto-ovo</b>. Esta receta sirve para 4 personas y cuesta 71 centavos por porción. Una porción de este plato contiene aproximadamente <b>5g de proteína</b>, <b>12g de grasa</b> y un total de <b>288 calorías</b>. Si tienes sazonador, sal gruesa, ajo en polvo y algunos otros ingredientes a mano, puedes hacerlo. 10 personas encontraron esta receta sabrosa y satisfactoria. Desde la preparación hasta el plato, esta receta tarda aproximadamente <b>1 hora y 15 minutos</b>. Es perfecta para <b>El Cuatro de Julio</b>. Te la trae Allrecipes. Considerando todo, decidimos que esta receta <b>merece una puntuación spoonacular del 54%</b>. Esta puntuación es buena. Si te gusta esta receta, echa un vistazo a estas recetas similares: <a href="https://spoonacular.com/recipes/vinegar-air-and-salty-crispy-potatoes-43706">Vinegar Air And Salty Crispy Potatoes</a>, <a href="https://spoonacular.com/recipes/leslies-roast-chicken-1358315">Leslie's Roast Chicken</a> y <a href="https://spoonacular.com/recipes/leslies-roast-chicken-136993">Leslie's Roast Chicken</a>.	Las Papas a la Parrilla Saladas de Leslie
216	EN	48213	Leslie's Salty Grilled Potatoes is a <b>gluten free and lacto ovo vegetarian</b> side dish. This recipe serves 4 and costs 71 cents per serving. One portion of this dish contains about <b>5g of protein</b>, <b>12g of fat</b>, and a total of <b>288 calories</b>. If you have seasoning, coarse salt, garlic powder, and a few other ingredients on hand, you can make it. 10 people found this recipe to be flavorful and satisfying. From preparation to the plate, this recipe takes roughly <b>1 hour and 15 minutes</b>. It is perfect for <b>The Fourth Of July</b>. It is brought to you by Allrecipes. All things considered, we decided this recipe <b>deserves a spoonacular score of 54%</b>. This score is good. If you like this recipe, take a look at these similar recipes: <a href="https://spoonacular.com/recipes/vinegar-air-and-salty-crispy-potatoes-43706">Vinegar Air And Salty Crispy Potatoes</a>, <a href="https://spoonacular.com/recipes/leslies-roast-chicken-1358315">Leslie's Roast Chicken</a>, and <a href="https://spoonacular.com/recipes/leslies-roast-chicken-136993">Leslie's Roast Chicken</a>.	Leslie's Salty Grilled Potatoes
217	ES	48217	La Ensalada de Verduras Frescas podría ser una buena receta para ampliar tu repertorio de platos acompañantes. Esta receta sin gluten y vegetariana lacto-ovo sirve para 8 personas y cuesta <b>93 centavos por porción</b>. Una porción contiene <b>135 calorías</b>, <b>3g de proteína</b> y <b>9g de grasa</b>. Una mezcla de sal, mazorcas de maíz, vinagre de vino y un puñado de otros ingredientes son todo lo que se necesita para hacer esta receta tan sabrosa. Solo unas pocas personas han hecho esta receta y 7 dirían que es perfecta. Te la trae Bread Booze Bacon. Desde la preparación hasta el plato, esta receta lleva aproximadamente <b>0 minutos</b>. Teniendo en cuenta todos los factores, esta receta <b>obtiene una puntuación spoonacular de 15%</b>, lo cual es bastante malo. Recetas similares incluyen <a href="https://spoonacular.com/recipes/fresh-vegetable-salad-593212">Ensalada de Verduras Frescas</a>, <a href="https://spoonacular.com/recipes/fresh-vegetable-salad-270475">Ensalada de Verduras Frescas</a> y <a href="https://spoonacular.com/recipes/fresh-vegetable-pasta-salad-160217">Ensalada de Verduras-Pasta Frescas</a>.	Ensalada de Verduras Frescas
218	EN	48217	Fresh Vegetable Salad might be a good recipe to expand your side dish recipe box. This gluten free and lacto ovo vegetarian recipe serves 8 and costs <b>93 cents per serving</b>. One serving contains <b>135 calories</b>, <b>3g of protein</b>, and <b>9g of fat</b>. A mixture of salt, ears corn, wine vinegar, and a handful of other ingredients are all it takes to make this recipe so flavorful. Only a few people made this recipe, and 7 would say it hit the spot. It is brought to you by Bread Booze Bacon. From preparation to the plate, this recipe takes around <b>0 minutes</b>. Taking all factors into account, this recipe <b>earns a spoonacular score of 15%</b>, which is rather bad. Similar recipes include <a href="https://spoonacular.com/recipes/fresh-vegetable-salad-593212">Fresh Vegetable Salad</a>, <a href="https://spoonacular.com/recipes/fresh-vegetable-salad-270475">Fresh Vegetable Salad</a>, and <a href="https://spoonacular.com/recipes/fresh-vegetable-pasta-salad-160217">Fresh Vegetable-Pasta Salad</a>.	Fresh Vegetable Salad
219	ES	48220	¿Necesitas un entremés sin lácteos, vegetariano lacto ovo y vegano? Los rollitos de salchicha de champiñones y castañas (veganos) podrían ser una receta espectacular para probar. Una porción contiene 316 calorías, 6g de proteína y 19g de grasa. Esta receta sirve para 8 personas. Por 96 centavos por porción, esta receta cubre el 9% de tus requerimientos diarios de vitaminas y minerales. Una mezcla de aceite de colza, sal, pimienta, castañas y un puñado de otros ingredientes es todo lo que se necesita para hacer esta receta tan deliciosa. No mucha gente ha hecho esta receta y 1 diría que cumplió con las expectativas. Te la trae Tinned Tomatoes. Desde la preparación hasta el plato, esta receta tarda aproximadamente 45 minutos. En general, esta receta obtiene una puntuación mejorable de spoonacular del 0%. A los usuarios que les gustó esta receta también les gustaron Relleno de salchicha italiana, champiñones y castañas, Relleno de champiñones, castañas y salchicha de champiñones silvestres, y Risotto vegano de champiñones y castañas.	Rollitos de salchicha de champiñones y castañas (veganos)
220	EN	48220	Need a <b>dairy free, lacto ovo vegetarian, and vegan hor d'oeuvre</b>? Mushroom & Chestnut Sausage Rolls (vegan ) could be a spectacular recipe to try. One serving contains <b>316 calories</b>, <b>6g of protein</b>, and <b>19g of fat</b>. This recipe serves 8. For <b>96 cents per serving</b>, this recipe <b>covers 9%</b> of your daily requirements of vitamins and minerals. A mixture of rapeseed oil, salt and pepper, chestnuts, and a handful of other ingredients are all it takes to make this recipe so yummy. Not a lot of people made this recipe, and 1 would say it hit the spot. It is brought to you by Tinned Tomatoes. From preparation to the plate, this recipe takes about <b>45 minutes</b>. Overall, this recipe earns an <b>improvable spoonacular score of 0%</b>. Users who liked this recipe also liked <a href="https://spoonacular.com/recipes/italian-sausage-mushroom-and-chestnut-stuffing-249114">Italian Sausage, Mushroom and Chestnut Stuffing</a>, <a href="https://spoonacular.com/recipes/wild-mushroom-chestnut-sausage-stuffing-557777">Wild Mushroom, Chestnut & Sausage Stuffing</a>, and <a href="https://spoonacular.com/recipes/chestnut-mushroom-vegan-risotto-248382">Chestnut Mushroom Vegan Risotto</a>.	Mushroom & Chestnut Sausage Rolls (vegan )
221	ES	48225	Pancakes Huancaina - Panqueques salados de queso picante para panaderos de pan es un desayuno que sirve para 22 personas. Por <b>14 centavos por porción</b>, esta receta <b>cubre el 4%</b> de tus requerimientos diarios de vitaminas y minerales. Una porción de este plato contiene aproximadamente <b>3g de proteína</b>, <b>1g de grasa</b> y un total de <b>67 calorías</b>. 1 persona ha probado y le ha gustado esta receta. Si tienes salsa huancaina, huevo, polvo de hornear y algunos otros ingredientes a mano, puedes hacerla. Es una buena opción si sigues una dieta <b>lacto ovo vegetariana</b>. Desde la preparación hasta el plato, esta receta lleva aproximadamente <b>45 minutos</b>. Te la trae The Schizo Chef. Considerando todo, hemos decidido que esta receta <b>merece una puntuación spoonacular del 94%</b>. Esta puntuación es excelente. Si te gusta esta receta, es posible que también te gusten recetas como <a href="https://spoonacular.com/recipes/savory-chickpea-pancakes-with-spicy-roasted-carrots-sweet-potatoes-and-feta-562863">Panqueques de garbanzos salados con zanahorias asadas picantes, batatas y feta</a>, <a href="https://spoonacular.com/recipes/banana-bread-pancakes-with-cream-cheese-glaze-617650">Panqueques de pan de plátano con glaseado de queso crema</a> y <a href="https://spoonacular.com/recipes/banana-bread-pancakes-with-cinnamon-cream-cheese-syrup-543485">Panqueques de pan de plátano con jarabe de crema de queso crema y canela</a>.	Pancakes Huancaina - Panqueques salados de queso picante para panaderos de pan
222	EN	48225	Pancakes Huancaina – Spicy Cheese Savory Pancakes for Bread Bakers is a breakfast that serves 22. For <b>14 cents per serving</b>, this recipe <b>covers 4%</b> of your daily requirements of vitamins and minerals. One portion of this dish contains approximately <b>3g of protein</b>, <b>1g of fat</b>, and a total of <b>67 calories</b>. 1 person has tried and liked this recipe. If you have salsa huancaina, egg, baking powder, and a few other ingredients on hand, you can make it. It is a good option if you're following a <b>lacto ovo vegetarian</b> diet. From preparation to the plate, this recipe takes roughly <b>45 minutes</b>. It is brought to you by The Schizo Chef. All things considered, we decided this recipe <b>deserves a spoonacular score of 94%</b>. This score is great. If you like this recipe, you might also like recipes such as <a href="https://spoonacular.com/recipes/savory-chickpea-pancakes-with-spicy-roasted-carrots-sweet-potatoes-and-feta-562863">Savory Chickpea Pancakes with Spicy Roasted Carrots, Sweet Potatoes, and Feta</a>, <a href="https://spoonacular.com/recipes/banana-bread-pancakes-with-cream-cheese-glaze-617650">Banana Bread Pancakes with Cream Cheese Glaze</a>, and <a href="https://spoonacular.com/recipes/banana-bread-pancakes-with-cinnamon-cream-cheese-syrup-543485">Banana Bread Pancakes with Cinnamon Cream Cheese Syrup</a>.	Pancakes Huancaina – Spicy Cheese Savory Pancakes for Bread Bakers
223	ES	48226	Nunca puedes tener demasiadas recetas de aperitivos, así que prueba la Ensalada de Kale Superfood. Una porción de este plato contiene aproximadamente <b>7g de proteína</b>, <b>14g de grasa</b> y un total de <b>196 calorías</b>. Esta receta sirve para 8 personas. Por <b>$1.1 por porción</b>, esta receta cubre el <b>21%</b> de tus requerimientos diarios de vitaminas y minerales. Si tienes nueces, aderezo de vinagre de arce balsámico, kale y algunos otros ingredientes a mano, puedes hacerlo. Es una buena opción si sigues una dieta <b>libre de gluten, libre de lácteos, lacto-ovo vegetariana y vegana</b>. Te lo trae el usuario de spoonacular <a href="/profile/gb0224">gb0224</a>. Desde la preparación hasta el plato, esta receta tarda aproximadamente <b>30 minutos</b>. Recetas similares son <a href="https://spoonacular.com/recipes/superfood-kale-salad-863044">Ensalada de Kale Superfood</a>, <a href="https://spoonacular.com/recipes/superfood-quinoa-kale-salad-678345">Ensalada de Quinoa y Kale Superfood</a> y <a href="https://spoonacular.com/recipes/sweet-kale-superfood-salad-615258">Ensalada Dulce de Kale Superfood</a>.	Ensalada de Kale Superfood
224	EN	48226	You can never have too many hor d'oeuvre recipes, so give Superfood Kale Salad a try. One portion of this dish contains approximately <b>7g of protein</b>, <b>14g of fat</b>, and a total of <b>196 calories</b>. This recipe serves 8. For <b>$1.1 per serving</b>, this recipe <b>covers 21%</b> of your daily requirements of vitamins and minerals. If you have walnuts, recipe balsamic maple dressing, kale, and a few other ingredients on hand, you can make it. It is a good option if you're following a <b>gluten free, dairy free, lacto ovo vegetarian, and vegan</b> diet. It is brought to you by spoonacular user <a href="/profile/gb0224">gb0224</a>. From preparation to the plate, this recipe takes roughly <b>30 minutes</b>. Similar recipes are <a href="https://spoonacular.com/recipes/superfood-kale-salad-863044">Superfood Kale Salad</a>, <a href="https://spoonacular.com/recipes/superfood-quinoa-kale-salad-678345">Superfood Quinoa Kale Salad</a>, and <a href="https://spoonacular.com/recipes/sweet-kale-superfood-salad-615258">Sweet Kale Superfood Salad</a>.	Superfood Kale Salad
225	ES	48230	La sopa de guisantes de primavera es un aperitivo que sirve para 6 personas. Por <b>$1.11 por porción</b>, esta receta <b>cubre el 10%</b> de tus requerimientos diarios de vitaminas y minerales. Una porción contiene <b>141 calorías</b>, <b>6g de proteína</b> y <b>5g de grasa</b>. Varias personas hicieron esta receta y 117 dirían que fue un éxito. Será un éxito en tu evento de <b>primavera</b>. Es una buena opción si sigues una dieta <b>libre de gluten, lacto-ovo-vegetariana y amigable con FODMAP</b>. Esta receta de Taste of Home requiere mantequilla, caldo de pollo, cebollinos y papas. Desde la preparación hasta el plato, esta receta tarda aproximadamente <b>40 minutos</b>. Con una puntuación de spoonacular de <b>55%</b>, este plato es bastante bueno. Recetas similares incluyen <a href="https://spoonacular.com/recipes/soup-for-spring-simple-easy-split-pea-soup-535684">Sopa de primavera: sopa de guisantes partida simple y fácil</a>, <a href="https://spoonacular.com/recipes/spring-pea-soup-276764">Sopa de guisantes de primavera</a> y <a href="https://spoonacular.com/recipes/spring-pea-soup-948743">Sopa de guisantes de primavera</a>.	Sopa de guisantes de primavera
226	EN	48230	Spring Pea Soup is a hor d'oeuvre that serves 6. For <b>$1.11 per serving</b>, this recipe <b>covers 10%</b> of your daily requirements of vitamins and minerals. One serving contains <b>141 calories</b>, <b>6g of protein</b>, and <b>5g of fat</b>. Several people made this recipe, and 117 would say it hit the spot. It will be a hit at your <b>Spring</b> event. It is a good option if you're following a <b>gluten free, lacto ovo vegetarian, and fodmap friendly</b> diet. This recipe from Taste of Home requires butter, chicken broth, chives, and potatoes. From preparation to the plate, this recipe takes about <b>40 minutes</b>. With a spoonacular <b>score of 55%</b>, this dish is pretty good. Similar recipes include <a href="https://spoonacular.com/recipes/soup-for-spring-simple-easy-split-pea-soup-535684">Soup for Spring: Simple, Easy Split Pea Soup</a>, <a href="https://spoonacular.com/recipes/spring-pea-soup-276764">Spring Pea Soup</a>, and <a href="https://spoonacular.com/recipes/spring-pea-soup-948743">Spring Pea Soup</a>.	Spring Pea Soup
227	ES	48234	Chicken Sopes con Crema de Aguacate es un plato principal que sirve para 8 personas. ¿Cuidando tu figura? Esta receta sin gluten tiene <b>497 calorías</b>, <b>23g de proteína</b> y <b>19g de grasa</b> por porción. Por <b>$2.37 por porción</b>, esta receta <b>cubre el 32%</b> de tus requerimientos diarios de vitaminas y minerales. Esta receta del blog Taste and Tell requiere aguacates mexicanos, cilantro, frijoles refritos y aceite vegetal. 196 personas han hecho esta receta y la harían nuevamente. Desde la preparación hasta el plato, esta receta toma aproximadamente <b>40 minutos</b>. Con una puntuación de cucharón de <b>97%</b>, este plato es genial. Recetas similares incluyen <a href="https://spoonacular.com/recipes/sopes-de-pollo-con-frijoles-chicken-sopes-with-beans-108157">Sopes de Pollo con Frijoles (Chicken Sopes con Frijoles)</a>, <a href="https://spoonacular.com/recipes/poblano-sopes-with-avocado-salad-295101">Sopes Poblanos con Ensalada de Aguacate</a> y <a href="https://spoonacular.com/recipes/poblano-sopes-with-avocado-salad-562905">Sopes Poblanos con Ensalada de Aguacate</a>.	Chicken Sopes con Crema de Aguacate
228	EN	48234	Chicken Sopes with Avocado Cream is a main course that serves 8. Watching your figure? This gluten free recipe has <b>497 calories</b>, <b>23g of protein</b>, and <b>19g of fat</b> per serving. For <b>$2.37 per serving</b>, this recipe <b>covers 32%</b> of your daily requirements of vitamins and minerals. This recipe from Taste and Tell Blog requires mexican avocados, cilantro, refried beans, and vegetable oil. 196 people have made this recipe and would make it again. From preparation to the plate, this recipe takes roughly <b>40 minutes</b>. With a spoonacular <b>score of 97%</b>, this dish is great. Similar recipes include <a href="https://spoonacular.com/recipes/sopes-de-pollo-con-frijoles-chicken-sopes-with-beans-108157">Sopes de Pollo con Frijoles (Chicken Sopes with Beans)</a>, <a href="https://spoonacular.com/recipes/poblano-sopes-with-avocado-salad-295101">Poblano Sopes with Avocado Salad</a>, and <a href="https://spoonacular.com/recipes/poblano-sopes-with-avocado-salad-562905">Poblano Sopes with Avocado Salad</a>.	Chicken Sopes with Avocado Cream
229	ES	48239	Si tienes aproximadamente <b>45 minutos</b> para pasar en la cocina, Fácil de preparar Black-Eyed Peas podría ser una espectacular receta <b>sin gluten y sin lácteos</b> para probar. Por <b>30 centavos por porción</b>, obtienes un plato que sirve para 4 personas. Una porción contiene <b>164 calorías</b>, <b>11g de proteínas</b> y <b>1g de grasa</b>. Si tienes cubitos de caldo de carne, guisantes de ojo rosa, cebolla y algunos otros ingredientes a mano, puedes hacerlo. Esta receta es apreciada por 1 amantes de la comida y cocineros. Te la presenta My Recipes. Teniendo en cuenta todos los factores, esta receta <b>obtiene una puntuación spoonacular del 82%</b>, lo cual es excelente. Si te gusta esta receta, echa un vistazo a estas recetas similares: <a href="https://spoonacular.com/recipes/super-easy-black-eyed-peas-496469">Super Fácil de preparar Black Eyed Peas</a>, <a href="https://spoonacular.com/recipes/southwestern-bean-salad-with-black-beans-black-eyed-peas-pepp-1200297">Ensalada de Frijoles del Suroeste con Frijoles Negros, Guisantes de Ojo Negro, Pepp</a> y <a href="https://spoonacular.com/recipes/garlicky-black-pepper-shrimp-and-black-eyed-peas-31061">Camarones al Ajillo con Pimienta Negra y Guisantes de Ojo Negro</a>.	Fácil de preparar Black-Eyed Peas
230	EN	48239	If you have about <b>45 minutes</b> to spend in the kitchen, Easy Black-Eyed Peas might be a spectacular <b>gluten free and dairy free</b> recipe to try. For <b>30 cents per serving</b>, you get a side dish that serves 4. One serving contains <b>164 calories</b>, <b>11g of protein</b>, and <b>1g of fat</b>. If you have beef bouillon cubes, pink-eyed peas, onion, and a few other ingredients on hand, you can make it. This recipe is liked by 1 foodies and cooks. It is brought to you by My Recipes. Taking all factors into account, this recipe <b>earns a spoonacular score of 82%</b>, which is excellent. If you like this recipe, take a look at these similar recipes: <a href="https://spoonacular.com/recipes/super-easy-black-eyed-peas-496469">Super Easy Black Eyed Peas</a>, <a href="https://spoonacular.com/recipes/southwestern-bean-salad-with-black-beans-black-eyed-peas-pepp-1200297">Southwestern Bean Salad With Black Beans, Black-eyed Peas, Pepp</a>, and <a href="https://spoonacular.com/recipes/garlicky-black-pepper-shrimp-and-black-eyed-peas-31061">Garlicky Black-Pepper Shrimp and Black-Eyed Peas</a>.	Easy Black-Eyed Peas
\.


--
-- Data for Name: tv; Type: TABLE DATA; Schema: tv; Owner: postgres
--

COPY tv.tv (tv_id, release_date, year, number_of_episodes, number_of_seasons, rate, credits, url_path) FROM stdin;
14221	2020-09-22	2020	36	1	7.6	[{"name": "Chen Zheyuan", "type": "Actor"}, {"name": "Li Mozhi", "type": "Actor"}, {"name": "Yan Zidong", "type": "Actor"}, {"name": "Johnny Zhang", "type": "Actor"}, {"name": "Eva Cheng", "type": "Actor"}, {"name": "Shen Yang", "type": "Director"}]	/tv/110432/watch
14225	2017-10-14	2017	18	1	7.9	[{"name": "Song Seung-heon", "type": "Actor"}, {"name": "Go Ara", "type": "Actor"}, {"name": "Lee El", "type": "Actor"}, {"name": "Kim Dong-jun", "type": "Actor"}, {"name": "Kim Won-hae", "type": "Actor"}, {"name": "Kim Hong-sun", "type": "Director"}, {"name": "Ko Jae-hyun", "type": "Director"}]	 
14325	2023-11-24	2023	12	1	7.654	[{"name": "Lee Se-young", "type": "Actor"}, {"name": "Bae In-hyuk", "type": "Actor"}, {"name": "Joo Hyun-young", "type": "Actor"}, {"name": "Yoo Seon-ho", "type": "Actor"}, {"name": "Jo Bok-rae", "type": "Actor"}, {"name": "Park Sang-hun", "type": "Director"}]	/tv/220076/watch
14242	2023-11-24	2023	5	1	7.2	[{"name": "Alma Jodorowsky", "type": "Actor"}, {"name": "Jehnny Beth", "type": "Actor"}, {"name": "Ralph Amoussou", "type": "Actor"}, {"name": "Pauline Chalamet", "type": "Actor"}, {"name": "Amélie Etasse", "type": "Actor"}, {"name": "Iris Brey", "type": "Director"}]	/tv/211170/watch
14263	2020-10-09	2020	12	1	8.5	[{"name": "Eiji Akaso", "type": "Actor"}, {"name": "Keita Machida", "type": "Actor"}, {"name": "Kodai Asaka", "type": "Actor"}, {"name": "Yutaro", "type": "Actor"}, {"name": "Takuya Kusakawa", "type": "Actor"}, {"name": "Hiroaki Yuasa", "type": "Director"}]	 
14268	2018-09-03	2018	45	1	7.3	[{"name": "Leo Wu", "type": "Actor"}, {"name": "Lin Yun", "type": "Actor"}, {"name": "Baron Chen", "type": "Actor"}, {"name": "Li Qin", "type": "Actor"}, {"name": "Jason Koo", "type": "Actor"}, {"name": "Yu Rongguang", "type": "Director"}]	 
14339	2023-11-02	2023	10	1	5.5	[{"name": "Thiti Mahayotaruk", "type": "Actor"}, {"name": "Narilya Gulmongkolpech", "type": "Actor"}, {"name": "Chonlathorn Kongyingyong﻿", "type": "Actor"}, {"name": "Claudia Chakrabandhu Na Ayudya", "type": "Actor"}, {"name": "Sarunyu Prachakrit", "type": "Actor"}, {"name": "Surapong Ploensang", "type": "Director"}]	 
14765	1988-09-01	1988	3	1	10	[{"name": "Carl Macek", "type": "Actor"}, {"name": "Carl Macek", "type": "Director"}]	 
14786	2021-10-02	2021	30	3	7	[{"name": "Bradley Walsh", "type": "Actor"}, {"name": "Barbara Wiltshire", "type": "Director"}]	 
14788	2020-11-28	2020	43	4	5	[{"name": "Michael McIntyre", "type": "Actor"}, {"name": "Chris Power", "type": "Director"}]	 
14272	2009-07-01	2009	76	8	7.9	[{"name": "Cindy Chase", "type": "Actor"}, {"name": "Nastasha Strang", "type": "Actor"}, {"name": "Esin Varan", "type": "Actor"}, {"name": "Tony Dadika", "type": "Actor"}, {"name": "Justin Peed", "type": "Actor"}, {"name": "Nicholas Zeig-Owens", "type": "Director"}]	/tv/21665/watch
15057	2021-11-05	2021	12	1	8.031	[{"name": "Han Hyo-joo", "type": "Actor"}, {"name": "Park Hyung-sik", "type": "Actor"}, {"name": "Jo Woo-jin", "type": "Actor"}, {"name": "Lee Jun-hyeok", "type": "Actor"}, {"name": "Park Joo-hee", "type": "Actor"}, {"name": "An Gil-ho", "type": "Director"}]	 
15058	1977-01-09	1977	13	1	4	[{"name": "Tadeusz Kwinta", "type": "Actor"}, {"name": "Andrzej Śleziak", "type": "Actor"}, {"name": "Bronisław Zeman", "type": "Director"}]	 
15059	2021-10-10	2021	20	1	8	[{"name": "Hidetoshi Nishijima", "type": "Actor"}, {"name": "Rie Miyazawa", "type": "Actor"}, {"name": "Kyoko Yoshine", "type": "Actor"}, {"name": "Nanoka Hara", "type": "Actor"}, {"name": "Bokuzo Masana", "type": "Actor"}, {"name": "Satoru Nakajima", "type": "Director"}, {"name": "Komuro Naoko", "type": "Director"}, {"name": "Noriyoshi Sakuma", "type": "Director"}]	 
14319	2023-11-27	2023	16	1	7.857	[{"name": "Jung Woo-sung", "type": "Actor"}, {"name": "Shin Hyun-bin", "type": "Actor"}, {"name": "Kim Ji-hyun", "type": "Actor"}, {"name": "Lee Jae-kyoon", "type": "Actor"}, {"name": "Park Jin-joo", "type": "Actor"}, {"name": "Kim Yoon-jin", "type": "Director"}]	/tv/206689/watch
14262	2020-12-18	2020	18	2	8.372	[{"name": "Song Kang", "type": "Actor"}, {"name": "Go Min-si", "type": "Actor"}, {"name": "Lee Jin-wook", "type": "Actor"}, {"name": "Lee Si-young", "type": "Actor"}, {"name": "Jung Jin-young", "type": "Actor"}, {"name": "Lee Eung-bok", "type": "Director"}]	/tv/96648/watch
14774	2017-09-04	2017	585	7	6	[{"name": "Richard Osman", "type": "Actor"}, {"name": "John Smith", "type": "Director"}]	/tv/103960/watch
14771	1962-09-21	1962	1961	53	5.6	[{"name": "Amol Rajan", "type": "Actor"}, {"name": "Roger Tilling", "type": "Actor"}, {"name": "Simon Staffurth", "type": "Director"}]	/tv/5266/watch
14231	2023-06-18	2023	12	1	10	[{"name": "Lemogang Tsipa", "type": "Actor"}, {"name": "Nomzamo Mbatha", "type": "Actor"}, {"name": "Senzo Radebe", "type": "Actor"}, {"name": "Dawn Thandeka King", "type": "Actor"}, {"name": "Khabonina Qubeka", "type": "Actor"}, {"name": "Angus Gibson", "type": "Director"}]	 
14232	2022-10-09	2022	14	1	8.6	[{"name": "Chalongrat Novsamrong", "type": "Actor"}, {"name": "Phachara Suansri", "type": "Actor"}, {"name": "Teshin Anusananan", "type": "Actor"}, {"name": "Supakrit Charoonmatha", "type": "Actor"}, {"name": "Phiravich Attachitsataporn", "type": "Actor"}, {"name": "Siwaj Sawatmaneekul", "type": "Director"}, {"name": "Phiravich Attachitsataporn", "type": "Director"}, {"name": "Nipitpon Muangsinun", "type": "Director"}]	 
14236	2008-10-27	2008	5	1	7.3	[{"name": "Kevin Eldon", "type": "Actor"}, {"name": "Beth Cordingly", "type": "Actor"}, {"name": "Warren Brown", "type": "Actor"}, {"name": "Riz Ahmed", "type": "Actor"}, {"name": "Davina McCall", "type": "Actor"}, {"name": "Yann Demange", "type": "Director"}]	 
14244	2023-09-25	2023	10	1	9.7	[{"name": "Gordon Ramsay", "type": "Actor"}, {"name": "Paul Newton", "type": "Director"}]	 
14249	2021-08-16	2021	36	2	8.5	[{"name": "Gabriela Barros", "type": "Actor"}, {"name": "Diogo Amaral", "type": "Actor"}, {"name": "Marco Delgado", "type": "Actor"}, {"name": "Sofia Sá da Bandeira", "type": "Actor"}, {"name": "Rui Melo", "type": "Actor"}, {"name": "Manuel Pureza", "type": "Director"}]	 
14250	2021-12-03	2021	8	1	6.3	[{"name": "Carol Castro", "type": "Actor"}, {"name": "Eucir de Souza", "type": "Actor"}, {"name": "Rafaela Mandelli", "type": "Actor"}, {"name": "Rafael Losso", "type": "Actor"}, {"name": "Thomás Aquino", "type": "Actor"}, {"name": "Gustavo Bonafé", "type": "Director"}]	 
14252	2020-04-07	2020	69	1	8	[{"name": "Nick Wang", "type": "Actor"}, {"name": "Maggie Jiang", "type": "Actor"}, {"name": "Ren Min", "type": "Actor"}, {"name": "Bian Cheng", "type": "Actor"}, {"name": "Yang Le", "type": "Actor"}, {"name": "Zhang Kaizhou", "type": "Director"}]	 
14258	2017-09-04	2017	8	1	7.5	[{"name": "Kim Joo-hyuk", "type": "Actor"}, {"name": "Chun Woo-hee", "type": "Actor"}, {"name": "Park Won-sang", "type": "Actor"}, {"name": "Lee Seung-joon", "type": "Actor"}, {"name": "Shin Hyun-bin", "type": "Actor"}, {"name": "Lee Yoon-jung", "type": "Director"}]	 
14234	2023-11-27	2023	16	1	8.8	[{"name": "Pan Yueming", "type": "Actor"}, {"name": "Kitty Zhang", "type": "Actor"}, {"name": "Jiang Chao", "type": "Actor"}, {"name": "Kent Tong", "type": "Actor"}, {"name": "Wang Yiquan", "type": "Actor"}, {"name": "Tsai Yueh-Hsun", "type": "Director"}]	 
14254	2023-10-16	2023	150	1	6.75	[{"name": "Donny Pangilinan", "type": "Actor"}, {"name": "Belle Mariano", "type": "Actor"}, {"name": "Maris Racal", "type": "Actor"}, {"name": "Albie Casiño", "type": "Actor"}, {"name": "Kaila Estrada", "type": "Actor"}, {"name": "Mae Cruz-Alviar", "type": "Director"}, {"name": "Ian Loreños", "type": "Director"}, {"name": "Cathy Garcia-Sampana", "type": "Director"}]	 
14233	2023-08-18	2023	7	1	7.2	[{"name": "Dulquer Salmaan", "type": "Actor"}, {"name": "Rajkummar Rao", "type": "Actor"}, {"name": "Adarsh Gourav", "type": "Actor"}, {"name": "Gulshan Devaiah", "type": "Actor"}, {"name": "Satish Kaushik", "type": "Actor"}, {"name": "Raj Nidimoru", "type": "Director"}, {"name": "Krishna D.K.", "type": "Director"}]	 
14271	2023-02-10	2023	36	1	4.6	[{"name": "Peng Guanying", "type": "Actor"}, {"name": "Wang Churan", "type": "Actor"}, {"name": "Chuai Ni", "type": "Actor"}, {"name": "Liu Ruilin", "type": "Actor"}, {"name": "Mao Linlin", "type": "Actor"}, {"name": "Yang Yang", "type": "Director"}]	 
14314	2018-10-01	2018	32	1	7.483	[{"name": "Lee Je-hoon", "type": "Actor"}, {"name": "Chae Soo-bin", "type": "Actor"}, {"name": "Lee Dong-gun", "type": "Actor"}, {"name": "Kim Ji-soo", "type": "Actor"}, {"name": "Kim Kyung-nam", "type": "Actor"}, {"name": "Shin Woo-chul", "type": "Director"}]	 
14316	2015-04-05	2015	432	1	5.2	[{"name": "Kim Sung-joo", "type": "Actor"}, {"name": "Jung Chang-young", "type": "Director"}, {"name": "Kim Moon-gi", "type": "Director"}]	 
14207	2001-11-01	2001	106	3	7.6	[{"name": "Haluk Bilginer", "type": "Actor"}, {"name": "Türkan Şoray", "type": "Actor"}, {"name": "Neco", "type": "Actor"}, {"name": "Çolpan İlhan", "type": "Actor"}, {"name": "Emre Altuğ", "type": "Actor"}, {"name": "Bora Tekay", "type": "Director"}, {"name": "Birkan Uz", "type": "Director"}, {"name": "Fatih Aksoy", "type": "Director"}]	/tv/49340/watch
14312	2022-02-19	2022	16	2	7.5	[{"name": "Chawarin Perdpiriyawong", "type": "Actor"}, {"name": "Pruk Panich", "type": "Actor"}, {"name": "Kornthas Rujeerattanavorapan", "type": "Actor"}, {"name": "Natasitt Uareksit", "type": "Actor"}, {"name": "Pharinyakorn Khansawa", "type": "Actor"}, {"name": "Kittipat Jampa", "type": "Director"}]	/tv/139353/watch
14214	2023-10-28	2023	12	1	7.7	[{"name": "Jung Yoo-min", "type": "Actor"}, {"name": "Sung Hoon", "type": "Actor"}, {"name": "Jin Ji-hee", "type": "Actor"}, {"name": "Kang Shin-hyo", "type": "Actor"}, {"name": "Oh Seung-yun", "type": "Actor"}, {"name": "Oh Sang-won", "type": "Director"}]	/tv/230524/watch
14297	2006-04-02	2006	48	1	7.7	[{"name": "Taiki Matsuno", "type": "Actor"}, {"name": "Soichiro Hoshi", "type": "Actor"}, {"name": "Hirofumi Nojima", "type": "Actor"}, {"name": "Kazuya Nakai", "type": "Actor"}, {"name": "Yui Aragaki", "type": "Actor"}, {"name": "Naoyuki Ito", "type": "Director"}]	/tv/39980/watch
14259	2023-11-01	2023	12	1	9	[{"name": "Ching Ip", "type": "Actor"}, {"name": "Lei Shen", "type": "Actor"}, {"name": "Xianglong Meng", "type": "Actor"}, {"name": "Gao Qichang", "type": "Actor"}, {"name": "Liu Fei", "type": "Actor"}, {"name": "Jinsheng Xue", "type": "Director"}]	/tv/238579/watch
14260	2018-07-18	2018	122	5	6.3	[{"name": "Xia Lei", "type": "Actor"}, {"name": "Wu Lei", "type": "Actor"}, {"name": "Jie Zhang", "type": "Actor"}, {"name": "Shen Dawei", "type": "Actor"}, {"name": "Xie Tiantian", "type": "Actor"}, {"name": "Frankie Chung", "type": "Director"}, {"name": "Mak Ching-Lok", "type": "Director"}]	/tv/83031/watch
14255	2023-09-01	2023	6	1	8.5	[{"name": "Rin Mitaka", "type": "Actor"}, {"name": "Ken Raika", "type": "Director"}]	/tv/228448/watch
14253	2023-10-28	2023	12	1	7.6	[{"name": "Park Eun-bin", "type": "Actor"}, {"name": "Chae Jong-hyeop", "type": "Actor"}, {"name": "Kim Hyo-jin", "type": "Actor"}, {"name": "Cha Hak-yeon", "type": "Actor"}, {"name": "Kim Joo-heon", "type": "Actor"}, {"name": "Oh Choong-hwan", "type": "Director"}]	/tv/216310/watch
14321	2021-10-21	2021	45	1	7	[{"name": "Jin Dong", "type": "Actor"}, {"name": "Yan Ni", "type": "Actor"}, {"name": "Huang Zhizhong", "type": "Actor"}, {"name": "Chen Xiao", "type": "Actor"}, {"name": "Qin Lan", "type": "Actor"}, {"name": "Yan Shen", "type": "Director"}, {"name": "Liu Haibo", "type": "Director"}]	 
14322	2021-10-09	2021	12	1	6	[{"name": "Tomoyo Harada", "type": "Actor"}, {"name": "Kenta Hamano", "type": "Actor"}, {"name": "Riko Narumi", "type": "Actor"}, {"name": "Kami Hiraiwa", "type": "Actor"}, {"name": "Muga Tsukaji", "type": "Actor"}, {"name": "Hiroaki Yuasa", "type": "Director"}, {"name": "Masaya Kakehi", "type": "Director"}]	 
14323	2019-06-03	2019	32	1	7	[{"name": "Shin Sung-rok", "type": "Actor"}, {"name": "Go Won-hee", "type": "Actor"}, {"name": "Ha Jae-sook", "type": "Actor"}, {"name": "Cha Ye-ryun", "type": "Actor"}, {"name": "Kim Min-gue", "type": "Actor"}, {"name": "Kim Sang-hwi", "type": "Director"}]	 
14334	2023-12-06	2023	6	1	7.5	[{"name": "Geum Sae-rok", "type": "Actor"}, {"name": "Noh Sang-hyun", "type": "Actor"}, {"name": "Demian", "type": "Actor"}, {"name": "Kwon Seung-woo", "type": "Actor"}, {"name": "Jeon Hye-jin", "type": "Actor"}, {"name": "Kim Hee-won", "type": "Director"}, {"name": "Choi Jung-kyu", "type": "Director"}]	 
14369	2017-06-02	2017	6	1	4.3	[{"name": "Jerry Garcia", "type": "Actor"}, {"name": "Phil Lesh", "type": "Actor"}, {"name": "Bob Weir", "type": "Actor"}, {"name": "Amir Bar-Lev", "type": "Director"}]	 
14390	2023-01-08	2023	50	1	7.7	[{"name": "Jun Matsumoto", "type": "Actor"}, {"name": "Junichi Okada", "type": "Actor"}, {"name": "Kasumi Arimura", "type": "Actor"}, {"name": "Tsuyoshi Muro", "type": "Actor"}, {"name": "Mansai Nomura", "type": "Actor"}, {"name": "Taku Katô", "type": "Director"}, {"name": "Naoki Murahashi", "type": "Director"}]	 
14391	2012-08-13	2012	24	1	7.2	[{"name": "Lee Min-ho", "type": "Actor"}, {"name": "Kim Hee-seon", "type": "Actor"}, {"name": "Yu Oh-seong", "type": "Actor"}, {"name": "Sung Hoon", "type": "Actor"}, {"name": "Ryu Deok-hwan", "type": "Actor"}, {"name": "Kim Jong-hak", "type": "Director"}, {"name": "Shin Yong Hwi", "type": "Director"}]	 
14394	2004-06-23	2004	18	1	6.6	[{"name": "Cha Tae-hyun", "type": "Actor"}, {"name": "Sung Yu-ri", "type": "Actor"}, {"name": "Lee Duck-hwa", "type": "Actor"}, {"name": "Yoo Chae-young", "type": "Actor"}, {"name": "Lee Ki-young", "type": "Actor"}, {"name": "Lee Kwan-hee", "type": "Director"}]	 
14395	2011-11-09	2011	8	1	7.7	[{"name": "Paul Darrow", "type": "Actor"}, {"name": "Ridley Scott", "type": "Actor"}, {"name": "Declan Whitebloom", "type": "Director"}]	/tv/58708/watch
14398	2018-09-10	2018	16	1	8.2	[{"name": "Doh Kyung-soo", "type": "Actor"}, {"name": "Nam Ji-hyun", "type": "Actor"}, {"name": "Cho Seong-ha", "type": "Actor"}, {"name": "Jo Han-chul", "type": "Actor"}, {"name": "Oh Yeon-ah", "type": "Actor"}, {"name": "Lee Jong-jae", "type": "Director"}]	 
14393	2014-09-27	2014	4	1	5.941	[{"name": "Arna Magnea Danks", "type": "Actor"}, {"name": "Salome R. Gunnarsdottir", "type": "Actor"}, {"name": "Unnur Birna Jónsdóttir", "type": "Actor"}, {"name": "Margrét Þorgeirsdóttir", "type": "Actor"}, {"name": "Heida Reed", "type": "Actor"}, {"name": "Reynir Lyngdal", "type": "Director"}]	 
14328	2023-07-05	2023	40	1	7.5	[{"name": "Yang Yang", "type": "Actor"}, {"name": "Wang Churan", "type": "Actor"}, {"name": "Wang Yanlin", "type": "Actor"}, {"name": "Wei Daxun", "type": "Actor"}, {"name": "Vin Zhang", "type": "Actor"}, {"name": "Li Muge", "type": "Director"}]	/tv/216445/watch
14327	2023-12-04	2023	12	1	7.7	[{"name": "Lee Jae-in", "type": "Actor"}, {"name": "Kim Woo-seok", "type": "Actor"}, {"name": "Choi Ye-bin", "type": "Actor"}, {"name": "Cha Woo-min", "type": "Actor"}, {"name": "Ahn Ji-ho", "type": "Actor"}, {"name": "Lim Dae-wung", "type": "Director"}]	/tv/229915/watch
14389	1993-09-05	1993	52	2	6.58	[{"name": "Brad Garrett", "type": "Actor"}, {"name": "Mark Schiff", "type": "Actor"}, {"name": "Brian Cummings", "type": "Actor"}, {"name": "Miles Thompson", "type": "Director"}]	/tv/1916/watch
14333	2023-06-24	2023	16	1	4.8	[{"name": "Park Joo-mi", "type": "Actor"}, {"name": "Choi Myung-gil", "type": "Actor"}, {"name": "Kim Min-jun", "type": "Actor"}, {"name": "Han Da-gam", "type": "Actor"}, {"name": "Jeon No-min", "type": "Actor"}, {"name": "Shin Woo-chul", "type": "Director"}]	/tv/228965/watch
14313	2023-11-03	2023	36	1	7.9	[{"name": "Bai Lu", "type": "Actor"}, {"name": "Dylan Wang", "type": "Actor"}, {"name": "Miles Wei", "type": "Actor"}, {"name": "Shen Yujie", "type": "Actor"}, {"name": "Liu Dongqin", "type": "Actor"}, {"name": "Hu Guo", "type": "Director"}]	/tv/233194/watch
14331	2017-07-17	2017	1609	1	6.1	[{"name": "Ingrid Chauvin", "type": "Actor"}, {"name": "Charlotte Valandrey", "type": "Actor"}, {"name": "Alexandre Brasseur", "type": "Actor"}, {"name": "Lorie Pester", "type": "Actor"}, {"name": "Samy Gharbi", "type": "Actor"}, {"name": "Christophe Barraud", "type": "Director"}]	/tv/72879/watch
14373	1985-09-14	1985	95	6	7.4	[{"name": "June Foray", "type": "Actor"}, {"name": "Lorenzo Music", "type": "Actor"}, {"name": "Katie Leigh", "type": "Actor"}, {"name": "Jim Cummings", "type": "Actor"}, {"name": "Noelle North", "type": "Actor"}, {"name": "Art Vitello", "type": "Director"}, {"name": "Jymn Magon", "type": "Director"}]	 
14767	2023-10-20	2023	12	1	9.5	[{"name": "Elisavet Konstantinidou", "type": "Actor"}, {"name": "Renia Louizidou", "type": "Actor"}, {"name": "Anni Theoxari", "type": "Actor"}, {"name": "Meni Konstantinidou", "type": "Actor"}, {"name": "Lydia Tzanoudaki", "type": "Actor"}, {"name": "Antonis Aggelopoulos", "type": "Director"}]	 
14768	1997-01-05	1997	2	1	5.9	[{"name": "Charles Dance", "type": "Actor"}, {"name": "Emilia Fox", "type": "Actor"}, {"name": "Diana Rigg", "type": "Actor"}, {"name": "Faye Dunaway", "type": "Actor"}, {"name": "Jonathan Cake", "type": "Actor"}, {"name": "Jim O'Brien", "type": "Director"}]	 
14775	1985-01-02	1985	3	1	7.4	[{"name": "Miranda Richardson", "type": "Actor"}, {"name": "John Mills", "type": "Actor"}, {"name": "Liam Neeson", "type": "Actor"}, {"name": "Barry Bostwick", "type": "Actor"}, {"name": "Jenny Seagrove", "type": "Actor"}, {"name": "Don Sharp", "type": "Director"}]	 
14782	1986-02-02	1986	3	1	7.7	[{"name": "Joan Collins", "type": "Actor"}, {"name": "Timothy Dalton", "type": "Actor"}, {"name": "Jean-Pierre Aumont", "type": "Actor"}, {"name": "Marisa Berenson", "type": "Actor"}, {"name": "Steven Berkoff", "type": "Actor"}, {"name": "Douglas Hickox", "type": "Director"}]	 
14397	2000-12-25	2000	2	1	7.9	[{"name": "Kenneth Branagh", "type": "Actor"}, {"name": "Kate Bartlett", "type": "Director"}]	 
14790	2021-07-03	2021	16	1	8.5	[{"name": "Ji Sung", "type": "Actor"}, {"name": "Kim Min-jung", "type": "Actor"}, {"name": "Jinyoung", "type": "Actor"}, {"name": "Park Gyu-young", "type": "Actor"}, {"name": "Jang Young-nam", "type": "Actor"}, {"name": "Choi Jung-kyu", "type": "Director"}]	 
14791	2017-05-22	2017	24	1	8	[{"name": "Nur Fazura", "type": "Actor"}, {"name": "Fattah Amin", "type": "Actor"}, {"name": "Uqasha Senrose", "type": "Actor"}, {"name": "Fikri Ibrahim", "type": "Actor"}, {"name": "Jasmine Suraya", "type": "Actor"}, {"name": "Michael Ang", "type": "Director"}]	 
14792	1996-04-04	1996	26	1	7.857	[{"name": "Maria Kawamura", "type": "Actor"}, {"name": "Maria Kawamura", "type": "Actor"}, {"name": "Yuko Mita", "type": "Actor"}, {"name": "Hiroshi Sasagawa", "type": "Director"}, {"name": "Takaaki Ishiyama", "type": "Director"}]	 
14794	2010-03-31	2010	20	1	6.4	[{"name": "Moon Geun-young", "type": "Actor"}, {"name": "Seo Woo", "type": "Actor"}, {"name": "Chun Jung-myung", "type": "Actor"}, {"name": "Ok Taec-yeon", "type": "Actor"}, {"name": "Lee Mi-sook", "type": "Actor"}, {"name": "Kim Young-jo", "type": "Director"}, {"name": "Kim Won-suk", "type": "Director"}]	 
14300	2023-10-11	2023	14	1	8.438	[{"name": "Park Gyu-young", "type": "Actor"}, {"name": "Cha Eun-woo", "type": "Actor"}, {"name": "Lee Hyun-woo", "type": "Actor"}, {"name": "Yoon Hyun-soo", "type": "Actor"}, {"name": "Kim Yi-kyeong", "type": "Actor"}, {"name": "Kim Dae-woong", "type": "Director"}]	/tv/209502/watch
14332	2023-11-01	2023	14	1	7.4	[{"name": "Kim Young-dae", "type": "Actor"}, {"name": "Pyo Ye-jin", "type": "Actor"}, {"name": "On Ju-wan", "type": "Actor"}, {"name": "Jung Woong-in", "type": "Actor"}, {"name": "Lee Kyung-young", "type": "Actor"}, {"name": "Pyo Min-soo", "type": "Director"}]	/tv/230924/watch
14353	2014-05-27	2014	45	4	7.592	[{"name": "Eoin Macken", "type": "Actor"}, {"name": "Jill Flint", "type": "Actor"}, {"name": "Brendan Fehr", "type": "Actor"}, {"name": "Robert Bailey Jr.", "type": "Actor"}, {"name": "James Roch", "type": "Actor"}, {"name": "Eriq La Salle", "type": "Director"}, {"name": "David Boyd", "type": "Director"}, {"name": "Tara Nicole Weyr", "type": "Director"}]	/tv/60804/watch
14283	1975-10-11	1975	961	49	6.9	[{"name": "Michael Che", "type": "Actor"}, {"name": "Mikey Day", "type": "Actor"}, {"name": "Kenan Thompson", "type": "Actor"}, {"name": "Heidi Gardner", "type": "Actor"}, {"name": "Ego Nwodim", "type": "Actor"}, {"name": "Liz Patrick", "type": "Director"}]	/tv/1667/watch
14797	2012-04-29	2012	10	1	8.7	[{"name": "Liesa Naert", "type": "Actor"}, {"name": "Tine Embrechts", "type": "Actor"}, {"name": "Clara Cleymans", "type": "Actor"}, {"name": "Wietse Tanghe", "type": "Actor"}, {"name": "Bart De Pauw", "type": "Actor"}, {"name": "Jan Matthys", "type": "Director"}]	 
14798	2017-10-30	2017	45	1	4.3	[{"name": "Raymond Lam", "type": "Actor"}, {"name": "Tang Yixin", "type": "Actor"}, {"name": "Ray Zhang", "type": "Actor"}, {"name": "Maggie Chen", "type": "Actor"}, {"name": "Xu Rong-zhen", "type": "Actor"}, {"name": "Shao Jing Hui", "type": "Director"}]	 
14800	2013-01-02	2013	6	1	8.3	[{"name": "David Attenborough", "type": "Actor"}, {"name": "Katrina Bartlam", "type": "Director"}]	 
14795	2016-10-07	2016	12	1	8.457	[{"name": "Yu Kobayashi", "type": "Actor"}, {"name": "Keisuke Komoto", "type": "Actor"}, {"name": "Nobunaga Shimazaki", "type": "Actor"}, {"name": "Miyuki Sawashiro", "type": "Actor"}, {"name": "Yoshitsugu Matsuoka", "type": "Actor"}, {"name": "Hiroshi Ishiodori", "type": "Director"}]	 
14799	2018-02-21	2018	55	1	7.8	[{"name": "Hu Bingqing", "type": "Actor"}, {"name": "Zhang Danfeng", "type": "Actor"}, {"name": "Ady An", "type": "Actor"}, {"name": "Xu Zhengxi", "type": "Actor"}, {"name": "Li Yixiao", "type": "Actor"}, {"name": "Shu-Pui Hou", "type": "Director"}]	 
14380	1960-09-30	1960	166	6	7.364	[{"name": "Alan Reed", "type": "Actor"}, {"name": "Jean Vander Pyl", "type": "Actor"}, {"name": "Mel Blanc", "type": "Actor"}, {"name": "Gerry Johnson", "type": "Actor"}, {"name": "Don Messick", "type": "Actor"}, {"name": "Joseph Barbera", "type": "Director"}]	/tv/1996/watch
14785	2023-11-16	2023	6	1	7.1	[{"name": "Brigitte Hobmeier", "type": "Actor"}, {"name": "Robert Stadlober", "type": "Actor"}, {"name": "Marie-Luise Stockinger", "type": "Actor"}, {"name": "Laeni Geiseler", "type": "Actor"}, {"name": "Paolo di Sapia", "type": "Actor"}, {"name": "Catalina Molina", "type": "Director"}, {"name": "Esther Rauch", "type": "Director"}]	/tv/237627/watch
14764	2023-12-06	2023	6	1	7.4	[{"name": "Tewfik Jallab", "type": "Actor"}, {"name": "Nicolas Duvauchelle", "type": "Actor"}, {"name": "Idir Azougli", "type": "Actor"}, {"name": "Jeanne Goursaud", "type": "Actor"}, {"name": "Olivier Barthélémy", "type": "Actor"}, {"name": "Olivier Marchal", "type": "Director"}, {"name": "Ivan Fegyveres", "type": "Director"}]	/tv/216985/watch
15047	2019-05-20	2019	8	1	6.4	[{"name": "Aleksandr Pal", "type": "Actor"}, {"name": "Evgeniy Kulik", "type": "Actor"}, {"name": "Azamat Musagaliev", "type": "Actor"}, {"name": "Margarita Abroskina", "type": "Actor"}, {"name": "Valentina Mazunina", "type": "Actor"}, {"name": "Alexey Nuzhnyy", "type": "Director"}]	 
15050	2013-10-09	2013	20	1	7.824	[{"name": "Park Shin-hye", "type": "Actor"}, {"name": "Lee Min-ho", "type": "Actor"}, {"name": "Kim Woo-bin", "type": "Actor"}, {"name": "Kim Ji-won", "type": "Actor"}, {"name": "Kang Min-hyuk", "type": "Actor"}, {"name": "Kang Shin-hyo", "type": "Director"}, {"name": "Boo Seong-cheol", "type": "Director"}]	 
15051	1976-04-02	1976	21	1	8	[{"name": "Hiroshi Ôtake", "type": "Actor"}, {"name": "Kazuyuki Sogabe", "type": "Actor"}, {"name": "Rihoko Yoshida", "type": "Actor"}, {"name": "Tetsuo Mizutori", "type": "Actor"}, {"name": "Keiko Yamamoto", "type": "Actor"}, {"name": "Yugo Serikawa", "type": "Director"}]	 
15052	2021-10-31	2021	40	1	6	[{"name": "Xing Zhaolin", "type": "Actor"}, {"name": "Renzi Jian", "type": "Actor"}, {"name": "Xuan Lu", "type": "Actor"}, {"name": "Wang Qing", "type": "Actor"}, {"name": "Huo Qing", "type": "Actor"}, {"name": "Li Xiaojiang", "type": "Director"}]	 
15053	2021-08-11	2021	3	1	6.2	[{"name": "Bill Farmer", "type": "Actor"}, {"name": "Corey Burton", "type": "Actor"}, {"name": "Eric Goldberg", "type": "Director"}]	 
14789	2016-08-12	2016	16	1	7.207	[{"name": "Jung Il-woo", "type": "Actor"}, {"name": "Park So-dam", "type": "Actor"}, {"name": "Ahn Jae-hyun", "type": "Actor"}, {"name": "Lee Jung-shin", "type": "Actor"}, {"name": "Hye-ri Kim", "type": "Actor"}, {"name": "Kwon Hyuk-chan", "type": "Director"}]	 
14784	2023-11-17	2023	26	1	7.8	[{"name": "Charmaine Sheh", "type": "Actor"}, {"name": "Ma Kwok-Ming", "type": "Actor"}, {"name": "Selena Lee", "type": "Actor"}, {"name": "Samantha Ko", "type": "Actor"}, {"name": "Regina Ho", "type": "Actor"}, {"name": "Chung Shu-Kai", "type": "Director"}]	 
14257	2011-04-24	2011	9	1	7.4	[{"name": "Emi Takei", "type": "Actor"}, {"name": "Tori Matsuzaka", "type": "Actor"}, {"name": "Kento Kaku", "type": "Actor"}, {"name": "Kento Nagayama", "type": "Actor"}, {"name": "Keisuke Minami", "type": "Actor"}, {"name": "Hibino Akira", "type": "Director"}, {"name": "Naomi Tamura", "type": "Director"}, {"name": "Renpei Tsukamoto", "type": "Director"}]	 
15054	2013-01-27	2013	3	1	7	[{"name": "Tatiana Pauhofová", "type": "Actor"}, {"name": "Jaroslava Pokorná", "type": "Actor"}, {"name": "Petr Stach", "type": "Actor"}, {"name": "Vojtěch Kotek", "type": "Actor"}, {"name": "Patrik Děrgel", "type": "Actor"}, {"name": "Agnieszka Holland", "type": "Director"}]	/tv/59149/watch
14783	2019-04-17	2019	4	1	8.4	[{"name": "Chiwetel Ejiofor", "type": "Actor"}, {"name": "Laurent Lafitte", "type": "Actor"}, {"name": "Justin Anderson", "type": "Director"}, {"name": "Paul Thompson", "type": "Director"}]	/tv/88307/watch
14329	2020-11-02	2020	848	4	6.9	[{"name": "Aurélie Pons", "type": "Actor"}, {"name": "Julie Sassoust", "type": "Actor"}, {"name": "Rébecca Benhamour", "type": "Actor"}, {"name": "Nicolas Anselmo", "type": "Actor"}, {"name": "Catherine Davydzenka", "type": "Actor"}, {"name": "Christophe Barraud", "type": "Director"}]	/tv/112470/watch
15049	2013-09-23	2013	10	1	10	[{"name": "Anton Feoktistov", "type": "Actor"}, {"name": "Olga Lerman", "type": "Actor"}, {"name": "Sergey Sosnovsky", "type": "Actor"}, {"name": "Oleksiy Horbunov", "type": "Actor"}, {"name": "Vladimir Karpov", "type": "Actor"}, {"name": "Eduard Parri", "type": "Director"}]	/tv/63449/watch
14793	2023-05-08	2023	221	1	6.486	[{"name": "Barbara Reis", "type": "Actor"}, {"name": "Cauã Reymond", "type": "Actor"}, {"name": "Tony Ramos", "type": "Actor"}, {"name": "Glória Pires", "type": "Actor"}, {"name": "Eliane Giardini", "type": "Actor"}, {"name": "Luiz Henrique Rios", "type": "Director"}, {"name": "João Paulo Jabur", "type": "Director"}, {"name": "Tande Bressane", "type": "Director"}, {"name": "Jeferson De", "type": "Director"}, {"name": "Joana Clark", "type": "Director"}, {"name": "Felipe Herzog", "type": "Director"}, {"name": "Juliana Vicente", "type": "Director"}]	/tv/209265/watch
14773	2023-09-27	2023	12	1	9.2	[{"name": "Tor Supakorn Wuttinansurasit", "type": "Actor"}, {"name": "Wanut Sangtianprapai", "type": "Actor"}, {"name": "Toey Puwanat Ruengves", "type": "Actor"}, {"name": "Kanist Piyapaphakornkoon", "type": "Actor"}, {"name": "Intira Jaroenpura", "type": "Actor"}, {"name": "Siwaj Sawatmaneekul", "type": "Director"}]	/tv/232600/watch
14301	2018-01-24	2018	6	1	7.4	[{"name": "Michael Shannon", "type": "Actor"}, {"name": "Taylor Kitsch", "type": "Actor"}, {"name": "Rory Culkin", "type": "Actor"}, {"name": "Paul Sparks", "type": "Actor"}, {"name": "Andrea Riseborough", "type": "Actor"}, {"name": "Dennie Gordon", "type": "Director"}, {"name": "John Erick Dowdle", "type": "Director"}]	/tv/74140/watch
14210	2023-08-22	2023	4	1	7.3	[{"name": "Urban Meyer", "type": "Actor"}, {"name": "Tim Tebow", "type": "Actor"}, {"name": "Katharine English", "type": "Director"}]	/tv/231297/watch
14239	2023-09-25	2023	125	1	5.5	[{"name": "Deborah Secco", "type": "Actor"}, {"name": "Késia Estácio", "type": "Actor"}, {"name": "Isabel Teixeira", "type": "Actor"}, {"name": "Thalita Carauta", "type": "Actor"}, {"name": "Maria Clara Spinelli", "type": "Actor"}, {"name": "Amora Mautner", "type": "Director"}]	/tv/219109/watch
14310	2022-08-12	2022	12	1	9.2	[{"name": "Kanaphan Puitrakul", "type": "Actor"}, {"name": "Thanawat Ratanakitpaisan", "type": "Actor"}, {"name": "Trai Nimtawat", "type": "Actor"}, {"name": "Thanawin Teeraphosukarn", "type": "Actor"}, {"name": "Chayapol Jutamas", "type": "Actor"}, {"name": "Tanwarin Sukkhapisit", "type": "Director"}]	/tv/207024/watch
14361	2023-11-05	2023	10	1	6.667	[{"name": "Simon J. Berger", "type": "Actor"}, {"name": "Niklas Fröberg", "type": "Director"}, {"name": "Niklas Vidinghoff", "type": "Director"}]	/tv/238406/watch
14766	1995-07-03	1995	209	1	8.7	[{"name": "Regina Duarte", "type": "Actor"}, {"name": "José Mayer", "type": "Actor"}, {"name": "Carolina Ferraz", "type": "Actor"}, {"name": "Carla Marins", "type": "Actor"}, {"name": "Lília Cabral", "type": "Actor"}, {"name": "Ricardo Waddington", "type": "Director"}, {"name": "Alexandre Avancini", "type": "Director"}, {"name": "Roberto Naar", "type": "Director"}]	/tv/41743/watch
14388	2022-09-05	2022	448	1	4.3	[{"name": "Carmina Villarroel", "type": "Actor"}, {"name": "Jillian Ward", "type": "Actor"}, {"name": "Richard Yap", "type": "Actor"}, {"name": "Dominic Ochoa", "type": "Actor"}, {"name": "Pinky Amador", "type": "Actor"}, {"name": "L.A. Madridejos", "type": "Director"}]	/tv/209609/watch
\.


--
-- Data for Name: tv_details; Type: TABLE DATA; Schema: tv; Owner: postgres
--

COPY tv.tv_details (id, tv_id, language, title, overview, poster_path) FROM stdin;
1	14207	EN	Sweet Life	A Turkish remake of "The Jeffersons". With Ihsan Yildirim's cleaning business booming, he insisted his family leave the "plain folks" and move up to Etiler with the "fancy folks." It is Ihsan's hope that relocation and his newly acquired wealth will mean the end of his problems in general and his troubles with neighbors in specific. But life in a luxurious high rise holds some unexpected pitfalls for the Yildirims, including Basar's struggle to convince his father that his marriage into a Turkish-Greek mixed family is cause for celebration, not disappointment. All events in Yildirim's lives is accompanied by its share of problems, confusion and most of all humor.	/tGFkjXoAFoYXIqQTOOUXjF2L7JX.jpg
2	14210	EN	Untold: Swamp Kings	This docuseries explores how legendarily ruthless football coach Urban Meyer turned the ragtag 2000s-era Florida Gators into a ferocious winning machine.	/1k11WdwcH1sz52c0UvZ60UhpuQi.jpg
3	14210	ES	Secretos del deporte: Los reyes del pantano	Esta serie documental explora cómo el legendario y despiadado entrenador de fútbol Urban Meyer convirtió a los heterogéneos Florida Gators de la década de 2000 en una feroz máquina ganadora.	/1k11WdwcH1sz52c0UvZ60UhpuQi.jpg
4	14214	EN	Perfect Marriage Revenge	Waking from a fatal accident to find herself in the past, Han Yi-joo teams up with Seo Do-guk to take revenge on the family who never loved her.	/g6ieJxZTWka1wUhBqZE9Yks005g.jpg
5	14214	ES	La venganza matrimonial perfecta	Han Yi Joo es pintor, fue adoptada por Han Jin Woong y Lee Jung Hye, su padre dirige Hanwool Financial Group. Sin embargo, Han Yi Joo no era amada por sus padres ni por su hermana menor Han Yoo Ra, siempre estuvo aislada de su familia. Ahora, Han Yi Joo está casada con Jung Se Hyeok y se entera de que su marido ama a su hermana Han Yoo Ra y no a ella. Ese mismo día, Han Yi Joo sufre un accidente automovilístico y muere.	/sgYPKcQARJpmc2wFG5IGJ6vPuyi.jpg
6	14221	EN	Renascence	After being reborn, a woman eradicates the obstacles in her way one at a time in the name of vengeance.\n\nYao Mo Xin, the queen of Great Chu, falls prey to the schemes in the royal court. After Yao Mo Wan visited her pregnant sister in the palace who was poisoned and dying, her sister's soul is transferred to her younger sister Yao Mo Wan after they touched each other. At this time, Yao Mowan whose body was occupied by her sister Yao Mo Xin was being chased down by her enemies. She falls off a cliff and loses her memories.	/uMtlPGfbzXGGJ1kGP7nEDc72EaF.jpg
7	14225	EN	Black	A Grim Reaper, a detective and a woman who foresees death get ensnared in matters of life and death -- and dark mysteries of twenty years past.	/1cBjzxqoNC9NTAKI4PeivjIEHoa.jpg
8	14225	ES	Black	Un espectro, un detective y una mujer capaz de predecir la fatalidad acaban enredados en cuestiones de vida o muerte y en oscuros misterios del pasado.	/wbvBbtjwEDVBTTLqs4Hw8I8uoDV.jpg
9	14231	EN	Shaka iLembe	Set in the 1700s, Shaka iLembe tells the story of the making of the iconic African king, with iterations from his early childhood through to adulthood.	/unst24GN4ide77Sa0FWrp6mdVGC.jpg
10	14232	EN	Remember Me	Are you still able to recall those nostalgic days when you'd anxiously anticipate that much-awaited reply from the one you loved? Handwritten letters. MSN Messenger. Blackberry. LINE. Even though times have changed, messages have always allowed us to convey our feelings of love. But while communication helps bring us closer, does it also somehow deepen the distance between our hearts?	/FFyxC7sLBiPnvAWe9udmJ3WZPS.jpg
11	14233	EN	Guns & Gulaabs	In the cartel-run town of Gulaabgunj, an unprecedented opium deal pulls a big-city cop and a lovesick mechanic into its chaotic clutches.	/yRSvwppi9u77UWGPrRgJoTfv5DR.jpg
12	14234	EN	South Sea Tomb	Hu Bayi and Fatty Wang had planned to go abroad with Shirley Yang. However, they were entrusted by Professor Chen to travel to the Coral Spiral with Mr. Ming to search for the Qin Emperor's Bone Mirror. They befriended Ruan Hei, Gucai, and Duoling on Coral Temple Island. Together, they set sail. One night, they were sucked into the underwater cave of Guixu. In despair, Hu Bayi and Shirley Yang decided to risk their lives using the Sun-shooting wooden mechanism to lead everyone out of Guixu.	/tfI2vrPXhpcwhv0CdpNeRKQEOCm.jpg
13	14236	EN	Dead Set	Zombies are rampaging throughout Britain. Blissfully unaware of gory events outside, the Big Brother housemates are in for the ultimate eviction night...	/wks5MzDsW5zg5KrQz0JCcefDNeM.jpg
14	14236	ES	Dead Set: Muerte en directo	Durante una edición del Big Brother inglés, coincidiendo con una gala de expulsión, la ciudad entera es infectada en cuestión de horas por hordas de zombis que quieren entrar en la casa y no saben cómo. Los únicos en no haber sido infectados son los concursantes y parte del equipo técnico que están dentro del set del programa, que se mantienen ajenos a lo que ocurre en el exterior, aunque no por mucho tiempo...	/wks5MzDsW5zg5KrQz0JCcefDNeM.jpg
15	14239	EN	Elas por Elas	Seven friends who met in their youth at an English course meet again 25 years later; Lara, Taís, Helena, Adriana, Renée, Natália and Carol, each of them has a different personality and origin, but they share a deep affection.	/m0cvvnhnRXdQhLARx7qt9lz7hTE.jpg
16	14242	EN	Split	On the set of a film, Anna, a 30-year-old stuntwoman, falls in love with the star she's understudying. She thought she was happily married, but will she find the courage to step out of her heterosexuality and confront this overwhelming desire?	/yROvDhvp9xfnJ0dwS3wl9ym0Wzw.jpg
17	14244	EN	Kitchen Nightmares	Chef Gordon Ramsay hits the road to help struggling restaurants all over the United States turn their luck around. Ramsay examines the problems each establishment faces, from unsanitary refrigerators to lazy or inexperienced staff, and searches for resolutions. With help from his team, Ramsay redecorates each eatery to give it a fresh new look and updates the menu as needed. Ramsay's ultimate goal is to make the restaurants he visits popular and profitable, but it's up to the restaurateurs to take his advice and turn their business nightmare into the American dream.	/7A1oUuJzIj3Wb3wGnLmrefZKxdb.jpg
18	14249	EN	Sunset	Love, passion, mystery, betrayal makes the days of the Pôr do Sol estate. The Bourbon de Linhaça family owns the Pôr do Sol estate, but not everything is rosy...	/9p7j37NuTuEFaM1Fr3yp9CyYzOu.jpg
19	14250	EN	Insanity	A personal tragedy causes young forensics investigator Paula to have a breakdown, which results in her admittance to a psychiatric hospital. There, she is pulled into the darkest and most terrifying corners of her mind by a mysterious doctor.	/ykVynn56EZiM4DkRRHGvLmi81q7.jpg
20	14250	ES	Insania	Una tragedia personal le provoca a Paula, una joven policía científica, una crisis que la lleva a ingresar en un hospital psiquiátrico. Allí se verá arrastrada hasta los rincones más oscuros y terroríficos de su mente de la mano de un misterioso doctor.	/hFYCcL7UenTEf8YYqehwRvm1WIO.jpg
21	14252	EN	Serenade of Peaceful Joy	A story that follows Emperor Renzong of Song as he struggles between maintaining his ideologies of governing the country and his love for his daughter.	/pamoSnh9EJLUO4DWWwi5EmEmL9r.jpg
22	14253	EN	Castaway Diva	Fifteen years after being stranded on a remote island, an aspiring singer reenters society — stopping at nothing to pursue her dream of becoming a diva.	/ekCpsLGHkOtJ2LD3wBsbW41Vo0D.jpg
23	14253	ES	Castaway Diva	Seo Mok Ha era una joven brillante y positiva que vivía en una isla, su sueño era convertirse en cantante. Persiguiendo su sueño, decidió asistir a una audición que se estaba realizando en Seúl. En su camino hacia allí, se queda varada en una isla desierta. Después de 15 años, Seo Mok Ha es rescatada de la isla desierta e intenta adaptarse a un mundo desconocido, manteniendo una actitud alegre, y aún persigue su sueño de convertirse en una diva.	/uVSmm2MdzXLIxylmMRyUqbKWIWv.jpg
24	14254	EN	Can't Buy Me Love	When a young man gets caught up in a deadly plot against a rich woman, he pays a devastating cost to free her - creating a debt that binds them together.	/jCGaLxSOANF44kAQqpA380Md1fq.jpg
25	14255	EN	Tsundero	Yuka Yoshii, the idol of her school who is beautiful to look at, has excellent grades and is quite versatile in sports, she is also a great pervert who loves to fulfill her sexual desires and fantasies. Takashi Kinoshita is also a big pervert on his level, so they seem to be one for another.Yuka discovers him harassing her and masturbating with her underwear, so her libido overcomes her and it doesn't take long for her to start sucking that member that she had always dreamed of. With the promise that she won't tell anyone what happened, Yuka finally gets the chance to make her fantasies of intense sex between a perverted virgin and a boy she doesn't really know come true.	/ohfZzVD51alDHHGracqIjyRM141.jpg
26	14257	EN	Asuka High School March!	Nao Yoshino is a girl who fails the entrance exams of her target high school. She winds up enrolling in a technical high school called Kenritsu Asuka Kōgyō Kōkō, also known by the nickname "Asukō". Out of the 148 entering freshmen, only three are girls, and Nao is the only one in her class.	/52bPEAFe0P3v5AENuvB7cT8grcT.jpg
27	14257	ES	Asuko March!	Nao Yoshino (Takei Emi)  no consigue aprobar los exámenes de admisión de la escuela a la que  deseaba ir, y termina ingresando a la escuela técnica Kenritsu Asuka  Kougyou Koukou, conocida como "Asuko." Nao debe enfrentarse al desafío  de ser la única mujer en su clase, ya que por ser una escuela técnica,  solamente son 3 la chicas que imgresan de entre 148 estudiantes nuevos.\r\nAl principio, se sentirá sola pero pronto la amistad y el amor  florecerán para Nao.	/52bPEAFe0P3v5AENuvB7cT8grcT.jpg
28	14258	EN	Argon	In a world filled with provocative (and often misleading) news, a passionate team of investigative TV reporters strives to bring truths to light.	/10owHXs2WFV5AlWFGGeq3U3nEzX.jpg
29	14258	ES	Argon	En un mundo lleno de noticias provocadoras, y a menudo engañosas, un grupo de apasionados reporteros de televisión lucha por sacar la verdad a la luz.	/10owHXs2WFV5AlWFGGeq3U3nEzX.jpg
30	14259	EN	Heroines	This is a story about justice and courage. The seemingly hot-blooded and straightforward girl, Security Captain Luo Shiqi, and the cold and resolute ranger Xia Zhiqiu, fight continuously against powerful enemies in the already-hopeless Jiu Yun Town, forging an invisible sword of justice with their beliefs and courage.(GPT)	/ouzk5KP0xOpiQ7rhs92GHRliG4b.jpg
31	14260	EN	The Westward	The journey to the West was a conspiracy of heaven! After Sutra went missing for more than a decade, Heaven sent its army to search, in order not to let the Sutra once again fall into the hands of heaven, the journey to West begin again.	/hn6LHTz1gFsXQYR9TLRMNO0dzgn.jpg
32	14262	EN	Sweet Home	As humans turn into savage monsters and the world plunges into terror, a handful of survivors fight for their lives — and to hold on to their humanity.	/u8sLAJUvY9yzWqtVfKRQz5yin3D.jpg
33	14262	ES	Sweet Home	Cuando unos monstruos brutales siembran el terror y amenazan a la humanidad, un adolescente problemático y atormentado es la mejor baza de sus vecinos para sobrevivir.	/eNfNu9sJ2eVmMcbrKpgEovPoyB8.jpg
34	14263	EN	Cherry Magic! Thirty Years of Virginity Can Make You a Wizard?!	While still a virgin at the age of 30, Kiyoshi Adachi gains a magical power that allows him to read other people's mind by touching them. Things change when he accidentally touches Yuichi Kurosawa and reads his mind.	/77DWYclChQgd81JBTlRxTH7yiVm.jpg
35	14263	ES	Cherry Magic!	Kiyoshi Adachi es un oficinista de 30 años que adquiere la capacidad de leer la mente de cualquier persona a la que tocan, adquirida simplemente manteniendo su virginidad durante 30 años. Confundido por su nuevo poder, toca accidentalmente a su compañero de trabajo, Yūichi Kurosawa, quien también resulta ser el tipo más atractivo y el mejor vendedor de la empresa. Este breve contacto ya le revela a Adachi que Kurosawa está locamente enamorado de él, una comprensión inesperada detrás del comportamiento generalmente tranquilo y sereno de Kurosawa. Su relación está en juego mientras Adachi descubre cómo navegar por la vida escuchando las voces de los corazones de las personas.	/ncd3utPYXo65HxrDRhb1tGIrast.jpg
36	14268	EN	Fights Break Sphere	Xiao Yan is a genius child who suddenly loses all his powers.\n\nIn a world governed by strength and power, Xiao Yan’s lack of talent is an embarrassment to his family. At the age of 15, Xiao Yan accidentally summons Yaochen from his mother’s ring. With the elder’s help, Xiao Yan’s skills improve by leaps and bounds.\n\nAfter his entire family is assassinated, Xiao Yan embarks on a journey to find his family’s killer and return peace to the Jianghu (martial world).	/quF64x6cR0dk38v2Y2kTJKJWU1H.jpg
37	14268	ES	Fights Break Sphere	Xiao Yan es un niño genio que de repente pierde todos sus poderes. En un mundo gobernado por la fuerza y el poder, la falta de talento de Xiao Yan es una vergüenza para su familia. A la edad de 15 años, Xiao Yan invoca accidentalmente a Yao Chen del anillo de su madre. Con la ayuda de los ancianos, las habilidades de Xiao Yan mejoran a pasos agigantados. Después de que toda su familia es asesinada, Xiao Yan se embarca en un viaje para encontrar al asesino de su familia y devolverle la paz al Jianghu (mundo marcial).	/o97lhfeI0xjErWBZekxhqBif8kq.jpg
39	14272	EN	Monsters Inside Me	Part horror movie, part medical detective story, find out what happens when people fall prey to an infection from a parasite, those nasty microscopic creatures found in water, soil and even in the air. Victims' stories are retold, including how doctors and scientists attempt to unravel each case before it's too late. Biologist Dan Riskin, assisted by doctors and experts who witnessed each case, leads the scientific discussion about each parasite.	/rf5uz7repORPo9B3QElI4EsFll1.jpg
38	14271	EN	Have a Crush On You	Ruan Liu Zheng returns to her hometown after seven years, and becomes a neurosurgeon at Bei Ya Hospital. However, she did not expect to meet her ex-husband, Ning Zhi Qian, who is the most experienced neurosurgeon at Bei Ya Hospital. Ning Zhi Qian volunteers to be Ruan Liu Zheng's mentor, in order to make up for the hurt he caused her. Ruan Liu Zheng is no longer the weak and timid girl, and shows resolute and determination in both her work and relationship. During work, Ruan Liu Zheng clashes with Ning Zhi Qian, but also works alongside him to save lives. When they were in Africa to execute medical relief efforts, Ning Zhi Qian was injured while saving a patient. Ruan Liu Zheng did not leave his side, and fought hard to save him from the brink of death. Over time, the two gain a new understanding of life, and begin a new relationship.	/dJlzLrix9qFfQ6X57jDhVz91IDw.jpg
40	14283	EN	Saturday Night Live	A late-night live television sketch comedy and variety show created by Lorne Michaels. The show's comedy sketches, which parody contemporary culture and politics, are performed by a large and varying cast of repertory and newer cast members. Each episode is hosted by a celebrity guest, who usually delivers an opening monologue and performs in sketches with the cast, and features performances by a musical guest.	/sHGuKFjIBisPk8cvtCZTDVktYfs.jpg
41	14283	ES	Saturday Night Live	Saturday Night Live es un show televisivo nocturno estadounidense, emitido en vivo, que revolucionó la televisión en los años 70 con su combinación de sketches, comedia, variedad, actores, músicos, e invitados especiales. Ha sido una cantera generadora de talentos muy fuerte de varios guinistas, actores, escritores, productores y cantantes. Creado por Lorne Michaels y desarrollado por Dick Ebersol, el programa fue estrenado por la cadena de televisión NBC. Durante más de 30 años, el programa ha presentado personajes locos, situaciones humorísticamente extrañas, parodias de los presidentes y políticos de turno, sarcásticas burlas a celebridades contemporáneas de la música y del cine, y shows musicales en vivo. Su reparto se compone de miembros repertorios, también conocidos como The Not Ready for Prime-Time Players (el nombre del reparto original del programa, que viene a significar «La Compañía No Apta para las Horas de Máxima Audiencia»), y nuevos miembros quienes se conocen como The Featured Players («La Compañía Destacada»).	/sHGuKFjIBisPk8cvtCZTDVktYfs.jpg
42	14297	EN	Digimon: Data Squad	Masaru, is a second year Junior High student, and is undefeated in  battle, He meets the Digital Monster Agumon, who has escaped from DATS,  a secret government organization. Despite terrible first impressions,  the two become best friends by talking with their "fists". With others,  Masaru and Agumon work to investigate various incidents involving the  Digital World and Digital Monsters, to try and get to the bottom of  things.	/4QTKbEorKBdnrjf4K7UapqarMa2.jpg
43	14297	ES	Digimon Savers	Masaru Daimon, un chico de 17 años con bastante temperamento, se encuentra inesperadamente con Agumon, un digimon que había escapado de la organización gubernamental secreta DATS. Estos se retan a una pelea, llegando a un empate, por lo que terminan aceptándose el uno al otro, haciéndose amigos. Es cuando comienzan a aparecer digimons en la ciudad, causando estragos. Tras vencer Masaru a Kokatorimon, él y su reciente amigo Agumon, son detenidos y llevados al cuartel de DATS. Esta organización tiene como misión principal la de bloquear la acción de cualquier digimon que aparezca en el mundo real de la manera más silenciosa, llevándolos de vuelta al mundo digital de donde provienen y borrando las memorias de los ciudadanos que han llegado a ver a uno de estos seres. Por tanto, la existencia de los digimon sólo es conocida por los miembros de DATS, de la que Masaru termina formando parte.	/tAEyTqeZe1HevMwN4kUgaFZ9nXV.jpg
44	14300	EN	A Good Day to be a Dog	Hae-na who is bound to inherit her family curse which is turning into a dog after getting her first kiss. The only way to break the curse is to get a second kiss. The problem is the guy who gave Hae-na her first kiss is afraid of dogs.	/yzrgREOGseOgCtPbfoE3uW9Xuvq.jpg
45	14300	ES	Un buen día para ser un perro	Hae-na está destinada a heredar la maldición de su familia, que consiste en convertirse en perro tras recibir su primer beso. La única forma de romper la maldición es recibir un segundo beso. El problema es que el chico que le dio a Hae-na su primer beso tiene miedo a los perros.	/v3NqMcK3tkUXHSpWs0UYVdUruXD.jpg
46	14301	EN	Waco	The harrowing true story of the 1993 standoff between the FBI, ATF and the Branch Davidians, a spiritual sect led by David Koresh in Waco, TX that resulted in a deadly shootout and fire.	/14q24aBfJPrjumuWjKKA6Bwml2A.jpg
47	14301	ES	Waco	Miniserie compuesta de 6 partes que narra los trágicos eventos sucedidos en la secta religiosa liderada por David Koresh en Waco, Texas.	/14q24aBfJPrjumuWjKKA6Bwml2A.jpg
48	14310	EN	The Eclipse	School is the second home that will shape them to continue to grow in society, but if school rules become a problem, do these students have no right to fight for what they've stolen? In schools, when there are rulers, there are also those who wish to break the rules, and that clash may may drive love between two people.	/upelDW5lk3wu0F4Cz9vVwXNvluE.jpg
49	14310	ES	The Eclipse	La escuela es el segundo hogar que los moldeará para seguir creciendo en la sociedad, pero si las reglas escolares se convierten en un problema, ¿no tendrán estos estudiantes derecho a luchar por lo que han robado? En las escuelas, cuando hay gobernantes, también hay quienes desean romper las reglas, y ese choque puede impulsar el amor entre dos personas.	/gDBrSiwZfWRPDjwwOHMUCUj6QxK.jpg
50	14312	EN	Cutie Pie	The sons of two companies, Lian Kilen Wang and Kuea Keerati, were engaged to each other at the request of their families; one doesn't want an arranged marriage while the other wants to win him over.	/o7qNQJJBRHvd3ZDheQFrkt9SRdk.jpg
51	14312	ES	Cutie Pie	Lian Kilen Wang y Kuea “Kirin” Keerati están en un dilema. Debido a una promesa hecha a sus padres y abuelos, se encuentran encaminándose hacia un matrimonio arreglado. El último es un músico de espíritu libre, vocalista y baterista, mientras que el primero es un hombre de negocios aparentemente frío y distante. Si bien Kuea desea explorar una vida feliz y romántica junto con Lian, el sentimiento no es mutuo, al menos, no al principio.	/o7qNQJJBRHvd3ZDheQFrkt9SRdk.jpg
52	14313	EN	Only for Love	Zheng Shu Yi, a reporter who excels at her job and is determined to land a front-page story, has tried very hard to earn an exclusive interview with top financial executive Shi Yan. Their love story then blossoms due to a mistake. Zheng Shu Yi has written numerous reports through her in-depth research of various industries while Shi Yan is constantly looking for socially responsible start-ups to invest in as he hopes to give back to society as much as he can. Shi Yan finds that Zheng Shu Yi's opinions conveyed through her reports coincide with his own, so he agrees to let her write a series of reports on their company. The two eventually open up new opportunities in their career and also find love.	/aSDZcX0FIJJRMNiL7n9J39LyK46.jpg
53	14313	ES	Only for Love	Zheng Shu Yi es una reportera muy trabajadora de uno de los periódicos financieros más importantes de China. Está decidida a conseguir un reportaje de primera plana, así que hace todo lo posible para conseguir una entrevista con uno de los jóvenes directores ejecutivos de los que más se habla en el país: Shi Yan. Por su parte, el empresario busca realizar una serie de inversiones en empresas emergentes prometedoras como una forma de retribución a la comunidad. Se produce una confusión entre los dos, y sus caminos vuelven a cruzarse. Pero, a medida que (sin querer) se van conociendo, comienzan a darse cuenta de que sus destinos pueden estar entrelazados.	/t5P4tXxvPt2K8sVUBU0Flzg3IDV.jpg
54	14314	EN	Where Stars Land	This series follows people who work diligently at Incheon International Airport. Lee Soo Yeon graduated from prestigious KAIST. He begins work at Incheon International Airport and gives himself a goal of six months to get used to working there. Lee Soo-Yeon is a mysterious man who keeps people at a distance. There, he meets Han Yeo Reum. She is a new employee in the passenger service team. She wants to be a perfectionist, but her reality is a little different. She makes a lot of mistakes.	/4TEIkad4Nj1ZY5elC1sett6JAeK.jpg
55	14314	ES	Donde Las Estrellas Aterrizan	¿Es posible hacer bien tu trabajo cuando sabes que no es exactamente el empleo de tus sueños? Lee Soo Yeon (Lee Je Hoon) soñaba con convertirse en piloto, pero sus problemas de visión truncaron ese sueño. Él entra a trabajar en el Aeropuerto Internacional de Incheon en el departamento de planificación general, pero guarda un secreto que lo mantiene alejado de sus compañeros. Han Yeo Reum (Chae Soo Bin) es un nueva y jovial agente del departamento de servicios a los pasajeros del aeropuerto que está ansiosa por dar lo mejor de sí. Sin embargo, su naturaleza torpe la convierte en una amenaza para los pasajeros y sí misma. ¿Podrá Soo Yeon resolver los problemas que Yeo Reum provoca en el trabajo?	/41FWCx5W0sVR4fh0WWTMyn510GH.jpg
56	14316	EN	Mystery Music Show: King of Mask Singer	Competitors are given elaborate masks to wear in order to conceal their identity, thus removing factors such as popularity, career and age that could lead to prejudiced voting. In the first round, a pair of competitors sing the same song, while in the second and third rounds they each sing a solo song. After the First Generation, the winner of the Third Round goes on to challenge the Mask King, and is either eliminated or replaces the previous Mask King through live voting. The identities of the singers are not revealed unless they have been eliminated.	/vlnAfmirzYx1TSxXuaPhHjkPPmK.jpg
57	14316	ES	Show de Música Misteriosa: King of Mask Singer	A los competidores se les dan máscaras elaboradas para que las usen a fin de ocultar su identidad, eliminando así factores como la popularidad, la carrera y la edad que podrían llevar a votaciones con prejuicios. En la primera ronda, un par de competidores cantan la misma canción, mientras que en la segunda y tercera rondas cada uno canta una canción en solitario. Después de la Primera Generación, el ganador de la Tercera Ronda pasa a desafiar al Rey de las Máscaras y es eliminado o reemplaza al Rey de las Máscaras anterior mediante una votación en vivo. Las identidades de los cantantes no se revelan a menos que hayan sido eliminadas.	/tEqL1b5NOhGUJgV62tyb6Q2gQtI.jpg
58	14319	EN	Tell Me That You Love Me	Since he lost his hearing, Cha Jin-woo has gotten used to his solitary life. One day, an aspiring actress Jung Mo-eun, enters his quiet daily routine.	/u8GTmtL8VkulRyq4z6xuQ9x2klw.jpg
59	14321	EN	People's Property	Zhongfu Group, a large state-owned enterprise with a magnificent history of 80 years in Jingzhou, was in trouble during the transition period, and the existing market changed. Factors, there are also serious corruption issues that cannot be ignored. An unexpected explosion exploded the bizarre disappearance of 500 million funds, gradually exposing all kinds of sharp and complicated contradictions. Senior party and government officials, business executives, all walks of life, the underprivileged groups, all kinds of life-like characters.	/7xhskejFoohf9n1dCBukATpnEzu.jpg
60	14322	EN	Snack Scratches	Toko runs a small restaurant named Snack Kizutsuki. Her restaurant serves snacks, but doesn't sell alcohol. She welcomes her customers, who carry wounds in their minds.	/k6reoucwtspHKCkO4mlOuLCxW1J.jpg
61	14323	EN	Perfume	Min Jae-Hee is a middle aged woman. She is a housewife who has devoted her life to her family, but her family gets destroyed. Min Jae-Hee is furious at the world. Through a mysterious perfume, Min Jae-Hee's appearance suddenly changes to a beautiful young woman. She becomes a model with her new youthful appearance. Min Jae-Hee meets Seo Yi-Do. He is a successful fashion designer, but a mean spirited person.	/8GBku6tHpMcUj2NItxkdbdu6w4f.jpg
62	14325	EN	The Story of Park's Marriage Contract	A woman travels from 19th century Joseon to modern-day Seoul, her fate takes a twist with a ‘fake marriage’ with a man who resembles her ex-husband.	/c3IKOXfdRVYN1BH97rWC7U0BI1L.jpg
63	14327	EN	Night Has Come	Trapped in the deadly cursed "Mafia Game," the students of Yoo-il High must play the game to survive, while unraveling the mysteries behind the curse.	/oyA5JnUgrnx4onLWyav4UnUey0t.jpg
64	14328	EN	Fireworks of My Heart	Fire chief Song Yan and emergency doctor Xu Qin were separated by family opposition when they were younger. Now ten years later, they meet again due to their professions. After experiencing life and death together, they manage to find their way back, working together and encouraging each other. They acknowledge each other's individual growth after years apart, but will they be able to overcome the obstacles in their path this time to stay together?	/ecF1kGP2tlCpoWXVsaeYP3W6dZb.jpg
65	14328	ES	Fireworks of My Heart	El jefe de bomberos Song Yan y el médico de urgencias Xu Qin fueron separados por oposición familiar cuando eran más jóvenes. Ahora, diez años después, se reencuentran debido a sus profesiones. Después de experimentar juntos la vida y la muerte, logran encontrar el camino de regreso, trabajando juntos y alentándose mutuamente. Reconocen el crecimiento individual del otro después de años separados, pero ¿serán capaces de superar los obstáculos en su camino esta vez para permanecer juntos?	/7eWgQuzsbgwUCKbwOWchLIf54XQ.jpg
66	14329	ES	Aquí todo empieza	Aquí empieza todo nos traslada hasta el prestigioso instituto gastronómico Auguste Armand, en la Camarga francesa. Allí, los alumnos del instituto, los profesores y el personal deberán hacer frente a la dura competencia de la escuela, los problemas, vidas y relaciones de cada uno.	/60cqjI590JKXCAABqCStVmSBGET.jpg
67	14331	EN	Tomorrow is Ours	The story revolves around the people of Sète, France. Their lives are punctuated by family rivalries, romance and scenes from daily life, but also by plots involving police investigations, secrets and betrayals.	/3uU5uJzOX7xe7mn7YKpBM9oiEZO.jpg
68	14332	EN	Moon in the Day	A top star gets into an accident and wakes up in the body of a person in the past.	/mb6h5XVHbhhplAjtJu1RFFFXjrb.jpg
69	14332	ES	Luna en el día	Han Joon Oh es una destacada celebridad surcoreana. Es increíblemente guapo y alto, pero en secreto lo acosa un complejo de inferioridad que lo deja permanentemente inseguro. Un día lo contratan para aparecer en un vídeo de servicio público. Pero el rodaje sale terriblemente mal y Han Joon Oh se ve involucrado en una colisión automovilística potencialmente fatal. Sólo lo salva la rapidez de pensamiento de una bombero llamada Kang Young Hwa, quien lleva a cabo un heroico rescate.	/ve3BVNLuhpF2Es4q0vKCwwdVd2k.jpg
70	14333	EN	Durian's Affair	Two women from a noble family in Joseon Dynasty get to time-travel and meet some men living in 2023. An eclipse happens when the two women mysteriously show up at the grand party in the Dan family's vacation home. The two women's appearance leads the Dans into a strange yet beautiful story transcending time and space. Du Ri-an and So-jeo are pure and elegant women from Joseon, and they're mother-in-law and daughter-in-law. Their story develops as they get to meet Baek Do-yi and rich men from the Dans. How will this unique time-traveling story unfold?	/4vMrWUBH7bZiQfYgWTWecrQpKQ6.jpg
71	14334	EN	Soundtrack #2	Music-loving Hyeon-seo and Su-ho met as vocalist and keyboardist in a college band, fell in love, and spent time together almost every day for six years.	/kMDzM6CAHAxvp1CqNTIwPCFKkHX.jpg
72	14334	ES	사운드트랙 #2	Suho y Hyeonseo, que estuvieron saliendo seis años, se vuelven a ver, pero ahora él es rico y ella es profesora de piano. K trabaja con Suho en un proyecto e invita a Hyeonseo a que colabore. Suho y Hyeonseo se embarcan en un viaje romántico lleno de altibajos. ¿Se va a repetir la historia?	/vja94SxTvbsd8K1c6c9OMxXczlW.jpg
73	14339	EN	Coin Digger	The story of a news generation with a goal – to take down capitalism and have revenge. In this pursuit, the boundaries of ethics and morality will be stretched. It’s a story of the power of an underdog, but also the dangers of seeking powerful revenge.	/hzdYHAh62p6kM66uYov4M32FOIK.jpg
74	14353	EN	The Night Shift	The stories of the men and women who work the overnight shift at San Antonio Memorial Hospital. They are an irreverent and special breed, particularly adrenaline junkie T.C. Callahan.	/qSfjudewdGEHAva8LvlbyH0ydof.jpg
75	14353	ES	Turno de noche	Un grupo de médicos del ejército vuelve a trabajar en el turno de noche en un hospital de San Antonio, Texas.	/lFHBCAK6387rXL73XdV2FLdT8cF.jpg
76	14361	EN	The History of Sweden	The great story of our country. About the people and forces that shaped it - from the Ice Age to the present day. Simon J Berger is the narrator of the series. The program series consists of ten parts and is based on reconstructions of historical events and people. Over 300 experts have contributed to the content and 100 of them appear in the series. The series' signature melody is composed by Ludwig Göransson and Per-Gunnar Juliusson.	/NRq4fe6RDG1HPJzhIWWUgx4tRj.jpg
77	14369	EN	Long Strange Trip	The long and unique tale of The Grateful Dead.The tale of the Grateful Dead is inspiring, complicated, and downright messy. A tribe of contrarians, they made art out of open-ended chaos and inadvertently achieved success on their own terms. Never-before-seen footage and interviews offer this unprecedented and unvarnished look at the life of the Dead.	/agwvFwYICSXshc3uRLO9PIQX5UI.jpg
78	14373	EN	Disney's Adventures of the Gummi Bears	Join the world’s sweetest heroes for high adventure in a mystical land of giants and wizards, ogres and dragons, and wondrous creatures both good and evil. Meet Gruffi, Zummi, Cubbi, Grammi, Tummi, Sunni, and all the legendary Gummis as they laugh, play, foil dastardly plots, and fight for what's right.	/mqbX2l5Te3yMdAjDxvs5kRk0bhN.jpg
79	14373	ES	Las aventuras de los osos Gummi	Los osos gummi son seres casi mágicos que viven en un gran árbol cerca de un reino fantástico, vivirán toda clase de aventuras con sus amigos humanos el joven aprendiz para caballero Cavin y la princesa Cala, también tendrán que enfrentarse al malvado duque Ightorn y la bruja Lady Bane.	/6bVHyql7fIA6DA7BTKw9sw4tSIx.jpg
80	14380	EN	The Flintstones	The misadventures of two modern-day Stone Age families, the Flintstones and the Rubbles.	/30P6ifagQ3fguTsI33KMmDLTAx6.jpg
81	14380	ES	Los Picapiedra	Fue emitida por primera vez en la cadena estadounidense ABC el 30 de septiembre de 1960. Consta de 166 episodios. La acción tiene lugar en la Edad de Piedra,en un pueblo llamado Piedradura ("Bedrock"), pero presenta una sociedad idéntica a la americana de mediados del siglo pasado. En un mundo fantástico los dinosaurios, los tigres dientes de sable, los mamuts y otros animales hoy extintos coexistían con los hombres. La tecnología es similar a la del siglo XX, pero son animales los que sustituyen a los aparatos eléctricos. Los personajes conducen automóviles formados por troncos de madera (troncomóviles), ruedas de piedra, en los que el motor era sustituido por el empuje de los pies de sus ocupantes. Las vestimentas eran de piel animal.	/aLAGnSe7XCTTIXHlsbkTbtLEjG3.jpg
82	14388	EN	Abot-Kamay Na Pangarap	Analyn is a genius who was born poor and raised by her illiterate and sickly mother. She graduates from high school at the age of 12 and dreams of becoming a doctor in order to help the less privileged. She graduates from med school at 19 years old and becomes the youngest surgical resident in a large hospital. Despite her achievements, she has to deal with bullying and competition from her fellow doctors, who are threatened by her age and intelligence. She soon finds herself in an emotional crisis which forces her to leave her profession indefinitely. She returns to the hospital when she learns that she is the only doctor skilled enough to save her father from a rare brain disease.	/8ygPwBfmY4mhhhVZ4lvjh3GgRmd.jpg
83	14389	EN	2 Stupid Dogs	The lives of two dogs, the overly excited Little Dog (the dachshund) and easy-paced Big Dog (the sheepdog). These crazy canines don't know how to fit in the world, and they definitely don't have any know-how. No matter the situation, their stupidity usually leads them to calamitous results.	/3Lyc5VqhTqq76vmKUn1an8rlnP7.jpg
84	14389	ES	Dos perros tontos	La serie muestra las desventuras de dos perros, uno pequeño y otro grande los cuales no son nada inteligentes, además en algunos episodios los perros interactúan con sus dueños humanos, la serie incluye un segmento del inspector Ardilla.	/3Lyc5VqhTqq76vmKUn1an8rlnP7.jpg
85	14390	EN	What will you do, Ieyasu?	The drama series depicts the life of Tokugawa Ieyasu (January 31, 1543 – June 1, 1616).\n\nTakechiyo (who later becomes Tokugawa Ieyasu) was born as the son of a poor and powerless daimyo. Takechiyo lost his father during a war. He grew up lonely and away from his mother. Takechiyo didn't have a clue about what his future would hold. He then has a dramatic meeting with the young Oda Nobunaga.	/yIA6KveOCGwacod51XfMUoNGBMR.jpg
86	14391	EN	Faith	After being found in 918, the kingdom of Goryeo faced a critical existential crisis when the powerful Yuan dynasty tried to subjugate them. In the fictional setting of this drama, a warrior living in the timeline of Goryeo meets a plastic surgeon living in the present day. The plastic surgeon gets kidnapped by the warrior who got an order from the king to find a doctor who can cure the fatally injured queen. The two individuals who were not meant to coexist are brought together to fight their way through the ordeals on the land of Goryeo. The warrior makes a promise that he will return her to her world, but a scheming royal advisor persuades the king to force the surgeon to stay as she can be useful to him. There, the surgeon falls in love with the warrior who is the leader of the royal guard. In this era of change and chaos, love that transcends time and space blooms.	/1nxxnVUdcoLcijdMNdcYwk4T5cX.jpg
87	14391	ES	La Gran Doctora	El romance entre un guerrero de la antigüedad (Choi Young) y una doctora  (Yoo Eun Soo) de los tiempos modernos, así como el proceso de hacer un  rey verdadero. Yoo Eun Soo es una cirujana plástica de 33 años en el año  2012. Originalmente fue una cirujana general, pero pronto descubrió que  era un trabajo excesivo, con bajo salario para la profesión y abandonó  el barco de la cirugía general. Su sueño es abrir algún día su propio  consultorio. Pero un día, Choi Young la secuestra y la lleva de vuelta a  la Era de Goryeo, porque necesitan sus habilidades médicas. Este drama  muestra el amor entre un guerrero a partir del período Goryeo y una  doctora en el día de hoy, su amor trasciende el tiempo y el espacio. Su  historia de amor se extiende por siglos, también las creencias en  conflicto. ¿Logrará el amor de Choi young y Yoo Eun Soo traspasar la  barrera del tiempo?	/7OpDNXpe3AYoJXHp3FosYPLbFVD.jpg
88	14393	EN	The Lava Field	When Reykjavik crime detective Helgi Marvin Runarsson is called in to investigate a suicide case on Snaefellsnes Peninsula, the case turns out to be far from simple. Pulled into a sinister trail of evidence, Helgi's own deeply hidden secrets are unearthed. Will Helgi turn a blind eye to murder in order to save the life of his daughter.	/4kay5i8SUb8rtvQ69jNnV0Lltpz.jpg
89	14393	ES	The Cliff: Depth of Darkness - Hraunið	Cuando el detective de Reykjavik, Helgi Marvin Runarsson, es llamado para investigar un caso de suicidio en la Península Snaefellsnes, no se imagina que vaya a ser un caso tan difícil. Atrapado en un siniestro rastro de pruebas, Helgi verá como sus propios secretos son desenterrados.	/yvdJKazAztxkujfhPHkESBvMMaX.jpg
90	14394	EN	First Love of a Royal Prince	First Love of a Royal Prince is a 2004 South Korean television series starring Sung Yu-ri, Cha Tae-hyun, Kim Nam-jin and Jin Jae-young. It aired on MBC from June 23 to August 26, 2004 on Wednesdays and Thursdays at 21:55 for 18 episodes.	/wJ36hk4eCKKGJvZtapMYgnYk5KZ.jpg
91	14395	EN	Prophets of Science Fiction	The series covers the life and work of leading science fiction authors of the last couple of centuries. It depicts how they predicted and, accordingly, influenced the development of scientific advancements by inspiring many readers to assist in transforming those futuristic visions into everyday reality.	/9yDOU1JryREO7xzWVERcRfRIrU1.jpg
92	14397	EN	Big Al	Two part documentary re-creating the life of Big Al, an Allosaurus from the Jurassic.	/d370nonGylDMR31eFRmjVlE8F8o.jpg
93	14398	EN	100 Days My Prince	Lee Yool falls off a cliff and nearly dies in an attempted assassination. He loses his memory, and wanders for 100 days under a new name and personality. During this period, he meets Hong Sim, head of the first detective agency in Joseon.	/5GoF6fZGqEycUqgcCNmBCN3OdWM.jpg
94	14398	ES	Mi príncipe en 100 días	Lee Yool es el Príncipe Heredero, pero de repente desaparece. Lee Yool regresa al palacio cien días después, pero, ¿qué pasó con el Príncipe Heredero durante este tiempo?\n\nEl Principe Heredero Lee Yool es egocéntrico y ha decidido ser frio debido a eventos de su pasado, pero un día "desaparece", mientras todos en el palacio lo buscan. Yoon Yi Seo era la hija de un noble erudito, pero cayó en desgracia debido a fuerzas políticas malvadas, ahora es conocida como Hong Shim. Ella se ve obligada a crear una agencia 'Solucionadora de Problemas' para pagar una deuda generada por su nuevo esposo.	/tUoXjOSb7j269xVF4xeZPqoZl7n.jpg
95	14764	EN	Blood Coast	As a vicious drug dealer tries to overtake Marseille, a rogue police captain and his daredevil team welcome a new recruit with an agenda of her own.	/pKvpiFL4pxrixwpHg77s9oQqfNl.jpg
96	14765	ES	Robotech II: The Sentinels	Los integrantes de la REF (Fuerza Expedicionarias Robotech) han aprendido la lección y no quieren que su amado planeta sea destruido nuevamente. Es por ello que se desarrolla la nueva fortaleza espacial que cumplirá la misión de librar la batalla lejos de La Tierra: El SDF-3. Al mando de Rick Hunter la nueva nave emprende el largo viaje a Tirol, luna gigante del planeta Fantoma, con la misión de hallar la base enemiga y librar la batalla definitiva.	/pd7vx8wSSI3VMabDsoYfZiQOPVa.jpg
97	14766	EN	História de Amor	Helena is a sweet, honest, sensitive and a warrior woman who faces the premature pregnancy of her daughter Joyce, who in turn is abandoned by her boyfriend, the irresponsible Caio. The biggest problem is the girl's father, Assunção, Helena's ex-husband, who does not accept the situation. Lonely and alone, Helena awakens a passion for the endocrinologist Carlos Alberto, and has her feelings matched. But Carlos is committed to the possessive Paula. The girl's parents, Zuleika and Rômulo, anxiously await their daughter's wedding with Carlos, who will save the family from financial decay. But Carlos is the type of man that women don't really forget. Even married to Paula and in love with Helena, he is still harassed by ex-wife Sheyla, who is not satisfied with having lost him and dreams of a rapprochement.	/cUXrrT235FsGjOkj1E71OUmiKUp.jpg
98	14767	EN	Murders on the Belfry	The mystery of this most divine comedy will begin to unravel with little evidence, many suspects and countless hilarious situations.	/gPVLfL1BUNEZigZopywTLRLmuHz.jpg
99	14768	EN	Rebecca	Based on the Gothic romance novel by Daphne Du Maurier, Rebecca is a classic tale of love and hate. Maxim De Winter marries a woman half his age only a year after his first wife, the beautiful and accomplished Rebecca, dies. She finds herself in an aristocratic social world her middle class upbringing did not prepare her for, and housekeeper Mrs Danvers despises her for taking her darling Rebecca's place. But these are not the only problems to face...	/m3XQPJRzWAMIx5Mffpkee05RHRG.jpg
100	14768	ES	Rebecca	Rebecca muestra la clásica historia de amor y odio. Maxim de Winter se casa con una joven con la mitad de edad que él solo un año después de que su primera esposa, la hermosa Rebecca, muera. (FILMAFFINITY)	/m3XQPJRzWAMIx5Mffpkee05RHRG.jpg
101	14771	EN	University Challenge	Academic quiz show where teams of students from UK universities answer questions on all manner of subjects.	/yDLoEEFW3D6XSyT8UynTghc1Dyw.jpg
102	14773	EN	Absolute Zero	Suansoon and Ongsa are in a relationship, but an accident occurred when Ongsa rushed to celebrate Suansoon's birthday and also their anniversary. Wracked with guilt, Suansoon wishes to go back in time to prevent their relationship. Unexpectedly, he finds himself in the past, warning a younger Ongsa about their future, but Ongsa doesn't believe him and still pursues Suansoon. A decade later, an older Ongsa returns to convince his younger self not to avoid the accident, as Suansoon's life depends on it. Ongsa allows the accident to happen. Transported back to the past, he decides not to approach Suansoon this time, determined to change their fate.	/ovA8I4PdCz41ksgyUZcP8bcCcQn.jpg
103	14773	ES	องศาสูญ	Suan Soon y Ong Saa son novios. Pero Ong Saa tiene un grave accidente mientras regresaba apresuradamente para celebrar el cumpleaños de Suan Soon con él. Suan Soon se culpa a sí mismo y reza para poder volver al pasado y evitar todo no acercándose a Ong Saa.\n\nSuan Soon logra volver al pasado y advierte a Ong Saa (en edad de escuela secundaria) sobre el futuro, pero este no le cree y se acerca a Suan Soon de todos modos, por lo que vuelven a hacerse novios.\n\nDiez años después, un día antes del accidente, un Ong Saa del futuro regresa para decirle a su yo más joven que no evite el accidente, porque si lo hace Suan Soon es quien morirá. Así que Ong Saa deja que el accidente acurra.\n\nOng Saa se despierta nuevamente en el pasado donde conoció a Suan Soon por primera vez. Esta vez es Ong Saa quien decide cambiar el futuro y no acercarse a Suan Soon.	/7aTO7Tk6ZXIgvejRB92qtzNenSD.jpg
104	14774	EN	Richard Osman's House of Games	Each week a group of four famous faces go toe to toe in testing their general knowledge skills in a variety of entertaining games.	/g1D2iBtf39IdPGBNB6Nsy6oJRXr.jpg
105	14775	EN	A Woman of Substance	The life of Emma Harte, from kitchen maid at the beginning of the twentieth century, to respected business woman and grandmother in the 1980s. From humble beginnings, Emma Harte starts her business with a small shop, but over the next twenty years, she expands her stores and invests in the growing textile industry in Leeds.	/7qFzqg0Q8JhuUcVzeqob4VtBVCu.jpg
106	14775	ES	Toda una mujer	Narra la vida de Emma Harte, de ayudante de cocina en el comienzo del siglo XX, a respetada mujer de negocios y abuela en los años 1980. Desde sus humildes inicios, Emma Harte inicia su negocio con una tienda pequeña, pero en los siguientes veinte años expande sus tiendas e invierte en la creciente industria textil en Leeds. En la época de la Segunda Guerra Mundial, Emma es la cabeza de un importante imperio de fabricación minorista, pero ella ha luchado toda su vida para encontrar el amor. Después de una hija ilegítima y dos matrimonios, finalmente encuentra el amor de su vida, Paul McGill, pero su relación se trunca por un trágico accidente, dejando a Emma con su hija. En la década de 1980, Emma se enfrenta a una de sus más grandes pruebas: sus niños tratan de echarla de su compañía, pero Emma está muy lejos de ser la mujer senil que ellos creen, y está decidida a detenerlos a toda costa.	/7qFzqg0Q8JhuUcVzeqob4VtBVCu.jpg
107	14782	EN	Sins	Sins is a 1986 CBS television miniseries starring Joan Collins. An adaptation of the 1982 novel of the same name by Judith Gould, it is the story of a woman who survives the horrors of the Nazi occupation of France and suffers a succession of challenges as she rises in the world of fashion.\n\nProduced by New World Television, Collins also served as executive producer with her then-husband Peter Holm, and the mini-series contained 85 costume changes for her role. Carly Simon co-wrote and performed the theme song, "It's Hard to be Tender."	/s2FV3blE4EA0BS5i7ljSQmOi5K3.jpg
108	14783	EN	Earth from Space	Cameras in space tell stories of life on our planet from a brand new perspective, revealing new discoveries, incredible colours and patterns, and just how fast it is changing.	/uT2fVELSOzetqLrVYWv6uIeIPVT.jpg
109	14783	ES	El espectáculo de la Tierra	La última tecnología nos ayuda a descubrir la vida en la Tierra desde una nueva perspectiva. Hoy en día hay satélites que capturan espectáculos naturales a una escala épica y están tan avanzados que pueden incluso rastrear animales y personas.	/uT2fVELSOzetqLrVYWv6uIeIPVT.jpg
110	14784	EN	The Queen of NEWS	This drama “The Queen of NEWS” is about the highly-watched 6:30 PM news report is the battleground for news anchors. In the news department, seasoned anchors Man Wai-sum and Leung Ging-yan split into two factions, each vying for the top spot. Wen causes quite a stir and eventually climbs the corporate ladder. The vacancy for the prime-time female anchor sparks a series of storms!	/yizuNTQG2MCjJfOZwCj4vbtblPO.jpg
111	14785	EN	Schnee	When the snow is gone old secrets see the light of day.	/hlPPVwiPVh5vGsBKeBW7HcYl22d.jpg
112	14786	EN	Blankety Blank	Bradley Walsh presents the triumphant return of Britain's blank-iest game show. Can he control his celebrity panel and help contestants win the coveted cheque book and pen?	/pv76mJpZfrmSJQhXw2lGxKHEYxV.jpg
113	14788	EN	Michael McIntyre's The Wheel	Michael McIntyre hosts a gameshow packed with huge stars, big laughs and a giant spinning wheel. Can the contestants, guided by celebrity experts, answer their way to a fortune?	/ezMw1VmX5GJmoBpryecToqk0qm.jpg
114	14789	EN	Cinderella and Four Knights	Catching the eye of a wealthy gentleman, spunky Ha-won gets hired to live with his three immature grandsons so she can whip them into shape.	/jgE63Z609gr10IoFu4pe4OdliBr.jpg
115	14789	ES	Cenicienta y los Cuatro Caballeros (Cinderella and Four Knights)	Un drama sobre una estudiante de secundaria que está apunto de graduarse y quiere lograr entrar a la Universidad para ser una maestra como su mamá tanto anhelaba, ella murió en un accidente de coche y ahora vive con su madrastra y hermanastra que le hacen la vida imposible, lo cual hace que ella se haga valer por sí misma, su padre trabaja y solo se ven cada dos meses. Un día ayuda a un señor millonario y él ofrece da un trabajo en Sky House donde viven sus 3 nietos y el chofer.	/62kxgQGr8X8vgNAUKXrrZ4GkXcP.jpg
116	14790	EN	The Devil Judge	The court system is corrupted and old-fashioned. People desire a new system that can satisfy the crowds. However, are the crowds always correct? The drama shows how judges discover the truth about people in court. It centers around a chief judge who doesn’t believe in justice, but only makes judgements that the crowds will be satisfied with. An assistant judge starts to question his motives and tries to find the truth.	/41wc4n7juC0A4XNROYTDvlndi0E.jpg
117	14790	ES	El juez diabólico	Durante una época de caos, el sistema de justicia es anticuado y corrupto, por lo que el juez principal Kang Yo-han convierte la corte en algo así como un reality show y se comienzan a transmitir los juicios para obtener participacion ciudadana.  Kang Yo-han, no cree en la justicia y castiga a las personas malvadas sin piedad, por lo que el juez asistente Kim Ga-on comienza a cuestionar sus motivos.	/eXPzOEkQInkqaNIH6fti5tjRr4u.jpg
118	14791	EN	Hero Seorang Cinderella	Hero Seorang Cinderella tells a story of a woman by the name of Nura Medina. Living with her cunning and malicious stepmother, Puan Sri Mawar, and her stepsister, Puteri, a vile and hateful yet gullible person, Medina has to endure endless verbal abuse and unjust treatment. Things took a turn in her life when she meets Tengku Ian, a charming, cheeky, and helpful young man, whose background and life is a mystery to her. Despite being someone who is careful with her emotions, Medina finds herself attracted to Tengku Ian without her fully realizing it.	/uzMsJtO9ablySAt3xMIQEg67bWl.jpg
119	14792	EN	The Story of Cinderella	Cinderella is the daughter of a wealthy duke who has remarried to provide her with a mother and sisters. When the Duke travels abroad, Cinderella discovers that her new family is anything but a family. With spoiled stepsisters and a harsh stepmother, Cindrella is forced to cook, clean and manage the household. Yet she remains cheerful, gentle and kind to her family, to her animal friends and to a mysterious boy, named Charles, who seems to have a connection with the prince of Emerald Castle. A whole new story on a classic fairytale.\n\nWhen Cinderella's cruel stepmother prevents her from attending the Royal Ball, she gets some unexpected help from the lovable mice Gus and Jaq, and from her Fairy Godmother.	/khL133nlQggN5bSyYJPFgdi3Md6.jpg
120	14793	EN	Land of Desire	When her husband is killed in a land grabbing attempt, Aline takes charge of cultivating his land and protecting his family. Facing the powerful Antonio La Selva, responsible for the death of her husband and the largest landowner in the region, Aline is determined to keep possession of her land and invest in its production. However, she didn't expect that she would fall in love with Daniel, son of her rival, who is at odds with his rebellious half-brother, Caio, who, in turn, also falls in love with the girl. In the interior of Brazil, Aline will have to fight two battles: the dispute for her lands and for her heart.	/33HrrOZQKRp7W3dNXPmKB0udA2m.jpg
121	14794	EN	Cinderella's Stepsister	A modern day adaptation of Cinderella with a twist as our Cinderella, Goo Hyo Sun, is loved by everyone whereas her stepsister, Eun Jo, has a dark past and struggles with the fact that her mother starts to care more for Hyo Sun than her.	/bDN7frh31IpcePWiqNxevlF2G3B.jpg
122	14794	ES	La hermana de la Cenicienta	Moderna adaptación de cenicienta con un toque de la tradicional... La  adolescente Eun Jo va de lugar en lugar siguiendo a su madre, Kang  Sook, que cambia de un hombre a otro. Hasta que un día por un  malentendido Hyo Sun, una niña consentida de buen corazón, cuya madre  murió cuando ella tenia 6 años, e hija de Dae Sung, dueño de una  productora de vino, se encapricha con Kang Sook consiguiendo que esta se  convierta en su nueva madre.  Eun Jo debe mudarse a la lujosa casa de Hyo Sun y convertirse en  la hermana de la consentida cenicienta, pero la idea no la hace feliz,  pues considera que se trata de otra de las aventuras temporales de su  madre y espera el momento cuando termine. El continuo maltrato de los  hombres de su madre han convertido a Eun Jo en una chica pesimista y  fría, que no cree en la gente y trata a todos con indiferencia. Pero en  la nueva casa Eun Jo conocerá a  Ki Hoon, un empleado que comparte con  ella el haber tenido una infancia difícil y se convertirá en su interés  romántico. Además, Ki Hoon es el hombre que ama la pequeña Hyo Sun.  ¿Qué sucederá con estás dos hermanas?	/bDN7frh31IpcePWiqNxevlF2G3B.jpg
123	14795	EN	Kiss Him, Not Me	Kae Serinuma is a second year high school student and an avid fujoshi who secretly ships her classmates, Igarashi and Nanashima. The death of her favorite anime character causes her to become stressed and lose weight rapidly. Now that Serinuma has become an attractive girl to her classmates, snarky junior Shinomiya and senior Mutsumi, how is she going to deal with them with her constant BL-filled fujoshi mind?	/aFjVWEAK2CZVGqUCFZjktqErWbh.jpg
124	14795	ES	Watashi ga Motete Dousunda	Kae Serinuma es una joven con sobrepeso que cursa su segundo año de preparatoria y secretamente es una fujoshi, quien tiene el hábito de emparejar en una relación romántica cada vez que ve a dos chicos llevándose bien. La muerte de su personaje de anime favorito hace que se estrese y pierda peso rápidamente, por lo que ahora se ha convertido en una chica atractiva para sus compañeros de clases, cuatro de los cuales la invitan a salir. Sin embargo, Kae no está interesada en citas, y en su lugar, preferiría verlos salir entre ellos.	/3GPjnbeDjwKYIs2DYZIpSWWllOg.jpg
125	14797	EN	Quiz Me Quick	The story of five underdogs, meeting by chance during a quiz in a local pub. They get the idea of taking part in the "Superprestige", the most important quiz. The selection procedure turns out to be difficult, requiring more than just knowledge. There's even more at stake than the five had in mind. "Quiz Me Quick" follows their successes as well as their failures	/cON3HANh5cWRqgbJ1IDPBkl0bdW.jpg
126	14797	ES	Pruébame Rápido	La historia de cinco desamparados, que se conocieron por casualidad durante un concurso en un bar local. Tienen la idea de participar en el "Superprestige", el concurso más importante. El procedimiento de selección resulta complicado, requiriendo algo más que conocimientos. Hay aún más en juego de lo que los cinco tenían en mente. "Pruébame Rápido" sigue sus éxitos y fracasos.	/cON3HANh5cWRqgbJ1IDPBkl0bdW.jpg
127	14798	EN	Rule the World	It tells the story of a woman who travels 400 years into the body of Dong Ge, the most beautiful woman in the land, yet she is born with a curse that can make or break a nation. Can a woman from the modern times learn to adapt to a new life and a new romance? Can she escape what's been written in history?	/uu2Bzx4tHegEKe7ch3lpQ8Z6IQ.jpg
128	14799	EN	The Legend of Dugu	“He who has Dugu, has the world”.\n\nDaughters of a court official, Dugu Banruo, Dugu Mantuo, and Dugu Jialou were always destined for greatness. Blessed with beauty, intelligence, and connections, the Dugu sisters grew up knowing they were the subjects of a prophecy that could someday tear them apart. Determined to remain loyal to each other, they vowed to always put their relationship first. But time has a way of changing things, and vows are easily broken.	/f7nY7hF3vIoUhXs3kWx5xDuv01U.jpg
129	14800	EN	Africa	Africa, the world's wildest continent. David Attenborough takes us on an awe-inspiring journey through one of the most diverse places in the world. We visit deserts, savannas, and jungles and meet up with some of Africa's amazing wildlife.	/emrvQId86K5dXKRSnFGNQAH3XAO.jpg
130	14800	ES	África	Cara a cara con lo desconocido. El continente más salvaje del mundo. David Attenborough nos lleva a un impresionante viaje a través del vasto y diverso continente de África, de un modo como nunca antes se ha visto. 	/emrvQId86K5dXKRSnFGNQAH3XAO.jpg
131	14764	ES	La paz de Marsella	Mientras un brutal traficante de drogas intenta apoderarse de Marsella, un capitán de policía y su equipo dan la bienvenida a una recién llegada con intenciones ocultas.	/2Y49A4DRuTOE0GeVfo9VGNZEZbm.jpg
132	14765	EN	Robotech II: The Sentinels	As the Robotech Expeditionary Force prepares to confront the Robotech Masters at their home planet, the Invid are already ravaging it.	/pd7vx8wSSI3VMabDsoYfZiQOPVa.jpg
133	15047	EN	Tony The Robot	One hour dramedy that centers around Tony, an industrious young man with bionic limbs who sets out to do the impossible: restore justice in his hometown and simultaneously win the heart of Masha, an aspiring singer and the town’s most beautiful girl.	/3mHI8eFlvNmPm0tLOqFxCRm8C1s.jpg
134	15049	EN	Shuler	USSR, Odesa, 1980s... Young Kostik wants to escape USSR so he tries to get money for that in a very adventurous way...	/egroEF0izNepmmWROcffFJnDw9H.jpg
135	15050	EN	The Heirs	After a chance encounter in LA, two teens from different social backgrounds reunite at an exclusive high school attended by Korea's über rich.	/n4RX9QVXjHbMB31TDWqqRLjshgu.jpg
136	15050	ES	Los Herederos	El drama sigue a un grupo de estudiantes de secundaria, de una élite  privilegiada, ya que están preparados para hacerse cargo de los imperios  empresariales de sus familias. Estos estudiantes ricos parecen tener  todo bajo control, salvo sus vidas amorosas. Kim Tan es el heredero de  Grupo Jeguk, enviado a estudiar en el extranjero. En realidad es una  forma de exilio, ya que su medio hermano mayor Kim Won planea tomar el  negocio familiar. Mientras tanto en Estados Unidos, Kim Tan se encuentra  con Cha Eun Sang,una chica de clase baja, quien llegó de Corea en busca  de su hermana mayor. En cuanto Kim Tan la conoce se siente atraído por  ella, sin darse cuenta de que es la hija del ama de llaves de su  familia. Cuando estaba comprometido por cuestiones de negocios con  Rachel Yoo se da cuenta de que el se siente atraído por Chan Eun Sang,  su corazón se debate entre el amor y el deber. Mientras tanto el  hermanastro de Rachel Yoo, Choi Young Do, heredero del imperio hotelero  Zeus, trata de destruir la vida escolar de Cha Eun Sang para disgustar a  Kim Tan pero sin darse cuenta se empieza a enamorar de ella. Aún así,  ¿La heredera de la pobreza, Eun Sang, podrá dejar de lado su problema  social y triunfar en la vida(escolar y social)?, ¿Podrá el heredero  ilegítimo, Kim Tan, quedarse con el negocio familiar (Grupo Jeguk) en  vez de su hermano Kim Won?, Y ¿Quién se ganará el corazón de Cha Eun  Sang, Kim Tan o Young Do?	/9WpuYlfCM5hJb2HM2hbqTHNbuCL.jpg
137	15051	EN	Machine Hayabusa	Ken Hayabusa is a racing driver, son of Engineer Hayabusa, designer of the Hayabusa Special racing car and its interchangeable engines. Ken runs for the Sayongi stable aboard the car built by his father and participates in mixed races between rally and endurance. His fiercest rivals are the members of the Black Shadow stable ("black shadow") and above all his owner and "patron", the mysterious Ayab Mobil Dick.	/v89mGp7j2fhFu5ZKROeQq5QnFd3.jpg
138	15052	EN	The Unknown: Legend of Exorcist Zhong Kui	Wen Tian Lu is a Chinese drama that follows a young Zhong Kui as he bands together with his friends to form a three-man team dedicated to catching demons.	/2psMH3xHmJ4mkJoc1A3kMEJVhaU.jpg
139	15053	EN	Disney Presents Goofy in How to Stay at Home	Leave it to Goofy to find the fun in staying home!	/6mquHuSdZhTa0yFivASiswFxau7.jpg
140	15053	ES	Quédate en casa con Goofy	Goofy regresa en un trío de nuevos cortos animados dibujados a mano, ofreciendo ideas y consejos cómicos sobre «cómo quedarse en casa» y dominar las habilidades de llevar mascarilla, aprender a cocinar y ver maratones de televisión.	/3xAgAFbUPy0zUOHW8tfUjCWKbhs.jpg
141	15054	EN	Burning Bush	Based on real characters and events, this haunting drama focuses on the personal sacrifice of a Prague history student, Jan Palach, who set himself on fire in protest against the Soviet occupation of Czechoslovakia in 1969. Dagmar Burešová, a young female lawyer, became part of his legacy by defending Jan's family in a trial against the communist government, a regime which tried to dishonour Palach’s sacrifice, a heroic action for the freedom of Czechoslovakia.	/p2MmFaXEf74UBrLnbe2R9YpVxX4.jpg
142	15054	ES	Burning Bush	Adaptación de la historia real de Jan Palach, un estudiante de Praga que se prendió fuego en señal de protesta contra la ocupación soviética en Checoslovaquia en 1969. Palach es hoy día un absoluto icono de la resistencia.	/ctHySshid26OWP60IstO2PsDNXx.jpg
143	15057	EN	Happiness	A new type of deadly virus spread throughout the city, and the apartment where has different social classes of people is sealed off. With the fear of the virus, and the conflicts of the different classes, the residents have to spend and survive in the new habitation.	/j3Q4Vamcb0p7uoXMkkvIp36oMJe.jpg
144	15057	ES	Happiness	Ubicado en un futuro cercano, un edificio de apartamentos de gran altura se ha construido recientemente en la gran ciudad. El edificio de apartamentos tiene residentes de diversos orígenes, pero estalla una nueva enfermedad infecciosa. Debido al brote, el apartamento de gran altura queda aislado. Los residentes luchan por sobrevivir, mientras se sienten afectados por el miedo y la desconfianza hacia los demás.	/92v8eLjeXxWtlBlM5OOaQtjsWza.jpg
145	15058	EN	Pampalini the Animal Hunter	The Animated Series' main protagonist is Pampalini - a brave but clumsy Animal Hunter who is determined to catch some wild beasts (or not so much). Although he hasn't caught a single one yet he's still trying to do so. Maybe next time...	/5mFg0132LRs2fUjDGsoET5zLmk1.jpg
146	15059	EN	Guilty Flag	Ryōsuke Sagara is an ordinary salaryman and he works for a mid-size shipping company. He is a good-natured person. His family consists of his wife Maho, high school student daughter and elementary school student son. Maho works part-time at a supermarket. They are a happy family, but Maho and their two children suddenly disappear. There are no clues about their disappearance. Ryōsuke gets the attention of the media and public. He tries to find the truth behind his family's disappearance with the help of his subordinate Mizuho Ninomiya at work.	/tz5eQ7Hi9oskiAevI4dmsDFpEfc.jpg
271	14325	ES	The Story of Park's Marriage Contract	En la Corea del siglo XIX, una mujer llamada Park Yeon Woo está lista para vivir felizmente después de casarse con su apuesto esposo. Pero la noche de la boda ocurre un desastre: el novio le cuenta que sufre en secreto una enfermedad cardiaca muy grave y muere poco después. Las cosas van de mal en peor cuando ella es secuestrada y arrojada a un pozo... aparentemente a su perdición.\n\nPero el pozo resulta ser un portal que le permite viajar en el tiempo hasta la época actual, aterrizando en una piscina. Kang Tae Ha, que, al igual que el marido de Park Yeon Woo, padece una enfermedad cardiaca potencialmente mortal, la salva de una muerte en el agua. Kang Tae Ha es el heredero de un poderoso conglomerado, y su acaudalado abuelo tiene un deseo: ver a su nieto casarse antes de morir. Al ver la oportunidad, Kang Tae Ha intenta convencer a Park Yeon Woo para que contraiga matrimonio con él. Pero, ¿aceptará ayudarle esta extraña mujer, con sus valores confucianos del viejo mundo?	/f7GLHoUe9BhxyPfX4vk1bfuUPL2.jpg
\.


--
-- Name: game_details_id_seq; Type: SEQUENCE SET; Schema: game; Owner: postgres
--

SELECT pg_catalog.setval('game.game_details_id_seq', 15020, true);


--
-- Name: movie_details_id_seq; Type: SEQUENCE SET; Schema: movie; Owner: postgres
--

SELECT pg_catalog.setval('movie.movie_details_id_seq', 72982, true);


--
-- Name: recipe_details_id_seq; Type: SEQUENCE SET; Schema: recipe; Owner: postgres
--

SELECT pg_catalog.setval('recipe.recipe_details_id_seq', 29150, true);


--
-- Name: tv_details_id_seq; Type: SEQUENCE SET; Schema: tv; Owner: postgres
--

SELECT pg_catalog.setval('tv.tv_details_id_seq', 6409, true);


--
-- Name: game_details game_details_pkey; Type: CONSTRAINT; Schema: game; Owner: postgres
--

ALTER TABLE ONLY game.game_details
    ADD CONSTRAINT game_details_pkey PRIMARY KEY (id);


--
-- Name: game game_pkey; Type: CONSTRAINT; Schema: game; Owner: postgres
--

ALTER TABLE ONLY game.game
    ADD CONSTRAINT game_pkey PRIMARY KEY (game_id);


--
-- Name: movie_details movie_details_pk; Type: CONSTRAINT; Schema: movie; Owner: postgres
--

ALTER TABLE ONLY movie.movie_details
    ADD CONSTRAINT movie_details_pk PRIMARY KEY (id);


--
-- Name: movie movie_pk; Type: CONSTRAINT; Schema: movie; Owner: postgres
--

ALTER TABLE ONLY movie.movie
    ADD CONSTRAINT movie_pk PRIMARY KEY (movie_id);


--
-- Name: recipe_details recipe_details_pkey; Type: CONSTRAINT; Schema: recipe; Owner: postgres
--

ALTER TABLE ONLY recipe.recipe_details
    ADD CONSTRAINT recipe_details_pkey PRIMARY KEY (id);


--
-- Name: recipe recipe_pkey; Type: CONSTRAINT; Schema: recipe; Owner: postgres
--

ALTER TABLE ONLY recipe.recipe
    ADD CONSTRAINT recipe_pkey PRIMARY KEY (recipe_id);


--
-- Name: tv_details tv_details_pk; Type: CONSTRAINT; Schema: tv; Owner: postgres
--

ALTER TABLE ONLY tv.tv_details
    ADD CONSTRAINT tv_details_pk PRIMARY KEY (id);


--
-- Name: tv tv_pk; Type: CONSTRAINT; Schema: tv; Owner: postgres
--

ALTER TABLE ONLY tv.tv
    ADD CONSTRAINT tv_pk PRIMARY KEY (tv_id);


--
-- Name: idx_detail_language; Type: INDEX; Schema: movie; Owner: postgres
--

CREATE INDEX idx_detail_language ON movie.movie_details USING btree (movie_id, language);


--
-- Name: movie_details movie_details_movie_id_fk; Type: FK CONSTRAINT; Schema: movie; Owner: postgres
--

ALTER TABLE ONLY movie.movie_details
    ADD CONSTRAINT movie_details_movie_id_fk FOREIGN KEY (movie_id) REFERENCES movie.movie(movie_id);


--
-- Name: tv_details tv_details_tv_id_fk; Type: FK CONSTRAINT; Schema: tv; Owner: postgres
--

ALTER TABLE ONLY tv.tv_details
    ADD CONSTRAINT tv_details_tv_id_fk FOREIGN KEY (tv_id) REFERENCES tv.tv(tv_id);


--
-- Name: SCHEMA public; Type: ACL; Schema: -; Owner: pg_database_owner
--

REVOKE USAGE ON SCHEMA public FROM PUBLIC;


--
-- PostgreSQL database dump complete
--

